family,column,group,count_scope,input_fields,formula_or_rule,generation,notes
alpha101,alpha101_001,external_formula,101,"open, high, low, close, volume, vwap, cap, indclass",External WQAlpha1 value merged into the date/ticker panel.,external,Formula implementation is not maintained in this repo; use point-in-time industry and market-cap inputs where required.
alpha101,alpha101_002,external_formula,101,"open, high, low, close, volume, vwap, cap, indclass",External WQAlpha2 value merged into the date/ticker panel.,external,Formula implementation is not maintained in this repo; use point-in-time industry and market-cap inputs where required.
alpha101,alpha101_003,external_formula,101,"open, high, low, close, volume, vwap, cap, indclass",External WQAlpha3 value merged into the date/ticker panel.,external,Formula implementation is not maintained in this repo; use point-in-time industry and market-cap inputs where required.
alpha101,alpha101_004,external_formula,101,"open, high, low, close, volume, vwap, cap, indclass",External WQAlpha4 value merged into the date/ticker panel.,external,Formula implementation is not maintained in this repo; use point-in-time industry and market-cap inputs where required.
alpha101,alpha101_005,external_formula,101,"open, high, low, close, volume, vwap, cap, indclass",External WQAlpha5 value merged into the date/ticker panel.,external,Formula implementation is not maintained in this repo; use point-in-time industry and market-cap inputs where required.
alpha101,alpha101_006,external_formula,101,"open, high, low, close, volume, vwap, cap, indclass",External WQAlpha6 value merged into the date/ticker panel.,external,Formula implementation is not maintained in this repo; use point-in-time industry and market-cap inputs where required.
alpha101,alpha101_007,external_formula,101,"open, high, low, close, volume, vwap, cap, indclass",External WQAlpha7 value merged into the date/ticker panel.,external,Formula implementation is not maintained in this repo; use point-in-time industry and market-cap inputs where required.
alpha101,alpha101_008,external_formula,101,"open, high, low, close, volume, vwap, cap, indclass",External WQAlpha8 value merged into the date/ticker panel.,external,Formula implementation is not maintained in this repo; use point-in-time industry and market-cap inputs where required.
alpha101,alpha101_009,external_formula,101,"open, high, low, close, volume, vwap, cap, indclass",External WQAlpha9 value merged into the date/ticker panel.,external,Formula implementation is not maintained in this repo; use point-in-time industry and market-cap inputs where required.
alpha101,alpha101_010,external_formula,101,"open, high, low, close, volume, vwap, cap, indclass",External WQAlpha10 value merged into the date/ticker panel.,external,Formula implementation is not maintained in this repo; use point-in-time industry and market-cap inputs where required.
alpha101,alpha101_011,external_formula,101,"open, high, low, close, volume, vwap, cap, indclass",External WQAlpha11 value merged into the date/ticker panel.,external,Formula implementation is not maintained in this repo; use point-in-time industry and market-cap inputs where required.
alpha101,alpha101_012,external_formula,101,"open, high, low, close, volume, vwap, cap, indclass",External WQAlpha12 value merged into the date/ticker panel.,external,Formula implementation is not maintained in this repo; use point-in-time industry and market-cap inputs where required.
alpha101,alpha101_013,external_formula,101,"open, high, low, close, volume, vwap, cap, indclass",External WQAlpha13 value merged into the date/ticker panel.,external,Formula implementation is not maintained in this repo; use point-in-time industry and market-cap inputs where required.
alpha101,alpha101_014,external_formula,101,"open, high, low, close, volume, vwap, cap, indclass",External WQAlpha14 value merged into the date/ticker panel.,external,Formula implementation is not maintained in this repo; use point-in-time industry and market-cap inputs where required.
alpha101,alpha101_015,external_formula,101,"open, high, low, close, volume, vwap, cap, indclass",External WQAlpha15 value merged into the date/ticker panel.,external,Formula implementation is not maintained in this repo; use point-in-time industry and market-cap inputs where required.
alpha101,alpha101_016,external_formula,101,"open, high, low, close, volume, vwap, cap, indclass",External WQAlpha16 value merged into the date/ticker panel.,external,Formula implementation is not maintained in this repo; use point-in-time industry and market-cap inputs where required.
alpha101,alpha101_017,external_formula,101,"open, high, low, close, volume, vwap, cap, indclass",External WQAlpha17 value merged into the date/ticker panel.,external,Formula implementation is not maintained in this repo; use point-in-time industry and market-cap inputs where required.
alpha101,alpha101_018,external_formula,101,"open, high, low, close, volume, vwap, cap, indclass",External WQAlpha18 value merged into the date/ticker panel.,external,Formula implementation is not maintained in this repo; use point-in-time industry and market-cap inputs where required.
alpha101,alpha101_019,external_formula,101,"open, high, low, close, volume, vwap, cap, indclass",External WQAlpha19 value merged into the date/ticker panel.,external,Formula implementation is not maintained in this repo; use point-in-time industry and market-cap inputs where required.
alpha101,alpha101_020,external_formula,101,"open, high, low, close, volume, vwap, cap, indclass",External WQAlpha20 value merged into the date/ticker panel.,external,Formula implementation is not maintained in this repo; use point-in-time industry and market-cap inputs where required.
alpha101,alpha101_021,external_formula,101,"open, high, low, close, volume, vwap, cap, indclass",External WQAlpha21 value merged into the date/ticker panel.,external,Formula implementation is not maintained in this repo; use point-in-time industry and market-cap inputs where required.
alpha101,alpha101_022,external_formula,101,"open, high, low, close, volume, vwap, cap, indclass",External WQAlpha22 value merged into the date/ticker panel.,external,Formula implementation is not maintained in this repo; use point-in-time industry and market-cap inputs where required.
alpha101,alpha101_023,external_formula,101,"open, high, low, close, volume, vwap, cap, indclass",External WQAlpha23 value merged into the date/ticker panel.,external,Formula implementation is not maintained in this repo; use point-in-time industry and market-cap inputs where required.
alpha101,alpha101_024,external_formula,101,"open, high, low, close, volume, vwap, cap, indclass",External WQAlpha24 value merged into the date/ticker panel.,external,Formula implementation is not maintained in this repo; use point-in-time industry and market-cap inputs where required.
alpha101,alpha101_025,external_formula,101,"open, high, low, close, volume, vwap, cap, indclass",External WQAlpha25 value merged into the date/ticker panel.,external,Formula implementation is not maintained in this repo; use point-in-time industry and market-cap inputs where required.
alpha101,alpha101_026,external_formula,101,"open, high, low, close, volume, vwap, cap, indclass",External WQAlpha26 value merged into the date/ticker panel.,external,Formula implementation is not maintained in this repo; use point-in-time industry and market-cap inputs where required.
alpha101,alpha101_027,external_formula,101,"open, high, low, close, volume, vwap, cap, indclass",External WQAlpha27 value merged into the date/ticker panel.,external,Formula implementation is not maintained in this repo; use point-in-time industry and market-cap inputs where required.
alpha101,alpha101_028,external_formula,101,"open, high, low, close, volume, vwap, cap, indclass",External WQAlpha28 value merged into the date/ticker panel.,external,Formula implementation is not maintained in this repo; use point-in-time industry and market-cap inputs where required.
alpha101,alpha101_029,external_formula,101,"open, high, low, close, volume, vwap, cap, indclass",External WQAlpha29 value merged into the date/ticker panel.,external,Formula implementation is not maintained in this repo; use point-in-time industry and market-cap inputs where required.
alpha101,alpha101_030,external_formula,101,"open, high, low, close, volume, vwap, cap, indclass",External WQAlpha30 value merged into the date/ticker panel.,external,Formula implementation is not maintained in this repo; use point-in-time industry and market-cap inputs where required.
alpha101,alpha101_031,external_formula,101,"open, high, low, close, volume, vwap, cap, indclass",External WQAlpha31 value merged into the date/ticker panel.,external,Formula implementation is not maintained in this repo; use point-in-time industry and market-cap inputs where required.
alpha101,alpha101_032,external_formula,101,"open, high, low, close, volume, vwap, cap, indclass",External WQAlpha32 value merged into the date/ticker panel.,external,Formula implementation is not maintained in this repo; use point-in-time industry and market-cap inputs where required.
alpha101,alpha101_033,external_formula,101,"open, high, low, close, volume, vwap, cap, indclass",External WQAlpha33 value merged into the date/ticker panel.,external,Formula implementation is not maintained in this repo; use point-in-time industry and market-cap inputs where required.
alpha101,alpha101_034,external_formula,101,"open, high, low, close, volume, vwap, cap, indclass",External WQAlpha34 value merged into the date/ticker panel.,external,Formula implementation is not maintained in this repo; use point-in-time industry and market-cap inputs where required.
alpha101,alpha101_035,external_formula,101,"open, high, low, close, volume, vwap, cap, indclass",External WQAlpha35 value merged into the date/ticker panel.,external,Formula implementation is not maintained in this repo; use point-in-time industry and market-cap inputs where required.
alpha101,alpha101_036,external_formula,101,"open, high, low, close, volume, vwap, cap, indclass",External WQAlpha36 value merged into the date/ticker panel.,external,Formula implementation is not maintained in this repo; use point-in-time industry and market-cap inputs where required.
alpha101,alpha101_037,external_formula,101,"open, high, low, close, volume, vwap, cap, indclass",External WQAlpha37 value merged into the date/ticker panel.,external,Formula implementation is not maintained in this repo; use point-in-time industry and market-cap inputs where required.
alpha101,alpha101_038,external_formula,101,"open, high, low, close, volume, vwap, cap, indclass",External WQAlpha38 value merged into the date/ticker panel.,external,Formula implementation is not maintained in this repo; use point-in-time industry and market-cap inputs where required.
alpha101,alpha101_039,external_formula,101,"open, high, low, close, volume, vwap, cap, indclass",External WQAlpha39 value merged into the date/ticker panel.,external,Formula implementation is not maintained in this repo; use point-in-time industry and market-cap inputs where required.
alpha101,alpha101_040,external_formula,101,"open, high, low, close, volume, vwap, cap, indclass",External WQAlpha40 value merged into the date/ticker panel.,external,Formula implementation is not maintained in this repo; use point-in-time industry and market-cap inputs where required.
alpha101,alpha101_041,external_formula,101,"open, high, low, close, volume, vwap, cap, indclass",External WQAlpha41 value merged into the date/ticker panel.,external,Formula implementation is not maintained in this repo; use point-in-time industry and market-cap inputs where required.
alpha101,alpha101_042,external_formula,101,"open, high, low, close, volume, vwap, cap, indclass",External WQAlpha42 value merged into the date/ticker panel.,external,Formula implementation is not maintained in this repo; use point-in-time industry and market-cap inputs where required.
alpha101,alpha101_043,external_formula,101,"open, high, low, close, volume, vwap, cap, indclass",External WQAlpha43 value merged into the date/ticker panel.,external,Formula implementation is not maintained in this repo; use point-in-time industry and market-cap inputs where required.
alpha101,alpha101_044,external_formula,101,"open, high, low, close, volume, vwap, cap, indclass",External WQAlpha44 value merged into the date/ticker panel.,external,Formula implementation is not maintained in this repo; use point-in-time industry and market-cap inputs where required.
alpha101,alpha101_045,external_formula,101,"open, high, low, close, volume, vwap, cap, indclass",External WQAlpha45 value merged into the date/ticker panel.,external,Formula implementation is not maintained in this repo; use point-in-time industry and market-cap inputs where required.
alpha101,alpha101_046,external_formula,101,"open, high, low, close, volume, vwap, cap, indclass",External WQAlpha46 value merged into the date/ticker panel.,external,Formula implementation is not maintained in this repo; use point-in-time industry and market-cap inputs where required.
alpha101,alpha101_047,external_formula,101,"open, high, low, close, volume, vwap, cap, indclass",External WQAlpha47 value merged into the date/ticker panel.,external,Formula implementation is not maintained in this repo; use point-in-time industry and market-cap inputs where required.
alpha101,alpha101_048,external_formula,101,"open, high, low, close, volume, vwap, cap, indclass",External WQAlpha48 value merged into the date/ticker panel.,external,Formula implementation is not maintained in this repo; use point-in-time industry and market-cap inputs where required.
alpha101,alpha101_049,external_formula,101,"open, high, low, close, volume, vwap, cap, indclass",External WQAlpha49 value merged into the date/ticker panel.,external,Formula implementation is not maintained in this repo; use point-in-time industry and market-cap inputs where required.
alpha101,alpha101_050,external_formula,101,"open, high, low, close, volume, vwap, cap, indclass",External WQAlpha50 value merged into the date/ticker panel.,external,Formula implementation is not maintained in this repo; use point-in-time industry and market-cap inputs where required.
alpha101,alpha101_051,external_formula,101,"open, high, low, close, volume, vwap, cap, indclass",External WQAlpha51 value merged into the date/ticker panel.,external,Formula implementation is not maintained in this repo; use point-in-time industry and market-cap inputs where required.
alpha101,alpha101_052,external_formula,101,"open, high, low, close, volume, vwap, cap, indclass",External WQAlpha52 value merged into the date/ticker panel.,external,Formula implementation is not maintained in this repo; use point-in-time industry and market-cap inputs where required.
alpha101,alpha101_053,external_formula,101,"open, high, low, close, volume, vwap, cap, indclass",External WQAlpha53 value merged into the date/ticker panel.,external,Formula implementation is not maintained in this repo; use point-in-time industry and market-cap inputs where required.
alpha101,alpha101_054,external_formula,101,"open, high, low, close, volume, vwap, cap, indclass",External WQAlpha54 value merged into the date/ticker panel.,external,Formula implementation is not maintained in this repo; use point-in-time industry and market-cap inputs where required.
alpha101,alpha101_055,external_formula,101,"open, high, low, close, volume, vwap, cap, indclass",External WQAlpha55 value merged into the date/ticker panel.,external,Formula implementation is not maintained in this repo; use point-in-time industry and market-cap inputs where required.
alpha101,alpha101_056,external_formula,101,"open, high, low, close, volume, vwap, cap, indclass",External WQAlpha56 value merged into the date/ticker panel.,external,Formula implementation is not maintained in this repo; use point-in-time industry and market-cap inputs where required.
alpha101,alpha101_057,external_formula,101,"open, high, low, close, volume, vwap, cap, indclass",External WQAlpha57 value merged into the date/ticker panel.,external,Formula implementation is not maintained in this repo; use point-in-time industry and market-cap inputs where required.
alpha101,alpha101_058,external_formula,101,"open, high, low, close, volume, vwap, cap, indclass",External WQAlpha58 value merged into the date/ticker panel.,external,Formula implementation is not maintained in this repo; use point-in-time industry and market-cap inputs where required.
alpha101,alpha101_059,external_formula,101,"open, high, low, close, volume, vwap, cap, indclass",External WQAlpha59 value merged into the date/ticker panel.,external,Formula implementation is not maintained in this repo; use point-in-time industry and market-cap inputs where required.
alpha101,alpha101_060,external_formula,101,"open, high, low, close, volume, vwap, cap, indclass",External WQAlpha60 value merged into the date/ticker panel.,external,Formula implementation is not maintained in this repo; use point-in-time industry and market-cap inputs where required.
alpha101,alpha101_061,external_formula,101,"open, high, low, close, volume, vwap, cap, indclass",External WQAlpha61 value merged into the date/ticker panel.,external,Formula implementation is not maintained in this repo; use point-in-time industry and market-cap inputs where required.
alpha101,alpha101_062,external_formula,101,"open, high, low, close, volume, vwap, cap, indclass",External WQAlpha62 value merged into the date/ticker panel.,external,Formula implementation is not maintained in this repo; use point-in-time industry and market-cap inputs where required.
alpha101,alpha101_063,external_formula,101,"open, high, low, close, volume, vwap, cap, indclass",External WQAlpha63 value merged into the date/ticker panel.,external,Formula implementation is not maintained in this repo; use point-in-time industry and market-cap inputs where required.
alpha101,alpha101_064,external_formula,101,"open, high, low, close, volume, vwap, cap, indclass",External WQAlpha64 value merged into the date/ticker panel.,external,Formula implementation is not maintained in this repo; use point-in-time industry and market-cap inputs where required.
alpha101,alpha101_065,external_formula,101,"open, high, low, close, volume, vwap, cap, indclass",External WQAlpha65 value merged into the date/ticker panel.,external,Formula implementation is not maintained in this repo; use point-in-time industry and market-cap inputs where required.
alpha101,alpha101_066,external_formula,101,"open, high, low, close, volume, vwap, cap, indclass",External WQAlpha66 value merged into the date/ticker panel.,external,Formula implementation is not maintained in this repo; use point-in-time industry and market-cap inputs where required.
alpha101,alpha101_067,external_formula,101,"open, high, low, close, volume, vwap, cap, indclass",External WQAlpha67 value merged into the date/ticker panel.,external,Formula implementation is not maintained in this repo; use point-in-time industry and market-cap inputs where required.
alpha101,alpha101_068,external_formula,101,"open, high, low, close, volume, vwap, cap, indclass",External WQAlpha68 value merged into the date/ticker panel.,external,Formula implementation is not maintained in this repo; use point-in-time industry and market-cap inputs where required.
alpha101,alpha101_069,external_formula,101,"open, high, low, close, volume, vwap, cap, indclass",External WQAlpha69 value merged into the date/ticker panel.,external,Formula implementation is not maintained in this repo; use point-in-time industry and market-cap inputs where required.
alpha101,alpha101_070,external_formula,101,"open, high, low, close, volume, vwap, cap, indclass",External WQAlpha70 value merged into the date/ticker panel.,external,Formula implementation is not maintained in this repo; use point-in-time industry and market-cap inputs where required.
alpha101,alpha101_071,external_formula,101,"open, high, low, close, volume, vwap, cap, indclass",External WQAlpha71 value merged into the date/ticker panel.,external,Formula implementation is not maintained in this repo; use point-in-time industry and market-cap inputs where required.
alpha101,alpha101_072,external_formula,101,"open, high, low, close, volume, vwap, cap, indclass",External WQAlpha72 value merged into the date/ticker panel.,external,Formula implementation is not maintained in this repo; use point-in-time industry and market-cap inputs where required.
alpha101,alpha101_073,external_formula,101,"open, high, low, close, volume, vwap, cap, indclass",External WQAlpha73 value merged into the date/ticker panel.,external,Formula implementation is not maintained in this repo; use point-in-time industry and market-cap inputs where required.
alpha101,alpha101_074,external_formula,101,"open, high, low, close, volume, vwap, cap, indclass",External WQAlpha74 value merged into the date/ticker panel.,external,Formula implementation is not maintained in this repo; use point-in-time industry and market-cap inputs where required.
alpha101,alpha101_075,external_formula,101,"open, high, low, close, volume, vwap, cap, indclass",External WQAlpha75 value merged into the date/ticker panel.,external,Formula implementation is not maintained in this repo; use point-in-time industry and market-cap inputs where required.
alpha101,alpha101_076,external_formula,101,"open, high, low, close, volume, vwap, cap, indclass",External WQAlpha76 value merged into the date/ticker panel.,external,Formula implementation is not maintained in this repo; use point-in-time industry and market-cap inputs where required.
alpha101,alpha101_077,external_formula,101,"open, high, low, close, volume, vwap, cap, indclass",External WQAlpha77 value merged into the date/ticker panel.,external,Formula implementation is not maintained in this repo; use point-in-time industry and market-cap inputs where required.
alpha101,alpha101_078,external_formula,101,"open, high, low, close, volume, vwap, cap, indclass",External WQAlpha78 value merged into the date/ticker panel.,external,Formula implementation is not maintained in this repo; use point-in-time industry and market-cap inputs where required.
alpha101,alpha101_079,external_formula,101,"open, high, low, close, volume, vwap, cap, indclass",External WQAlpha79 value merged into the date/ticker panel.,external,Formula implementation is not maintained in this repo; use point-in-time industry and market-cap inputs where required.
alpha101,alpha101_080,external_formula,101,"open, high, low, close, volume, vwap, cap, indclass",External WQAlpha80 value merged into the date/ticker panel.,external,Formula implementation is not maintained in this repo; use point-in-time industry and market-cap inputs where required.
alpha101,alpha101_081,external_formula,101,"open, high, low, close, volume, vwap, cap, indclass",External WQAlpha81 value merged into the date/ticker panel.,external,Formula implementation is not maintained in this repo; use point-in-time industry and market-cap inputs where required.
alpha101,alpha101_082,external_formula,101,"open, high, low, close, volume, vwap, cap, indclass",External WQAlpha82 value merged into the date/ticker panel.,external,Formula implementation is not maintained in this repo; use point-in-time industry and market-cap inputs where required.
alpha101,alpha101_083,external_formula,101,"open, high, low, close, volume, vwap, cap, indclass",External WQAlpha83 value merged into the date/ticker panel.,external,Formula implementation is not maintained in this repo; use point-in-time industry and market-cap inputs where required.
alpha101,alpha101_084,external_formula,101,"open, high, low, close, volume, vwap, cap, indclass",External WQAlpha84 value merged into the date/ticker panel.,external,Formula implementation is not maintained in this repo; use point-in-time industry and market-cap inputs where required.
alpha101,alpha101_085,external_formula,101,"open, high, low, close, volume, vwap, cap, indclass",External WQAlpha85 value merged into the date/ticker panel.,external,Formula implementation is not maintained in this repo; use point-in-time industry and market-cap inputs where required.
alpha101,alpha101_086,external_formula,101,"open, high, low, close, volume, vwap, cap, indclass",External WQAlpha86 value merged into the date/ticker panel.,external,Formula implementation is not maintained in this repo; use point-in-time industry and market-cap inputs where required.
alpha101,alpha101_087,external_formula,101,"open, high, low, close, volume, vwap, cap, indclass",External WQAlpha87 value merged into the date/ticker panel.,external,Formula implementation is not maintained in this repo; use point-in-time industry and market-cap inputs where required.
alpha101,alpha101_088,external_formula,101,"open, high, low, close, volume, vwap, cap, indclass",External WQAlpha88 value merged into the date/ticker panel.,external,Formula implementation is not maintained in this repo; use point-in-time industry and market-cap inputs where required.
alpha101,alpha101_089,external_formula,101,"open, high, low, close, volume, vwap, cap, indclass",External WQAlpha89 value merged into the date/ticker panel.,external,Formula implementation is not maintained in this repo; use point-in-time industry and market-cap inputs where required.
alpha101,alpha101_090,external_formula,101,"open, high, low, close, volume, vwap, cap, indclass",External WQAlpha90 value merged into the date/ticker panel.,external,Formula implementation is not maintained in this repo; use point-in-time industry and market-cap inputs where required.
alpha101,alpha101_091,external_formula,101,"open, high, low, close, volume, vwap, cap, indclass",External WQAlpha91 value merged into the date/ticker panel.,external,Formula implementation is not maintained in this repo; use point-in-time industry and market-cap inputs where required.
alpha101,alpha101_092,external_formula,101,"open, high, low, close, volume, vwap, cap, indclass",External WQAlpha92 value merged into the date/ticker panel.,external,Formula implementation is not maintained in this repo; use point-in-time industry and market-cap inputs where required.
alpha101,alpha101_093,external_formula,101,"open, high, low, close, volume, vwap, cap, indclass",External WQAlpha93 value merged into the date/ticker panel.,external,Formula implementation is not maintained in this repo; use point-in-time industry and market-cap inputs where required.
alpha101,alpha101_094,external_formula,101,"open, high, low, close, volume, vwap, cap, indclass",External WQAlpha94 value merged into the date/ticker panel.,external,Formula implementation is not maintained in this repo; use point-in-time industry and market-cap inputs where required.
alpha101,alpha101_095,external_formula,101,"open, high, low, close, volume, vwap, cap, indclass",External WQAlpha95 value merged into the date/ticker panel.,external,Formula implementation is not maintained in this repo; use point-in-time industry and market-cap inputs where required.
alpha101,alpha101_096,external_formula,101,"open, high, low, close, volume, vwap, cap, indclass",External WQAlpha96 value merged into the date/ticker panel.,external,Formula implementation is not maintained in this repo; use point-in-time industry and market-cap inputs where required.
alpha101,alpha101_097,external_formula,101,"open, high, low, close, volume, vwap, cap, indclass",External WQAlpha97 value merged into the date/ticker panel.,external,Formula implementation is not maintained in this repo; use point-in-time industry and market-cap inputs where required.
alpha101,alpha101_098,external_formula,101,"open, high, low, close, volume, vwap, cap, indclass",External WQAlpha98 value merged into the date/ticker panel.,external,Formula implementation is not maintained in this repo; use point-in-time industry and market-cap inputs where required.
alpha101,alpha101_099,external_formula,101,"open, high, low, close, volume, vwap, cap, indclass",External WQAlpha99 value merged into the date/ticker panel.,external,Formula implementation is not maintained in this repo; use point-in-time industry and market-cap inputs where required.
alpha101,alpha101_100,external_formula,101,"open, high, low, close, volume, vwap, cap, indclass",External WQAlpha100 value merged into the date/ticker panel.,external,Formula implementation is not maintained in this repo; use point-in-time industry and market-cap inputs where required.
alpha101,alpha101_101,external_formula,101,"open, high, low, close, volume, vwap, cap, indclass",External WQAlpha101 value merged into the date/ticker panel.,external,Formula implementation is not maintained in this repo; use point-in-time industry and market-cap inputs where required.
alpha191,alpha191_001,external_formula,191,"open, high, low, close, volume, vwap, index_open, index_close",External GTJA Alpha1 value merged into the date/ticker panel.,external,"Formula implementation is not maintained in this repo; fix SMA, DECAYLINEAR, suspension, and missing-value semantics in the upstream generator."
alpha191,alpha191_002,external_formula,191,"open, high, low, close, volume, vwap, index_open, index_close",External GTJA Alpha2 value merged into the date/ticker panel.,external,"Formula implementation is not maintained in this repo; fix SMA, DECAYLINEAR, suspension, and missing-value semantics in the upstream generator."
alpha191,alpha191_003,external_formula,191,"open, high, low, close, volume, vwap, index_open, index_close",External GTJA Alpha3 value merged into the date/ticker panel.,external,"Formula implementation is not maintained in this repo; fix SMA, DECAYLINEAR, suspension, and missing-value semantics in the upstream generator."
alpha191,alpha191_004,external_formula,191,"open, high, low, close, volume, vwap, index_open, index_close",External GTJA Alpha4 value merged into the date/ticker panel.,external,"Formula implementation is not maintained in this repo; fix SMA, DECAYLINEAR, suspension, and missing-value semantics in the upstream generator."
alpha191,alpha191_005,external_formula,191,"open, high, low, close, volume, vwap, index_open, index_close",External GTJA Alpha5 value merged into the date/ticker panel.,external,"Formula implementation is not maintained in this repo; fix SMA, DECAYLINEAR, suspension, and missing-value semantics in the upstream generator."
alpha191,alpha191_006,external_formula,191,"open, high, low, close, volume, vwap, index_open, index_close",External GTJA Alpha6 value merged into the date/ticker panel.,external,"Formula implementation is not maintained in this repo; fix SMA, DECAYLINEAR, suspension, and missing-value semantics in the upstream generator."
alpha191,alpha191_007,external_formula,191,"open, high, low, close, volume, vwap, index_open, index_close",External GTJA Alpha7 value merged into the date/ticker panel.,external,"Formula implementation is not maintained in this repo; fix SMA, DECAYLINEAR, suspension, and missing-value semantics in the upstream generator."
alpha191,alpha191_008,external_formula,191,"open, high, low, close, volume, vwap, index_open, index_close",External GTJA Alpha8 value merged into the date/ticker panel.,external,"Formula implementation is not maintained in this repo; fix SMA, DECAYLINEAR, suspension, and missing-value semantics in the upstream generator."
alpha191,alpha191_009,external_formula,191,"open, high, low, close, volume, vwap, index_open, index_close",External GTJA Alpha9 value merged into the date/ticker panel.,external,"Formula implementation is not maintained in this repo; fix SMA, DECAYLINEAR, suspension, and missing-value semantics in the upstream generator."
alpha191,alpha191_010,external_formula,191,"open, high, low, close, volume, vwap, index_open, index_close",External GTJA Alpha10 value merged into the date/ticker panel.,external,"Formula implementation is not maintained in this repo; fix SMA, DECAYLINEAR, suspension, and missing-value semantics in the upstream generator."
alpha191,alpha191_011,external_formula,191,"open, high, low, close, volume, vwap, index_open, index_close",External GTJA Alpha11 value merged into the date/ticker panel.,external,"Formula implementation is not maintained in this repo; fix SMA, DECAYLINEAR, suspension, and missing-value semantics in the upstream generator."
alpha191,alpha191_012,external_formula,191,"open, high, low, close, volume, vwap, index_open, index_close",External GTJA Alpha12 value merged into the date/ticker panel.,external,"Formula implementation is not maintained in this repo; fix SMA, DECAYLINEAR, suspension, and missing-value semantics in the upstream generator."
alpha191,alpha191_013,external_formula,191,"open, high, low, close, volume, vwap, index_open, index_close",External GTJA Alpha13 value merged into the date/ticker panel.,external,"Formula implementation is not maintained in this repo; fix SMA, DECAYLINEAR, suspension, and missing-value semantics in the upstream generator."
alpha191,alpha191_014,external_formula,191,"open, high, low, close, volume, vwap, index_open, index_close",External GTJA Alpha14 value merged into the date/ticker panel.,external,"Formula implementation is not maintained in this repo; fix SMA, DECAYLINEAR, suspension, and missing-value semantics in the upstream generator."
alpha191,alpha191_015,external_formula,191,"open, high, low, close, volume, vwap, index_open, index_close",External GTJA Alpha15 value merged into the date/ticker panel.,external,"Formula implementation is not maintained in this repo; fix SMA, DECAYLINEAR, suspension, and missing-value semantics in the upstream generator."
alpha191,alpha191_016,external_formula,191,"open, high, low, close, volume, vwap, index_open, index_close",External GTJA Alpha16 value merged into the date/ticker panel.,external,"Formula implementation is not maintained in this repo; fix SMA, DECAYLINEAR, suspension, and missing-value semantics in the upstream generator."
alpha191,alpha191_017,external_formula,191,"open, high, low, close, volume, vwap, index_open, index_close",External GTJA Alpha17 value merged into the date/ticker panel.,external,"Formula implementation is not maintained in this repo; fix SMA, DECAYLINEAR, suspension, and missing-value semantics in the upstream generator."
alpha191,alpha191_018,external_formula,191,"open, high, low, close, volume, vwap, index_open, index_close",External GTJA Alpha18 value merged into the date/ticker panel.,external,"Formula implementation is not maintained in this repo; fix SMA, DECAYLINEAR, suspension, and missing-value semantics in the upstream generator."
alpha191,alpha191_019,external_formula,191,"open, high, low, close, volume, vwap, index_open, index_close",External GTJA Alpha19 value merged into the date/ticker panel.,external,"Formula implementation is not maintained in this repo; fix SMA, DECAYLINEAR, suspension, and missing-value semantics in the upstream generator."
alpha191,alpha191_020,external_formula,191,"open, high, low, close, volume, vwap, index_open, index_close",External GTJA Alpha20 value merged into the date/ticker panel.,external,"Formula implementation is not maintained in this repo; fix SMA, DECAYLINEAR, suspension, and missing-value semantics in the upstream generator."
alpha191,alpha191_021,external_formula,191,"open, high, low, close, volume, vwap, index_open, index_close",External GTJA Alpha21 value merged into the date/ticker panel.,external,"Formula implementation is not maintained in this repo; fix SMA, DECAYLINEAR, suspension, and missing-value semantics in the upstream generator."
alpha191,alpha191_022,external_formula,191,"open, high, low, close, volume, vwap, index_open, index_close",External GTJA Alpha22 value merged into the date/ticker panel.,external,"Formula implementation is not maintained in this repo; fix SMA, DECAYLINEAR, suspension, and missing-value semantics in the upstream generator."
alpha191,alpha191_023,external_formula,191,"open, high, low, close, volume, vwap, index_open, index_close",External GTJA Alpha23 value merged into the date/ticker panel.,external,"Formula implementation is not maintained in this repo; fix SMA, DECAYLINEAR, suspension, and missing-value semantics in the upstream generator."
alpha191,alpha191_024,external_formula,191,"open, high, low, close, volume, vwap, index_open, index_close",External GTJA Alpha24 value merged into the date/ticker panel.,external,"Formula implementation is not maintained in this repo; fix SMA, DECAYLINEAR, suspension, and missing-value semantics in the upstream generator."
alpha191,alpha191_025,external_formula,191,"open, high, low, close, volume, vwap, index_open, index_close",External GTJA Alpha25 value merged into the date/ticker panel.,external,"Formula implementation is not maintained in this repo; fix SMA, DECAYLINEAR, suspension, and missing-value semantics in the upstream generator."
alpha191,alpha191_026,external_formula,191,"open, high, low, close, volume, vwap, index_open, index_close",External GTJA Alpha26 value merged into the date/ticker panel.,external,"Formula implementation is not maintained in this repo; fix SMA, DECAYLINEAR, suspension, and missing-value semantics in the upstream generator."
alpha191,alpha191_027,external_formula,191,"open, high, low, close, volume, vwap, index_open, index_close",External GTJA Alpha27 value merged into the date/ticker panel.,external,"Formula implementation is not maintained in this repo; fix SMA, DECAYLINEAR, suspension, and missing-value semantics in the upstream generator."
alpha191,alpha191_028,external_formula,191,"open, high, low, close, volume, vwap, index_open, index_close",External GTJA Alpha28 value merged into the date/ticker panel.,external,"Formula implementation is not maintained in this repo; fix SMA, DECAYLINEAR, suspension, and missing-value semantics in the upstream generator."
alpha191,alpha191_029,external_formula,191,"open, high, low, close, volume, vwap, index_open, index_close",External GTJA Alpha29 value merged into the date/ticker panel.,external,"Formula implementation is not maintained in this repo; fix SMA, DECAYLINEAR, suspension, and missing-value semantics in the upstream generator."
alpha191,alpha191_030,external_formula,191,"open, high, low, close, volume, vwap, index_open, index_close",External GTJA Alpha30 value merged into the date/ticker panel.,external,"Formula implementation is not maintained in this repo; fix SMA, DECAYLINEAR, suspension, and missing-value semantics in the upstream generator."
alpha191,alpha191_031,external_formula,191,"open, high, low, close, volume, vwap, index_open, index_close",External GTJA Alpha31 value merged into the date/ticker panel.,external,"Formula implementation is not maintained in this repo; fix SMA, DECAYLINEAR, suspension, and missing-value semantics in the upstream generator."
alpha191,alpha191_032,external_formula,191,"open, high, low, close, volume, vwap, index_open, index_close",External GTJA Alpha32 value merged into the date/ticker panel.,external,"Formula implementation is not maintained in this repo; fix SMA, DECAYLINEAR, suspension, and missing-value semantics in the upstream generator."
alpha191,alpha191_033,external_formula,191,"open, high, low, close, volume, vwap, index_open, index_close",External GTJA Alpha33 value merged into the date/ticker panel.,external,"Formula implementation is not maintained in this repo; fix SMA, DECAYLINEAR, suspension, and missing-value semantics in the upstream generator."
alpha191,alpha191_034,external_formula,191,"open, high, low, close, volume, vwap, index_open, index_close",External GTJA Alpha34 value merged into the date/ticker panel.,external,"Formula implementation is not maintained in this repo; fix SMA, DECAYLINEAR, suspension, and missing-value semantics in the upstream generator."
alpha191,alpha191_035,external_formula,191,"open, high, low, close, volume, vwap, index_open, index_close",External GTJA Alpha35 value merged into the date/ticker panel.,external,"Formula implementation is not maintained in this repo; fix SMA, DECAYLINEAR, suspension, and missing-value semantics in the upstream generator."
alpha191,alpha191_036,external_formula,191,"open, high, low, close, volume, vwap, index_open, index_close",External GTJA Alpha36 value merged into the date/ticker panel.,external,"Formula implementation is not maintained in this repo; fix SMA, DECAYLINEAR, suspension, and missing-value semantics in the upstream generator."
alpha191,alpha191_037,external_formula,191,"open, high, low, close, volume, vwap, index_open, index_close",External GTJA Alpha37 value merged into the date/ticker panel.,external,"Formula implementation is not maintained in this repo; fix SMA, DECAYLINEAR, suspension, and missing-value semantics in the upstream generator."
alpha191,alpha191_038,external_formula,191,"open, high, low, close, volume, vwap, index_open, index_close",External GTJA Alpha38 value merged into the date/ticker panel.,external,"Formula implementation is not maintained in this repo; fix SMA, DECAYLINEAR, suspension, and missing-value semantics in the upstream generator."
alpha191,alpha191_039,external_formula,191,"open, high, low, close, volume, vwap, index_open, index_close",External GTJA Alpha39 value merged into the date/ticker panel.,external,"Formula implementation is not maintained in this repo; fix SMA, DECAYLINEAR, suspension, and missing-value semantics in the upstream generator."
alpha191,alpha191_040,external_formula,191,"open, high, low, close, volume, vwap, index_open, index_close",External GTJA Alpha40 value merged into the date/ticker panel.,external,"Formula implementation is not maintained in this repo; fix SMA, DECAYLINEAR, suspension, and missing-value semantics in the upstream generator."
alpha191,alpha191_041,external_formula,191,"open, high, low, close, volume, vwap, index_open, index_close",External GTJA Alpha41 value merged into the date/ticker panel.,external,"Formula implementation is not maintained in this repo; fix SMA, DECAYLINEAR, suspension, and missing-value semantics in the upstream generator."
alpha191,alpha191_042,external_formula,191,"open, high, low, close, volume, vwap, index_open, index_close",External GTJA Alpha42 value merged into the date/ticker panel.,external,"Formula implementation is not maintained in this repo; fix SMA, DECAYLINEAR, suspension, and missing-value semantics in the upstream generator."
alpha191,alpha191_043,external_formula,191,"open, high, low, close, volume, vwap, index_open, index_close",External GTJA Alpha43 value merged into the date/ticker panel.,external,"Formula implementation is not maintained in this repo; fix SMA, DECAYLINEAR, suspension, and missing-value semantics in the upstream generator."
alpha191,alpha191_044,external_formula,191,"open, high, low, close, volume, vwap, index_open, index_close",External GTJA Alpha44 value merged into the date/ticker panel.,external,"Formula implementation is not maintained in this repo; fix SMA, DECAYLINEAR, suspension, and missing-value semantics in the upstream generator."
alpha191,alpha191_045,external_formula,191,"open, high, low, close, volume, vwap, index_open, index_close",External GTJA Alpha45 value merged into the date/ticker panel.,external,"Formula implementation is not maintained in this repo; fix SMA, DECAYLINEAR, suspension, and missing-value semantics in the upstream generator."
alpha191,alpha191_046,external_formula,191,"open, high, low, close, volume, vwap, index_open, index_close",External GTJA Alpha46 value merged into the date/ticker panel.,external,"Formula implementation is not maintained in this repo; fix SMA, DECAYLINEAR, suspension, and missing-value semantics in the upstream generator."
alpha191,alpha191_047,external_formula,191,"open, high, low, close, volume, vwap, index_open, index_close",External GTJA Alpha47 value merged into the date/ticker panel.,external,"Formula implementation is not maintained in this repo; fix SMA, DECAYLINEAR, suspension, and missing-value semantics in the upstream generator."
alpha191,alpha191_048,external_formula,191,"open, high, low, close, volume, vwap, index_open, index_close",External GTJA Alpha48 value merged into the date/ticker panel.,external,"Formula implementation is not maintained in this repo; fix SMA, DECAYLINEAR, suspension, and missing-value semantics in the upstream generator."
alpha191,alpha191_049,external_formula,191,"open, high, low, close, volume, vwap, index_open, index_close",External GTJA Alpha49 value merged into the date/ticker panel.,external,"Formula implementation is not maintained in this repo; fix SMA, DECAYLINEAR, suspension, and missing-value semantics in the upstream generator."
alpha191,alpha191_050,external_formula,191,"open, high, low, close, volume, vwap, index_open, index_close",External GTJA Alpha50 value merged into the date/ticker panel.,external,"Formula implementation is not maintained in this repo; fix SMA, DECAYLINEAR, suspension, and missing-value semantics in the upstream generator."
alpha191,alpha191_051,external_formula,191,"open, high, low, close, volume, vwap, index_open, index_close",External GTJA Alpha51 value merged into the date/ticker panel.,external,"Formula implementation is not maintained in this repo; fix SMA, DECAYLINEAR, suspension, and missing-value semantics in the upstream generator."
alpha191,alpha191_052,external_formula,191,"open, high, low, close, volume, vwap, index_open, index_close",External GTJA Alpha52 value merged into the date/ticker panel.,external,"Formula implementation is not maintained in this repo; fix SMA, DECAYLINEAR, suspension, and missing-value semantics in the upstream generator."
alpha191,alpha191_053,external_formula,191,"open, high, low, close, volume, vwap, index_open, index_close",External GTJA Alpha53 value merged into the date/ticker panel.,external,"Formula implementation is not maintained in this repo; fix SMA, DECAYLINEAR, suspension, and missing-value semantics in the upstream generator."
alpha191,alpha191_054,external_formula,191,"open, high, low, close, volume, vwap, index_open, index_close",External GTJA Alpha54 value merged into the date/ticker panel.,external,"Formula implementation is not maintained in this repo; fix SMA, DECAYLINEAR, suspension, and missing-value semantics in the upstream generator."
alpha191,alpha191_055,external_formula,191,"open, high, low, close, volume, vwap, index_open, index_close",External GTJA Alpha55 value merged into the date/ticker panel.,external,"Formula implementation is not maintained in this repo; fix SMA, DECAYLINEAR, suspension, and missing-value semantics in the upstream generator."
alpha191,alpha191_056,external_formula,191,"open, high, low, close, volume, vwap, index_open, index_close",External GTJA Alpha56 value merged into the date/ticker panel.,external,"Formula implementation is not maintained in this repo; fix SMA, DECAYLINEAR, suspension, and missing-value semantics in the upstream generator."
alpha191,alpha191_057,external_formula,191,"open, high, low, close, volume, vwap, index_open, index_close",External GTJA Alpha57 value merged into the date/ticker panel.,external,"Formula implementation is not maintained in this repo; fix SMA, DECAYLINEAR, suspension, and missing-value semantics in the upstream generator."
alpha191,alpha191_058,external_formula,191,"open, high, low, close, volume, vwap, index_open, index_close",External GTJA Alpha58 value merged into the date/ticker panel.,external,"Formula implementation is not maintained in this repo; fix SMA, DECAYLINEAR, suspension, and missing-value semantics in the upstream generator."
alpha191,alpha191_059,external_formula,191,"open, high, low, close, volume, vwap, index_open, index_close",External GTJA Alpha59 value merged into the date/ticker panel.,external,"Formula implementation is not maintained in this repo; fix SMA, DECAYLINEAR, suspension, and missing-value semantics in the upstream generator."
alpha191,alpha191_060,external_formula,191,"open, high, low, close, volume, vwap, index_open, index_close",External GTJA Alpha60 value merged into the date/ticker panel.,external,"Formula implementation is not maintained in this repo; fix SMA, DECAYLINEAR, suspension, and missing-value semantics in the upstream generator."
alpha191,alpha191_061,external_formula,191,"open, high, low, close, volume, vwap, index_open, index_close",External GTJA Alpha61 value merged into the date/ticker panel.,external,"Formula implementation is not maintained in this repo; fix SMA, DECAYLINEAR, suspension, and missing-value semantics in the upstream generator."
alpha191,alpha191_062,external_formula,191,"open, high, low, close, volume, vwap, index_open, index_close",External GTJA Alpha62 value merged into the date/ticker panel.,external,"Formula implementation is not maintained in this repo; fix SMA, DECAYLINEAR, suspension, and missing-value semantics in the upstream generator."
alpha191,alpha191_063,external_formula,191,"open, high, low, close, volume, vwap, index_open, index_close",External GTJA Alpha63 value merged into the date/ticker panel.,external,"Formula implementation is not maintained in this repo; fix SMA, DECAYLINEAR, suspension, and missing-value semantics in the upstream generator."
alpha191,alpha191_064,external_formula,191,"open, high, low, close, volume, vwap, index_open, index_close",External GTJA Alpha64 value merged into the date/ticker panel.,external,"Formula implementation is not maintained in this repo; fix SMA, DECAYLINEAR, suspension, and missing-value semantics in the upstream generator."
alpha191,alpha191_065,external_formula,191,"open, high, low, close, volume, vwap, index_open, index_close",External GTJA Alpha65 value merged into the date/ticker panel.,external,"Formula implementation is not maintained in this repo; fix SMA, DECAYLINEAR, suspension, and missing-value semantics in the upstream generator."
alpha191,alpha191_066,external_formula,191,"open, high, low, close, volume, vwap, index_open, index_close",External GTJA Alpha66 value merged into the date/ticker panel.,external,"Formula implementation is not maintained in this repo; fix SMA, DECAYLINEAR, suspension, and missing-value semantics in the upstream generator."
alpha191,alpha191_067,external_formula,191,"open, high, low, close, volume, vwap, index_open, index_close",External GTJA Alpha67 value merged into the date/ticker panel.,external,"Formula implementation is not maintained in this repo; fix SMA, DECAYLINEAR, suspension, and missing-value semantics in the upstream generator."
alpha191,alpha191_068,external_formula,191,"open, high, low, close, volume, vwap, index_open, index_close",External GTJA Alpha68 value merged into the date/ticker panel.,external,"Formula implementation is not maintained in this repo; fix SMA, DECAYLINEAR, suspension, and missing-value semantics in the upstream generator."
alpha191,alpha191_069,external_formula,191,"open, high, low, close, volume, vwap, index_open, index_close",External GTJA Alpha69 value merged into the date/ticker panel.,external,"Formula implementation is not maintained in this repo; fix SMA, DECAYLINEAR, suspension, and missing-value semantics in the upstream generator."
alpha191,alpha191_070,external_formula,191,"open, high, low, close, volume, vwap, index_open, index_close",External GTJA Alpha70 value merged into the date/ticker panel.,external,"Formula implementation is not maintained in this repo; fix SMA, DECAYLINEAR, suspension, and missing-value semantics in the upstream generator."
alpha191,alpha191_071,external_formula,191,"open, high, low, close, volume, vwap, index_open, index_close",External GTJA Alpha71 value merged into the date/ticker panel.,external,"Formula implementation is not maintained in this repo; fix SMA, DECAYLINEAR, suspension, and missing-value semantics in the upstream generator."
alpha191,alpha191_072,external_formula,191,"open, high, low, close, volume, vwap, index_open, index_close",External GTJA Alpha72 value merged into the date/ticker panel.,external,"Formula implementation is not maintained in this repo; fix SMA, DECAYLINEAR, suspension, and missing-value semantics in the upstream generator."
alpha191,alpha191_073,external_formula,191,"open, high, low, close, volume, vwap, index_open, index_close",External GTJA Alpha73 value merged into the date/ticker panel.,external,"Formula implementation is not maintained in this repo; fix SMA, DECAYLINEAR, suspension, and missing-value semantics in the upstream generator."
alpha191,alpha191_074,external_formula,191,"open, high, low, close, volume, vwap, index_open, index_close",External GTJA Alpha74 value merged into the date/ticker panel.,external,"Formula implementation is not maintained in this repo; fix SMA, DECAYLINEAR, suspension, and missing-value semantics in the upstream generator."
alpha191,alpha191_075,external_formula,191,"open, high, low, close, volume, vwap, index_open, index_close",External GTJA Alpha75 value merged into the date/ticker panel.,external,"Formula implementation is not maintained in this repo; fix SMA, DECAYLINEAR, suspension, and missing-value semantics in the upstream generator."
alpha191,alpha191_076,external_formula,191,"open, high, low, close, volume, vwap, index_open, index_close",External GTJA Alpha76 value merged into the date/ticker panel.,external,"Formula implementation is not maintained in this repo; fix SMA, DECAYLINEAR, suspension, and missing-value semantics in the upstream generator."
alpha191,alpha191_077,external_formula,191,"open, high, low, close, volume, vwap, index_open, index_close",External GTJA Alpha77 value merged into the date/ticker panel.,external,"Formula implementation is not maintained in this repo; fix SMA, DECAYLINEAR, suspension, and missing-value semantics in the upstream generator."
alpha191,alpha191_078,external_formula,191,"open, high, low, close, volume, vwap, index_open, index_close",External GTJA Alpha78 value merged into the date/ticker panel.,external,"Formula implementation is not maintained in this repo; fix SMA, DECAYLINEAR, suspension, and missing-value semantics in the upstream generator."
alpha191,alpha191_079,external_formula,191,"open, high, low, close, volume, vwap, index_open, index_close",External GTJA Alpha79 value merged into the date/ticker panel.,external,"Formula implementation is not maintained in this repo; fix SMA, DECAYLINEAR, suspension, and missing-value semantics in the upstream generator."
alpha191,alpha191_080,external_formula,191,"open, high, low, close, volume, vwap, index_open, index_close",External GTJA Alpha80 value merged into the date/ticker panel.,external,"Formula implementation is not maintained in this repo; fix SMA, DECAYLINEAR, suspension, and missing-value semantics in the upstream generator."
alpha191,alpha191_081,external_formula,191,"open, high, low, close, volume, vwap, index_open, index_close",External GTJA Alpha81 value merged into the date/ticker panel.,external,"Formula implementation is not maintained in this repo; fix SMA, DECAYLINEAR, suspension, and missing-value semantics in the upstream generator."
alpha191,alpha191_082,external_formula,191,"open, high, low, close, volume, vwap, index_open, index_close",External GTJA Alpha82 value merged into the date/ticker panel.,external,"Formula implementation is not maintained in this repo; fix SMA, DECAYLINEAR, suspension, and missing-value semantics in the upstream generator."
alpha191,alpha191_083,external_formula,191,"open, high, low, close, volume, vwap, index_open, index_close",External GTJA Alpha83 value merged into the date/ticker panel.,external,"Formula implementation is not maintained in this repo; fix SMA, DECAYLINEAR, suspension, and missing-value semantics in the upstream generator."
alpha191,alpha191_084,external_formula,191,"open, high, low, close, volume, vwap, index_open, index_close",External GTJA Alpha84 value merged into the date/ticker panel.,external,"Formula implementation is not maintained in this repo; fix SMA, DECAYLINEAR, suspension, and missing-value semantics in the upstream generator."
alpha191,alpha191_085,external_formula,191,"open, high, low, close, volume, vwap, index_open, index_close",External GTJA Alpha85 value merged into the date/ticker panel.,external,"Formula implementation is not maintained in this repo; fix SMA, DECAYLINEAR, suspension, and missing-value semantics in the upstream generator."
alpha191,alpha191_086,external_formula,191,"open, high, low, close, volume, vwap, index_open, index_close",External GTJA Alpha86 value merged into the date/ticker panel.,external,"Formula implementation is not maintained in this repo; fix SMA, DECAYLINEAR, suspension, and missing-value semantics in the upstream generator."
alpha191,alpha191_087,external_formula,191,"open, high, low, close, volume, vwap, index_open, index_close",External GTJA Alpha87 value merged into the date/ticker panel.,external,"Formula implementation is not maintained in this repo; fix SMA, DECAYLINEAR, suspension, and missing-value semantics in the upstream generator."
alpha191,alpha191_088,external_formula,191,"open, high, low, close, volume, vwap, index_open, index_close",External GTJA Alpha88 value merged into the date/ticker panel.,external,"Formula implementation is not maintained in this repo; fix SMA, DECAYLINEAR, suspension, and missing-value semantics in the upstream generator."
alpha191,alpha191_089,external_formula,191,"open, high, low, close, volume, vwap, index_open, index_close",External GTJA Alpha89 value merged into the date/ticker panel.,external,"Formula implementation is not maintained in this repo; fix SMA, DECAYLINEAR, suspension, and missing-value semantics in the upstream generator."
alpha191,alpha191_090,external_formula,191,"open, high, low, close, volume, vwap, index_open, index_close",External GTJA Alpha90 value merged into the date/ticker panel.,external,"Formula implementation is not maintained in this repo; fix SMA, DECAYLINEAR, suspension, and missing-value semantics in the upstream generator."
alpha191,alpha191_091,external_formula,191,"open, high, low, close, volume, vwap, index_open, index_close",External GTJA Alpha91 value merged into the date/ticker panel.,external,"Formula implementation is not maintained in this repo; fix SMA, DECAYLINEAR, suspension, and missing-value semantics in the upstream generator."
alpha191,alpha191_092,external_formula,191,"open, high, low, close, volume, vwap, index_open, index_close",External GTJA Alpha92 value merged into the date/ticker panel.,external,"Formula implementation is not maintained in this repo; fix SMA, DECAYLINEAR, suspension, and missing-value semantics in the upstream generator."
alpha191,alpha191_093,external_formula,191,"open, high, low, close, volume, vwap, index_open, index_close",External GTJA Alpha93 value merged into the date/ticker panel.,external,"Formula implementation is not maintained in this repo; fix SMA, DECAYLINEAR, suspension, and missing-value semantics in the upstream generator."
alpha191,alpha191_094,external_formula,191,"open, high, low, close, volume, vwap, index_open, index_close",External GTJA Alpha94 value merged into the date/ticker panel.,external,"Formula implementation is not maintained in this repo; fix SMA, DECAYLINEAR, suspension, and missing-value semantics in the upstream generator."
alpha191,alpha191_095,external_formula,191,"open, high, low, close, volume, vwap, index_open, index_close",External GTJA Alpha95 value merged into the date/ticker panel.,external,"Formula implementation is not maintained in this repo; fix SMA, DECAYLINEAR, suspension, and missing-value semantics in the upstream generator."
alpha191,alpha191_096,external_formula,191,"open, high, low, close, volume, vwap, index_open, index_close",External GTJA Alpha96 value merged into the date/ticker panel.,external,"Formula implementation is not maintained in this repo; fix SMA, DECAYLINEAR, suspension, and missing-value semantics in the upstream generator."
alpha191,alpha191_097,external_formula,191,"open, high, low, close, volume, vwap, index_open, index_close",External GTJA Alpha97 value merged into the date/ticker panel.,external,"Formula implementation is not maintained in this repo; fix SMA, DECAYLINEAR, suspension, and missing-value semantics in the upstream generator."
alpha191,alpha191_098,external_formula,191,"open, high, low, close, volume, vwap, index_open, index_close",External GTJA Alpha98 value merged into the date/ticker panel.,external,"Formula implementation is not maintained in this repo; fix SMA, DECAYLINEAR, suspension, and missing-value semantics in the upstream generator."
alpha191,alpha191_099,external_formula,191,"open, high, low, close, volume, vwap, index_open, index_close",External GTJA Alpha99 value merged into the date/ticker panel.,external,"Formula implementation is not maintained in this repo; fix SMA, DECAYLINEAR, suspension, and missing-value semantics in the upstream generator."
alpha191,alpha191_100,external_formula,191,"open, high, low, close, volume, vwap, index_open, index_close",External GTJA Alpha100 value merged into the date/ticker panel.,external,"Formula implementation is not maintained in this repo; fix SMA, DECAYLINEAR, suspension, and missing-value semantics in the upstream generator."
alpha191,alpha191_101,external_formula,191,"open, high, low, close, volume, vwap, index_open, index_close",External GTJA Alpha101 value merged into the date/ticker panel.,external,"Formula implementation is not maintained in this repo; fix SMA, DECAYLINEAR, suspension, and missing-value semantics in the upstream generator."
alpha191,alpha191_102,external_formula,191,"open, high, low, close, volume, vwap, index_open, index_close",External GTJA Alpha102 value merged into the date/ticker panel.,external,"Formula implementation is not maintained in this repo; fix SMA, DECAYLINEAR, suspension, and missing-value semantics in the upstream generator."
alpha191,alpha191_103,external_formula,191,"open, high, low, close, volume, vwap, index_open, index_close",External GTJA Alpha103 value merged into the date/ticker panel.,external,"Formula implementation is not maintained in this repo; fix SMA, DECAYLINEAR, suspension, and missing-value semantics in the upstream generator."
alpha191,alpha191_104,external_formula,191,"open, high, low, close, volume, vwap, index_open, index_close",External GTJA Alpha104 value merged into the date/ticker panel.,external,"Formula implementation is not maintained in this repo; fix SMA, DECAYLINEAR, suspension, and missing-value semantics in the upstream generator."
alpha191,alpha191_105,external_formula,191,"open, high, low, close, volume, vwap, index_open, index_close",External GTJA Alpha105 value merged into the date/ticker panel.,external,"Formula implementation is not maintained in this repo; fix SMA, DECAYLINEAR, suspension, and missing-value semantics in the upstream generator."
alpha191,alpha191_106,external_formula,191,"open, high, low, close, volume, vwap, index_open, index_close",External GTJA Alpha106 value merged into the date/ticker panel.,external,"Formula implementation is not maintained in this repo; fix SMA, DECAYLINEAR, suspension, and missing-value semantics in the upstream generator."
alpha191,alpha191_107,external_formula,191,"open, high, low, close, volume, vwap, index_open, index_close",External GTJA Alpha107 value merged into the date/ticker panel.,external,"Formula implementation is not maintained in this repo; fix SMA, DECAYLINEAR, suspension, and missing-value semantics in the upstream generator."
alpha191,alpha191_108,external_formula,191,"open, high, low, close, volume, vwap, index_open, index_close",External GTJA Alpha108 value merged into the date/ticker panel.,external,"Formula implementation is not maintained in this repo; fix SMA, DECAYLINEAR, suspension, and missing-value semantics in the upstream generator."
alpha191,alpha191_109,external_formula,191,"open, high, low, close, volume, vwap, index_open, index_close",External GTJA Alpha109 value merged into the date/ticker panel.,external,"Formula implementation is not maintained in this repo; fix SMA, DECAYLINEAR, suspension, and missing-value semantics in the upstream generator."
alpha191,alpha191_110,external_formula,191,"open, high, low, close, volume, vwap, index_open, index_close",External GTJA Alpha110 value merged into the date/ticker panel.,external,"Formula implementation is not maintained in this repo; fix SMA, DECAYLINEAR, suspension, and missing-value semantics in the upstream generator."
alpha191,alpha191_111,external_formula,191,"open, high, low, close, volume, vwap, index_open, index_close",External GTJA Alpha111 value merged into the date/ticker panel.,external,"Formula implementation is not maintained in this repo; fix SMA, DECAYLINEAR, suspension, and missing-value semantics in the upstream generator."
alpha191,alpha191_112,external_formula,191,"open, high, low, close, volume, vwap, index_open, index_close",External GTJA Alpha112 value merged into the date/ticker panel.,external,"Formula implementation is not maintained in this repo; fix SMA, DECAYLINEAR, suspension, and missing-value semantics in the upstream generator."
alpha191,alpha191_113,external_formula,191,"open, high, low, close, volume, vwap, index_open, index_close",External GTJA Alpha113 value merged into the date/ticker panel.,external,"Formula implementation is not maintained in this repo; fix SMA, DECAYLINEAR, suspension, and missing-value semantics in the upstream generator."
alpha191,alpha191_114,external_formula,191,"open, high, low, close, volume, vwap, index_open, index_close",External GTJA Alpha114 value merged into the date/ticker panel.,external,"Formula implementation is not maintained in this repo; fix SMA, DECAYLINEAR, suspension, and missing-value semantics in the upstream generator."
alpha191,alpha191_115,external_formula,191,"open, high, low, close, volume, vwap, index_open, index_close",External GTJA Alpha115 value merged into the date/ticker panel.,external,"Formula implementation is not maintained in this repo; fix SMA, DECAYLINEAR, suspension, and missing-value semantics in the upstream generator."
alpha191,alpha191_116,external_formula,191,"open, high, low, close, volume, vwap, index_open, index_close",External GTJA Alpha116 value merged into the date/ticker panel.,external,"Formula implementation is not maintained in this repo; fix SMA, DECAYLINEAR, suspension, and missing-value semantics in the upstream generator."
alpha191,alpha191_117,external_formula,191,"open, high, low, close, volume, vwap, index_open, index_close",External GTJA Alpha117 value merged into the date/ticker panel.,external,"Formula implementation is not maintained in this repo; fix SMA, DECAYLINEAR, suspension, and missing-value semantics in the upstream generator."
alpha191,alpha191_118,external_formula,191,"open, high, low, close, volume, vwap, index_open, index_close",External GTJA Alpha118 value merged into the date/ticker panel.,external,"Formula implementation is not maintained in this repo; fix SMA, DECAYLINEAR, suspension, and missing-value semantics in the upstream generator."
alpha191,alpha191_119,external_formula,191,"open, high, low, close, volume, vwap, index_open, index_close",External GTJA Alpha119 value merged into the date/ticker panel.,external,"Formula implementation is not maintained in this repo; fix SMA, DECAYLINEAR, suspension, and missing-value semantics in the upstream generator."
alpha191,alpha191_120,external_formula,191,"open, high, low, close, volume, vwap, index_open, index_close",External GTJA Alpha120 value merged into the date/ticker panel.,external,"Formula implementation is not maintained in this repo; fix SMA, DECAYLINEAR, suspension, and missing-value semantics in the upstream generator."
alpha191,alpha191_121,external_formula,191,"open, high, low, close, volume, vwap, index_open, index_close",External GTJA Alpha121 value merged into the date/ticker panel.,external,"Formula implementation is not maintained in this repo; fix SMA, DECAYLINEAR, suspension, and missing-value semantics in the upstream generator."
alpha191,alpha191_122,external_formula,191,"open, high, low, close, volume, vwap, index_open, index_close",External GTJA Alpha122 value merged into the date/ticker panel.,external,"Formula implementation is not maintained in this repo; fix SMA, DECAYLINEAR, suspension, and missing-value semantics in the upstream generator."
alpha191,alpha191_123,external_formula,191,"open, high, low, close, volume, vwap, index_open, index_close",External GTJA Alpha123 value merged into the date/ticker panel.,external,"Formula implementation is not maintained in this repo; fix SMA, DECAYLINEAR, suspension, and missing-value semantics in the upstream generator."
alpha191,alpha191_124,external_formula,191,"open, high, low, close, volume, vwap, index_open, index_close",External GTJA Alpha124 value merged into the date/ticker panel.,external,"Formula implementation is not maintained in this repo; fix SMA, DECAYLINEAR, suspension, and missing-value semantics in the upstream generator."
alpha191,alpha191_125,external_formula,191,"open, high, low, close, volume, vwap, index_open, index_close",External GTJA Alpha125 value merged into the date/ticker panel.,external,"Formula implementation is not maintained in this repo; fix SMA, DECAYLINEAR, suspension, and missing-value semantics in the upstream generator."
alpha191,alpha191_126,external_formula,191,"open, high, low, close, volume, vwap, index_open, index_close",External GTJA Alpha126 value merged into the date/ticker panel.,external,"Formula implementation is not maintained in this repo; fix SMA, DECAYLINEAR, suspension, and missing-value semantics in the upstream generator."
alpha191,alpha191_127,external_formula,191,"open, high, low, close, volume, vwap, index_open, index_close",External GTJA Alpha127 value merged into the date/ticker panel.,external,"Formula implementation is not maintained in this repo; fix SMA, DECAYLINEAR, suspension, and missing-value semantics in the upstream generator."
alpha191,alpha191_128,external_formula,191,"open, high, low, close, volume, vwap, index_open, index_close",External GTJA Alpha128 value merged into the date/ticker panel.,external,"Formula implementation is not maintained in this repo; fix SMA, DECAYLINEAR, suspension, and missing-value semantics in the upstream generator."
alpha191,alpha191_129,external_formula,191,"open, high, low, close, volume, vwap, index_open, index_close",External GTJA Alpha129 value merged into the date/ticker panel.,external,"Formula implementation is not maintained in this repo; fix SMA, DECAYLINEAR, suspension, and missing-value semantics in the upstream generator."
alpha191,alpha191_130,external_formula,191,"open, high, low, close, volume, vwap, index_open, index_close",External GTJA Alpha130 value merged into the date/ticker panel.,external,"Formula implementation is not maintained in this repo; fix SMA, DECAYLINEAR, suspension, and missing-value semantics in the upstream generator."
alpha191,alpha191_131,external_formula,191,"open, high, low, close, volume, vwap, index_open, index_close",External GTJA Alpha131 value merged into the date/ticker panel.,external,"Formula implementation is not maintained in this repo; fix SMA, DECAYLINEAR, suspension, and missing-value semantics in the upstream generator."
alpha191,alpha191_132,external_formula,191,"open, high, low, close, volume, vwap, index_open, index_close",External GTJA Alpha132 value merged into the date/ticker panel.,external,"Formula implementation is not maintained in this repo; fix SMA, DECAYLINEAR, suspension, and missing-value semantics in the upstream generator."
alpha191,alpha191_133,external_formula,191,"open, high, low, close, volume, vwap, index_open, index_close",External GTJA Alpha133 value merged into the date/ticker panel.,external,"Formula implementation is not maintained in this repo; fix SMA, DECAYLINEAR, suspension, and missing-value semantics in the upstream generator."
alpha191,alpha191_134,external_formula,191,"open, high, low, close, volume, vwap, index_open, index_close",External GTJA Alpha134 value merged into the date/ticker panel.,external,"Formula implementation is not maintained in this repo; fix SMA, DECAYLINEAR, suspension, and missing-value semantics in the upstream generator."
alpha191,alpha191_135,external_formula,191,"open, high, low, close, volume, vwap, index_open, index_close",External GTJA Alpha135 value merged into the date/ticker panel.,external,"Formula implementation is not maintained in this repo; fix SMA, DECAYLINEAR, suspension, and missing-value semantics in the upstream generator."
alpha191,alpha191_136,external_formula,191,"open, high, low, close, volume, vwap, index_open, index_close",External GTJA Alpha136 value merged into the date/ticker panel.,external,"Formula implementation is not maintained in this repo; fix SMA, DECAYLINEAR, suspension, and missing-value semantics in the upstream generator."
alpha191,alpha191_137,external_formula,191,"open, high, low, close, volume, vwap, index_open, index_close",External GTJA Alpha137 value merged into the date/ticker panel.,external,"Formula implementation is not maintained in this repo; fix SMA, DECAYLINEAR, suspension, and missing-value semantics in the upstream generator."
alpha191,alpha191_138,external_formula,191,"open, high, low, close, volume, vwap, index_open, index_close",External GTJA Alpha138 value merged into the date/ticker panel.,external,"Formula implementation is not maintained in this repo; fix SMA, DECAYLINEAR, suspension, and missing-value semantics in the upstream generator."
alpha191,alpha191_139,external_formula,191,"open, high, low, close, volume, vwap, index_open, index_close",External GTJA Alpha139 value merged into the date/ticker panel.,external,"Formula implementation is not maintained in this repo; fix SMA, DECAYLINEAR, suspension, and missing-value semantics in the upstream generator."
alpha191,alpha191_140,external_formula,191,"open, high, low, close, volume, vwap, index_open, index_close",External GTJA Alpha140 value merged into the date/ticker panel.,external,"Formula implementation is not maintained in this repo; fix SMA, DECAYLINEAR, suspension, and missing-value semantics in the upstream generator."
alpha191,alpha191_141,external_formula,191,"open, high, low, close, volume, vwap, index_open, index_close",External GTJA Alpha141 value merged into the date/ticker panel.,external,"Formula implementation is not maintained in this repo; fix SMA, DECAYLINEAR, suspension, and missing-value semantics in the upstream generator."
alpha191,alpha191_142,external_formula,191,"open, high, low, close, volume, vwap, index_open, index_close",External GTJA Alpha142 value merged into the date/ticker panel.,external,"Formula implementation is not maintained in this repo; fix SMA, DECAYLINEAR, suspension, and missing-value semantics in the upstream generator."
alpha191,alpha191_143,external_formula,191,"open, high, low, close, volume, vwap, index_open, index_close",External GTJA Alpha143 value merged into the date/ticker panel.,external,"Formula implementation is not maintained in this repo; fix SMA, DECAYLINEAR, suspension, and missing-value semantics in the upstream generator."
alpha191,alpha191_144,external_formula,191,"open, high, low, close, volume, vwap, index_open, index_close",External GTJA Alpha144 value merged into the date/ticker panel.,external,"Formula implementation is not maintained in this repo; fix SMA, DECAYLINEAR, suspension, and missing-value semantics in the upstream generator."
alpha191,alpha191_145,external_formula,191,"open, high, low, close, volume, vwap, index_open, index_close",External GTJA Alpha145 value merged into the date/ticker panel.,external,"Formula implementation is not maintained in this repo; fix SMA, DECAYLINEAR, suspension, and missing-value semantics in the upstream generator."
alpha191,alpha191_146,external_formula,191,"open, high, low, close, volume, vwap, index_open, index_close",External GTJA Alpha146 value merged into the date/ticker panel.,external,"Formula implementation is not maintained in this repo; fix SMA, DECAYLINEAR, suspension, and missing-value semantics in the upstream generator."
alpha191,alpha191_147,external_formula,191,"open, high, low, close, volume, vwap, index_open, index_close",External GTJA Alpha147 value merged into the date/ticker panel.,external,"Formula implementation is not maintained in this repo; fix SMA, DECAYLINEAR, suspension, and missing-value semantics in the upstream generator."
alpha191,alpha191_148,external_formula,191,"open, high, low, close, volume, vwap, index_open, index_close",External GTJA Alpha148 value merged into the date/ticker panel.,external,"Formula implementation is not maintained in this repo; fix SMA, DECAYLINEAR, suspension, and missing-value semantics in the upstream generator."
alpha191,alpha191_149,external_formula,191,"open, high, low, close, volume, vwap, index_open, index_close",External GTJA Alpha149 value merged into the date/ticker panel.,external,"Formula implementation is not maintained in this repo; fix SMA, DECAYLINEAR, suspension, and missing-value semantics in the upstream generator."
alpha191,alpha191_150,external_formula,191,"open, high, low, close, volume, vwap, index_open, index_close",External GTJA Alpha150 value merged into the date/ticker panel.,external,"Formula implementation is not maintained in this repo; fix SMA, DECAYLINEAR, suspension, and missing-value semantics in the upstream generator."
alpha191,alpha191_151,external_formula,191,"open, high, low, close, volume, vwap, index_open, index_close",External GTJA Alpha151 value merged into the date/ticker panel.,external,"Formula implementation is not maintained in this repo; fix SMA, DECAYLINEAR, suspension, and missing-value semantics in the upstream generator."
alpha191,alpha191_152,external_formula,191,"open, high, low, close, volume, vwap, index_open, index_close",External GTJA Alpha152 value merged into the date/ticker panel.,external,"Formula implementation is not maintained in this repo; fix SMA, DECAYLINEAR, suspension, and missing-value semantics in the upstream generator."
alpha191,alpha191_153,external_formula,191,"open, high, low, close, volume, vwap, index_open, index_close",External GTJA Alpha153 value merged into the date/ticker panel.,external,"Formula implementation is not maintained in this repo; fix SMA, DECAYLINEAR, suspension, and missing-value semantics in the upstream generator."
alpha191,alpha191_154,external_formula,191,"open, high, low, close, volume, vwap, index_open, index_close",External GTJA Alpha154 value merged into the date/ticker panel.,external,"Formula implementation is not maintained in this repo; fix SMA, DECAYLINEAR, suspension, and missing-value semantics in the upstream generator."
alpha191,alpha191_155,external_formula,191,"open, high, low, close, volume, vwap, index_open, index_close",External GTJA Alpha155 value merged into the date/ticker panel.,external,"Formula implementation is not maintained in this repo; fix SMA, DECAYLINEAR, suspension, and missing-value semantics in the upstream generator."
alpha191,alpha191_156,external_formula,191,"open, high, low, close, volume, vwap, index_open, index_close",External GTJA Alpha156 value merged into the date/ticker panel.,external,"Formula implementation is not maintained in this repo; fix SMA, DECAYLINEAR, suspension, and missing-value semantics in the upstream generator."
alpha191,alpha191_157,external_formula,191,"open, high, low, close, volume, vwap, index_open, index_close",External GTJA Alpha157 value merged into the date/ticker panel.,external,"Formula implementation is not maintained in this repo; fix SMA, DECAYLINEAR, suspension, and missing-value semantics in the upstream generator."
alpha191,alpha191_158,external_formula,191,"open, high, low, close, volume, vwap, index_open, index_close",External GTJA Alpha158 value merged into the date/ticker panel.,external,"Formula implementation is not maintained in this repo; fix SMA, DECAYLINEAR, suspension, and missing-value semantics in the upstream generator."
alpha191,alpha191_159,external_formula,191,"open, high, low, close, volume, vwap, index_open, index_close",External GTJA Alpha159 value merged into the date/ticker panel.,external,"Formula implementation is not maintained in this repo; fix SMA, DECAYLINEAR, suspension, and missing-value semantics in the upstream generator."
alpha191,alpha191_160,external_formula,191,"open, high, low, close, volume, vwap, index_open, index_close",External GTJA Alpha160 value merged into the date/ticker panel.,external,"Formula implementation is not maintained in this repo; fix SMA, DECAYLINEAR, suspension, and missing-value semantics in the upstream generator."
alpha191,alpha191_161,external_formula,191,"open, high, low, close, volume, vwap, index_open, index_close",External GTJA Alpha161 value merged into the date/ticker panel.,external,"Formula implementation is not maintained in this repo; fix SMA, DECAYLINEAR, suspension, and missing-value semantics in the upstream generator."
alpha191,alpha191_162,external_formula,191,"open, high, low, close, volume, vwap, index_open, index_close",External GTJA Alpha162 value merged into the date/ticker panel.,external,"Formula implementation is not maintained in this repo; fix SMA, DECAYLINEAR, suspension, and missing-value semantics in the upstream generator."
alpha191,alpha191_163,external_formula,191,"open, high, low, close, volume, vwap, index_open, index_close",External GTJA Alpha163 value merged into the date/ticker panel.,external,"Formula implementation is not maintained in this repo; fix SMA, DECAYLINEAR, suspension, and missing-value semantics in the upstream generator."
alpha191,alpha191_164,external_formula,191,"open, high, low, close, volume, vwap, index_open, index_close",External GTJA Alpha164 value merged into the date/ticker panel.,external,"Formula implementation is not maintained in this repo; fix SMA, DECAYLINEAR, suspension, and missing-value semantics in the upstream generator."
alpha191,alpha191_165,external_formula,191,"open, high, low, close, volume, vwap, index_open, index_close",External GTJA Alpha165 value merged into the date/ticker panel.,external,"Formula implementation is not maintained in this repo; fix SMA, DECAYLINEAR, suspension, and missing-value semantics in the upstream generator."
alpha191,alpha191_166,external_formula,191,"open, high, low, close, volume, vwap, index_open, index_close",External GTJA Alpha166 value merged into the date/ticker panel.,external,"Formula implementation is not maintained in this repo; fix SMA, DECAYLINEAR, suspension, and missing-value semantics in the upstream generator."
alpha191,alpha191_167,external_formula,191,"open, high, low, close, volume, vwap, index_open, index_close",External GTJA Alpha167 value merged into the date/ticker panel.,external,"Formula implementation is not maintained in this repo; fix SMA, DECAYLINEAR, suspension, and missing-value semantics in the upstream generator."
alpha191,alpha191_168,external_formula,191,"open, high, low, close, volume, vwap, index_open, index_close",External GTJA Alpha168 value merged into the date/ticker panel.,external,"Formula implementation is not maintained in this repo; fix SMA, DECAYLINEAR, suspension, and missing-value semantics in the upstream generator."
alpha191,alpha191_169,external_formula,191,"open, high, low, close, volume, vwap, index_open, index_close",External GTJA Alpha169 value merged into the date/ticker panel.,external,"Formula implementation is not maintained in this repo; fix SMA, DECAYLINEAR, suspension, and missing-value semantics in the upstream generator."
alpha191,alpha191_170,external_formula,191,"open, high, low, close, volume, vwap, index_open, index_close",External GTJA Alpha170 value merged into the date/ticker panel.,external,"Formula implementation is not maintained in this repo; fix SMA, DECAYLINEAR, suspension, and missing-value semantics in the upstream generator."
alpha191,alpha191_171,external_formula,191,"open, high, low, close, volume, vwap, index_open, index_close",External GTJA Alpha171 value merged into the date/ticker panel.,external,"Formula implementation is not maintained in this repo; fix SMA, DECAYLINEAR, suspension, and missing-value semantics in the upstream generator."
alpha191,alpha191_172,external_formula,191,"open, high, low, close, volume, vwap, index_open, index_close",External GTJA Alpha172 value merged into the date/ticker panel.,external,"Formula implementation is not maintained in this repo; fix SMA, DECAYLINEAR, suspension, and missing-value semantics in the upstream generator."
alpha191,alpha191_173,external_formula,191,"open, high, low, close, volume, vwap, index_open, index_close",External GTJA Alpha173 value merged into the date/ticker panel.,external,"Formula implementation is not maintained in this repo; fix SMA, DECAYLINEAR, suspension, and missing-value semantics in the upstream generator."
alpha191,alpha191_174,external_formula,191,"open, high, low, close, volume, vwap, index_open, index_close",External GTJA Alpha174 value merged into the date/ticker panel.,external,"Formula implementation is not maintained in this repo; fix SMA, DECAYLINEAR, suspension, and missing-value semantics in the upstream generator."
alpha191,alpha191_175,external_formula,191,"open, high, low, close, volume, vwap, index_open, index_close",External GTJA Alpha175 value merged into the date/ticker panel.,external,"Formula implementation is not maintained in this repo; fix SMA, DECAYLINEAR, suspension, and missing-value semantics in the upstream generator."
alpha191,alpha191_176,external_formula,191,"open, high, low, close, volume, vwap, index_open, index_close",External GTJA Alpha176 value merged into the date/ticker panel.,external,"Formula implementation is not maintained in this repo; fix SMA, DECAYLINEAR, suspension, and missing-value semantics in the upstream generator."
alpha191,alpha191_177,external_formula,191,"open, high, low, close, volume, vwap, index_open, index_close",External GTJA Alpha177 value merged into the date/ticker panel.,external,"Formula implementation is not maintained in this repo; fix SMA, DECAYLINEAR, suspension, and missing-value semantics in the upstream generator."
alpha191,alpha191_178,external_formula,191,"open, high, low, close, volume, vwap, index_open, index_close",External GTJA Alpha178 value merged into the date/ticker panel.,external,"Formula implementation is not maintained in this repo; fix SMA, DECAYLINEAR, suspension, and missing-value semantics in the upstream generator."
alpha191,alpha191_179,external_formula,191,"open, high, low, close, volume, vwap, index_open, index_close",External GTJA Alpha179 value merged into the date/ticker panel.,external,"Formula implementation is not maintained in this repo; fix SMA, DECAYLINEAR, suspension, and missing-value semantics in the upstream generator."
alpha191,alpha191_180,external_formula,191,"open, high, low, close, volume, vwap, index_open, index_close",External GTJA Alpha180 value merged into the date/ticker panel.,external,"Formula implementation is not maintained in this repo; fix SMA, DECAYLINEAR, suspension, and missing-value semantics in the upstream generator."
alpha191,alpha191_181,external_formula,191,"open, high, low, close, volume, vwap, index_open, index_close",External GTJA Alpha181 value merged into the date/ticker panel.,external,"Formula implementation is not maintained in this repo; fix SMA, DECAYLINEAR, suspension, and missing-value semantics in the upstream generator."
alpha191,alpha191_182,external_formula,191,"open, high, low, close, volume, vwap, index_open, index_close",External GTJA Alpha182 value merged into the date/ticker panel.,external,"Formula implementation is not maintained in this repo; fix SMA, DECAYLINEAR, suspension, and missing-value semantics in the upstream generator."
alpha191,alpha191_183,external_formula,191,"open, high, low, close, volume, vwap, index_open, index_close",External GTJA Alpha183 value merged into the date/ticker panel.,external,"Formula implementation is not maintained in this repo; fix SMA, DECAYLINEAR, suspension, and missing-value semantics in the upstream generator."
alpha191,alpha191_184,external_formula,191,"open, high, low, close, volume, vwap, index_open, index_close",External GTJA Alpha184 value merged into the date/ticker panel.,external,"Formula implementation is not maintained in this repo; fix SMA, DECAYLINEAR, suspension, and missing-value semantics in the upstream generator."
alpha191,alpha191_185,external_formula,191,"open, high, low, close, volume, vwap, index_open, index_close",External GTJA Alpha185 value merged into the date/ticker panel.,external,"Formula implementation is not maintained in this repo; fix SMA, DECAYLINEAR, suspension, and missing-value semantics in the upstream generator."
alpha191,alpha191_186,external_formula,191,"open, high, low, close, volume, vwap, index_open, index_close",External GTJA Alpha186 value merged into the date/ticker panel.,external,"Formula implementation is not maintained in this repo; fix SMA, DECAYLINEAR, suspension, and missing-value semantics in the upstream generator."
alpha191,alpha191_187,external_formula,191,"open, high, low, close, volume, vwap, index_open, index_close",External GTJA Alpha187 value merged into the date/ticker panel.,external,"Formula implementation is not maintained in this repo; fix SMA, DECAYLINEAR, suspension, and missing-value semantics in the upstream generator."
alpha191,alpha191_188,external_formula,191,"open, high, low, close, volume, vwap, index_open, index_close",External GTJA Alpha188 value merged into the date/ticker panel.,external,"Formula implementation is not maintained in this repo; fix SMA, DECAYLINEAR, suspension, and missing-value semantics in the upstream generator."
alpha191,alpha191_189,external_formula,191,"open, high, low, close, volume, vwap, index_open, index_close",External GTJA Alpha189 value merged into the date/ticker panel.,external,"Formula implementation is not maintained in this repo; fix SMA, DECAYLINEAR, suspension, and missing-value semantics in the upstream generator."
alpha191,alpha191_190,external_formula,191,"open, high, low, close, volume, vwap, index_open, index_close",External GTJA Alpha190 value merged into the date/ticker panel.,external,"Formula implementation is not maintained in this repo; fix SMA, DECAYLINEAR, suspension, and missing-value semantics in the upstream generator."
alpha191,alpha191_191,external_formula,191,"open, high, low, close, volume, vwap, index_open, index_close",External GTJA Alpha191 value merged into the date/ticker panel.,external,"Formula implementation is not maintained in this repo; fix SMA, DECAYLINEAR, suspension, and missing-value semantics in the upstream generator."
alpha158,alpha158_kmid,candlestick,158,"open, close",(close - open) / open,moneytree.factors.qlib.build_alpha158_features,Daily body return.
alpha158,alpha158_klen,candlestick,158,"open, high, low",(high - low) / open,moneytree.factors.qlib.build_alpha158_features,Daily high-low range scaled by open.
alpha158,alpha158_kmid2,candlestick,158,"open, high, low, close",(close - open) / (high - low),moneytree.factors.qlib.build_alpha158_features,Daily body scaled by intraday range.
alpha158,alpha158_kup,candlestick,158,"open, high, close","(high - max(open, close)) / open",moneytree.factors.qlib.build_alpha158_features,Upper shadow scaled by open.
alpha158,alpha158_kup2,candlestick,158,"open, high, low, close","(high - max(open, close)) / (high - low)",moneytree.factors.qlib.build_alpha158_features,Upper shadow scaled by intraday range.
alpha158,alpha158_klow,candlestick,158,"open, low, close","(min(open, close) - low) / open",moneytree.factors.qlib.build_alpha158_features,Lower shadow scaled by open.
alpha158,alpha158_klow2,candlestick,158,"open, high, low, close","(min(open, close) - low) / (high - low)",moneytree.factors.qlib.build_alpha158_features,Lower shadow scaled by intraday range.
alpha158,alpha158_ksft,candlestick,158,"open, high, low, close",(2 * close - high - low) / open,moneytree.factors.qlib.build_alpha158_features,Close location versus high-low midpoint scaled by open.
alpha158,alpha158_ksft2,candlestick,158,"open, high, low, close",(2 * close - high - low) / (high - low),moneytree.factors.qlib.build_alpha158_features,Close location versus high-low midpoint scaled by intraday range.
alpha158,alpha158_open_lag00_rel_close,price_lag_relative_to_close,158,"open, close","shift(open, 0) / current_close - 1",moneytree.factors.qlib.build_alpha158_features,resolved adjusted price fields when adjusted=True: open/high/low/close/vwap; volume is raw
alpha158,alpha158_open_lag01_rel_close,price_lag_relative_to_close,158,"open, close","shift(open, 1) / current_close - 1",moneytree.factors.qlib.build_alpha158_features,resolved adjusted price fields when adjusted=True: open/high/low/close/vwap; volume is raw
alpha158,alpha158_open_lag02_rel_close,price_lag_relative_to_close,158,"open, close","shift(open, 2) / current_close - 1",moneytree.factors.qlib.build_alpha158_features,resolved adjusted price fields when adjusted=True: open/high/low/close/vwap; volume is raw
alpha158,alpha158_open_lag03_rel_close,price_lag_relative_to_close,158,"open, close","shift(open, 3) / current_close - 1",moneytree.factors.qlib.build_alpha158_features,resolved adjusted price fields when adjusted=True: open/high/low/close/vwap; volume is raw
alpha158,alpha158_open_lag04_rel_close,price_lag_relative_to_close,158,"open, close","shift(open, 4) / current_close - 1",moneytree.factors.qlib.build_alpha158_features,resolved adjusted price fields when adjusted=True: open/high/low/close/vwap; volume is raw
alpha158,alpha158_open_lag05_rel_close,price_lag_relative_to_close,158,"open, close","shift(open, 5) / current_close - 1",moneytree.factors.qlib.build_alpha158_features,resolved adjusted price fields when adjusted=True: open/high/low/close/vwap; volume is raw
alpha158,alpha158_open_lag06_rel_close,price_lag_relative_to_close,158,"open, close","shift(open, 6) / current_close - 1",moneytree.factors.qlib.build_alpha158_features,resolved adjusted price fields when adjusted=True: open/high/low/close/vwap; volume is raw
alpha158,alpha158_open_lag07_rel_close,price_lag_relative_to_close,158,"open, close","shift(open, 7) / current_close - 1",moneytree.factors.qlib.build_alpha158_features,resolved adjusted price fields when adjusted=True: open/high/low/close/vwap; volume is raw
alpha158,alpha158_open_lag08_rel_close,price_lag_relative_to_close,158,"open, close","shift(open, 8) / current_close - 1",moneytree.factors.qlib.build_alpha158_features,resolved adjusted price fields when adjusted=True: open/high/low/close/vwap; volume is raw
alpha158,alpha158_open_lag09_rel_close,price_lag_relative_to_close,158,"open, close","shift(open, 9) / current_close - 1",moneytree.factors.qlib.build_alpha158_features,resolved adjusted price fields when adjusted=True: open/high/low/close/vwap; volume is raw
alpha158,alpha158_open_lag10_rel_close,price_lag_relative_to_close,158,"open, close","shift(open, 10) / current_close - 1",moneytree.factors.qlib.build_alpha158_features,resolved adjusted price fields when adjusted=True: open/high/low/close/vwap; volume is raw
alpha158,alpha158_open_lag11_rel_close,price_lag_relative_to_close,158,"open, close","shift(open, 11) / current_close - 1",moneytree.factors.qlib.build_alpha158_features,resolved adjusted price fields when adjusted=True: open/high/low/close/vwap; volume is raw
alpha158,alpha158_open_lag12_rel_close,price_lag_relative_to_close,158,"open, close","shift(open, 12) / current_close - 1",moneytree.factors.qlib.build_alpha158_features,resolved adjusted price fields when adjusted=True: open/high/low/close/vwap; volume is raw
alpha158,alpha158_open_lag13_rel_close,price_lag_relative_to_close,158,"open, close","shift(open, 13) / current_close - 1",moneytree.factors.qlib.build_alpha158_features,resolved adjusted price fields when adjusted=True: open/high/low/close/vwap; volume is raw
alpha158,alpha158_open_lag14_rel_close,price_lag_relative_to_close,158,"open, close","shift(open, 14) / current_close - 1",moneytree.factors.qlib.build_alpha158_features,resolved adjusted price fields when adjusted=True: open/high/low/close/vwap; volume is raw
alpha158,alpha158_open_lag15_rel_close,price_lag_relative_to_close,158,"open, close","shift(open, 15) / current_close - 1",moneytree.factors.qlib.build_alpha158_features,resolved adjusted price fields when adjusted=True: open/high/low/close/vwap; volume is raw
alpha158,alpha158_open_lag16_rel_close,price_lag_relative_to_close,158,"open, close","shift(open, 16) / current_close - 1",moneytree.factors.qlib.build_alpha158_features,resolved adjusted price fields when adjusted=True: open/high/low/close/vwap; volume is raw
alpha158,alpha158_open_lag17_rel_close,price_lag_relative_to_close,158,"open, close","shift(open, 17) / current_close - 1",moneytree.factors.qlib.build_alpha158_features,resolved adjusted price fields when adjusted=True: open/high/low/close/vwap; volume is raw
alpha158,alpha158_open_lag18_rel_close,price_lag_relative_to_close,158,"open, close","shift(open, 18) / current_close - 1",moneytree.factors.qlib.build_alpha158_features,resolved adjusted price fields when adjusted=True: open/high/low/close/vwap; volume is raw
alpha158,alpha158_open_lag19_rel_close,price_lag_relative_to_close,158,"open, close","shift(open, 19) / current_close - 1",moneytree.factors.qlib.build_alpha158_features,resolved adjusted price fields when adjusted=True: open/high/low/close/vwap; volume is raw
alpha158,alpha158_high_lag00_rel_close,price_lag_relative_to_close,158,"high, close","shift(high, 0) / current_close - 1",moneytree.factors.qlib.build_alpha158_features,resolved adjusted price fields when adjusted=True: open/high/low/close/vwap; volume is raw
alpha158,alpha158_high_lag01_rel_close,price_lag_relative_to_close,158,"high, close","shift(high, 1) / current_close - 1",moneytree.factors.qlib.build_alpha158_features,resolved adjusted price fields when adjusted=True: open/high/low/close/vwap; volume is raw
alpha158,alpha158_high_lag02_rel_close,price_lag_relative_to_close,158,"high, close","shift(high, 2) / current_close - 1",moneytree.factors.qlib.build_alpha158_features,resolved adjusted price fields when adjusted=True: open/high/low/close/vwap; volume is raw
alpha158,alpha158_high_lag03_rel_close,price_lag_relative_to_close,158,"high, close","shift(high, 3) / current_close - 1",moneytree.factors.qlib.build_alpha158_features,resolved adjusted price fields when adjusted=True: open/high/low/close/vwap; volume is raw
alpha158,alpha158_high_lag04_rel_close,price_lag_relative_to_close,158,"high, close","shift(high, 4) / current_close - 1",moneytree.factors.qlib.build_alpha158_features,resolved adjusted price fields when adjusted=True: open/high/low/close/vwap; volume is raw
alpha158,alpha158_high_lag05_rel_close,price_lag_relative_to_close,158,"high, close","shift(high, 5) / current_close - 1",moneytree.factors.qlib.build_alpha158_features,resolved adjusted price fields when adjusted=True: open/high/low/close/vwap; volume is raw
alpha158,alpha158_high_lag06_rel_close,price_lag_relative_to_close,158,"high, close","shift(high, 6) / current_close - 1",moneytree.factors.qlib.build_alpha158_features,resolved adjusted price fields when adjusted=True: open/high/low/close/vwap; volume is raw
alpha158,alpha158_high_lag07_rel_close,price_lag_relative_to_close,158,"high, close","shift(high, 7) / current_close - 1",moneytree.factors.qlib.build_alpha158_features,resolved adjusted price fields when adjusted=True: open/high/low/close/vwap; volume is raw
alpha158,alpha158_high_lag08_rel_close,price_lag_relative_to_close,158,"high, close","shift(high, 8) / current_close - 1",moneytree.factors.qlib.build_alpha158_features,resolved adjusted price fields when adjusted=True: open/high/low/close/vwap; volume is raw
alpha158,alpha158_high_lag09_rel_close,price_lag_relative_to_close,158,"high, close","shift(high, 9) / current_close - 1",moneytree.factors.qlib.build_alpha158_features,resolved adjusted price fields when adjusted=True: open/high/low/close/vwap; volume is raw
alpha158,alpha158_high_lag10_rel_close,price_lag_relative_to_close,158,"high, close","shift(high, 10) / current_close - 1",moneytree.factors.qlib.build_alpha158_features,resolved adjusted price fields when adjusted=True: open/high/low/close/vwap; volume is raw
alpha158,alpha158_high_lag11_rel_close,price_lag_relative_to_close,158,"high, close","shift(high, 11) / current_close - 1",moneytree.factors.qlib.build_alpha158_features,resolved adjusted price fields when adjusted=True: open/high/low/close/vwap; volume is raw
alpha158,alpha158_high_lag12_rel_close,price_lag_relative_to_close,158,"high, close","shift(high, 12) / current_close - 1",moneytree.factors.qlib.build_alpha158_features,resolved adjusted price fields when adjusted=True: open/high/low/close/vwap; volume is raw
alpha158,alpha158_high_lag13_rel_close,price_lag_relative_to_close,158,"high, close","shift(high, 13) / current_close - 1",moneytree.factors.qlib.build_alpha158_features,resolved adjusted price fields when adjusted=True: open/high/low/close/vwap; volume is raw
alpha158,alpha158_high_lag14_rel_close,price_lag_relative_to_close,158,"high, close","shift(high, 14) / current_close - 1",moneytree.factors.qlib.build_alpha158_features,resolved adjusted price fields when adjusted=True: open/high/low/close/vwap; volume is raw
alpha158,alpha158_high_lag15_rel_close,price_lag_relative_to_close,158,"high, close","shift(high, 15) / current_close - 1",moneytree.factors.qlib.build_alpha158_features,resolved adjusted price fields when adjusted=True: open/high/low/close/vwap; volume is raw
alpha158,alpha158_high_lag16_rel_close,price_lag_relative_to_close,158,"high, close","shift(high, 16) / current_close - 1",moneytree.factors.qlib.build_alpha158_features,resolved adjusted price fields when adjusted=True: open/high/low/close/vwap; volume is raw
alpha158,alpha158_high_lag17_rel_close,price_lag_relative_to_close,158,"high, close","shift(high, 17) / current_close - 1",moneytree.factors.qlib.build_alpha158_features,resolved adjusted price fields when adjusted=True: open/high/low/close/vwap; volume is raw
alpha158,alpha158_high_lag18_rel_close,price_lag_relative_to_close,158,"high, close","shift(high, 18) / current_close - 1",moneytree.factors.qlib.build_alpha158_features,resolved adjusted price fields when adjusted=True: open/high/low/close/vwap; volume is raw
alpha158,alpha158_high_lag19_rel_close,price_lag_relative_to_close,158,"high, close","shift(high, 19) / current_close - 1",moneytree.factors.qlib.build_alpha158_features,resolved adjusted price fields when adjusted=True: open/high/low/close/vwap; volume is raw
alpha158,alpha158_low_lag00_rel_close,price_lag_relative_to_close,158,"low, close","shift(low, 0) / current_close - 1",moneytree.factors.qlib.build_alpha158_features,resolved adjusted price fields when adjusted=True: open/high/low/close/vwap; volume is raw
alpha158,alpha158_low_lag01_rel_close,price_lag_relative_to_close,158,"low, close","shift(low, 1) / current_close - 1",moneytree.factors.qlib.build_alpha158_features,resolved adjusted price fields when adjusted=True: open/high/low/close/vwap; volume is raw
alpha158,alpha158_low_lag02_rel_close,price_lag_relative_to_close,158,"low, close","shift(low, 2) / current_close - 1",moneytree.factors.qlib.build_alpha158_features,resolved adjusted price fields when adjusted=True: open/high/low/close/vwap; volume is raw
alpha158,alpha158_low_lag03_rel_close,price_lag_relative_to_close,158,"low, close","shift(low, 3) / current_close - 1",moneytree.factors.qlib.build_alpha158_features,resolved adjusted price fields when adjusted=True: open/high/low/close/vwap; volume is raw
alpha158,alpha158_low_lag04_rel_close,price_lag_relative_to_close,158,"low, close","shift(low, 4) / current_close - 1",moneytree.factors.qlib.build_alpha158_features,resolved adjusted price fields when adjusted=True: open/high/low/close/vwap; volume is raw
alpha158,alpha158_low_lag05_rel_close,price_lag_relative_to_close,158,"low, close","shift(low, 5) / current_close - 1",moneytree.factors.qlib.build_alpha158_features,resolved adjusted price fields when adjusted=True: open/high/low/close/vwap; volume is raw
alpha158,alpha158_low_lag06_rel_close,price_lag_relative_to_close,158,"low, close","shift(low, 6) / current_close - 1",moneytree.factors.qlib.build_alpha158_features,resolved adjusted price fields when adjusted=True: open/high/low/close/vwap; volume is raw
alpha158,alpha158_low_lag07_rel_close,price_lag_relative_to_close,158,"low, close","shift(low, 7) / current_close - 1",moneytree.factors.qlib.build_alpha158_features,resolved adjusted price fields when adjusted=True: open/high/low/close/vwap; volume is raw
alpha158,alpha158_low_lag08_rel_close,price_lag_relative_to_close,158,"low, close","shift(low, 8) / current_close - 1",moneytree.factors.qlib.build_alpha158_features,resolved adjusted price fields when adjusted=True: open/high/low/close/vwap; volume is raw
alpha158,alpha158_low_lag09_rel_close,price_lag_relative_to_close,158,"low, close","shift(low, 9) / current_close - 1",moneytree.factors.qlib.build_alpha158_features,resolved adjusted price fields when adjusted=True: open/high/low/close/vwap; volume is raw
alpha158,alpha158_low_lag10_rel_close,price_lag_relative_to_close,158,"low, close","shift(low, 10) / current_close - 1",moneytree.factors.qlib.build_alpha158_features,resolved adjusted price fields when adjusted=True: open/high/low/close/vwap; volume is raw
alpha158,alpha158_low_lag11_rel_close,price_lag_relative_to_close,158,"low, close","shift(low, 11) / current_close - 1",moneytree.factors.qlib.build_alpha158_features,resolved adjusted price fields when adjusted=True: open/high/low/close/vwap; volume is raw
alpha158,alpha158_low_lag12_rel_close,price_lag_relative_to_close,158,"low, close","shift(low, 12) / current_close - 1",moneytree.factors.qlib.build_alpha158_features,resolved adjusted price fields when adjusted=True: open/high/low/close/vwap; volume is raw
alpha158,alpha158_low_lag13_rel_close,price_lag_relative_to_close,158,"low, close","shift(low, 13) / current_close - 1",moneytree.factors.qlib.build_alpha158_features,resolved adjusted price fields when adjusted=True: open/high/low/close/vwap; volume is raw
alpha158,alpha158_low_lag14_rel_close,price_lag_relative_to_close,158,"low, close","shift(low, 14) / current_close - 1",moneytree.factors.qlib.build_alpha158_features,resolved adjusted price fields when adjusted=True: open/high/low/close/vwap; volume is raw
alpha158,alpha158_low_lag15_rel_close,price_lag_relative_to_close,158,"low, close","shift(low, 15) / current_close - 1",moneytree.factors.qlib.build_alpha158_features,resolved adjusted price fields when adjusted=True: open/high/low/close/vwap; volume is raw
alpha158,alpha158_low_lag16_rel_close,price_lag_relative_to_close,158,"low, close","shift(low, 16) / current_close - 1",moneytree.factors.qlib.build_alpha158_features,resolved adjusted price fields when adjusted=True: open/high/low/close/vwap; volume is raw
alpha158,alpha158_low_lag17_rel_close,price_lag_relative_to_close,158,"low, close","shift(low, 17) / current_close - 1",moneytree.factors.qlib.build_alpha158_features,resolved adjusted price fields when adjusted=True: open/high/low/close/vwap; volume is raw
alpha158,alpha158_low_lag18_rel_close,price_lag_relative_to_close,158,"low, close","shift(low, 18) / current_close - 1",moneytree.factors.qlib.build_alpha158_features,resolved adjusted price fields when adjusted=True: open/high/low/close/vwap; volume is raw
alpha158,alpha158_low_lag19_rel_close,price_lag_relative_to_close,158,"low, close","shift(low, 19) / current_close - 1",moneytree.factors.qlib.build_alpha158_features,resolved adjusted price fields when adjusted=True: open/high/low/close/vwap; volume is raw
alpha158,alpha158_vwap_lag00_rel_close,price_lag_relative_to_close,158,"vwap, close","shift(vwap, 0) / current_close - 1",moneytree.factors.qlib.build_alpha158_features,resolved adjusted price fields when adjusted=True: open/high/low/close/vwap; volume is raw
alpha158,alpha158_vwap_lag01_rel_close,price_lag_relative_to_close,158,"vwap, close","shift(vwap, 1) / current_close - 1",moneytree.factors.qlib.build_alpha158_features,resolved adjusted price fields when adjusted=True: open/high/low/close/vwap; volume is raw
alpha158,alpha158_vwap_lag02_rel_close,price_lag_relative_to_close,158,"vwap, close","shift(vwap, 2) / current_close - 1",moneytree.factors.qlib.build_alpha158_features,resolved adjusted price fields when adjusted=True: open/high/low/close/vwap; volume is raw
alpha158,alpha158_vwap_lag03_rel_close,price_lag_relative_to_close,158,"vwap, close","shift(vwap, 3) / current_close - 1",moneytree.factors.qlib.build_alpha158_features,resolved adjusted price fields when adjusted=True: open/high/low/close/vwap; volume is raw
alpha158,alpha158_vwap_lag04_rel_close,price_lag_relative_to_close,158,"vwap, close","shift(vwap, 4) / current_close - 1",moneytree.factors.qlib.build_alpha158_features,resolved adjusted price fields when adjusted=True: open/high/low/close/vwap; volume is raw
alpha158,alpha158_vwap_lag05_rel_close,price_lag_relative_to_close,158,"vwap, close","shift(vwap, 5) / current_close - 1",moneytree.factors.qlib.build_alpha158_features,resolved adjusted price fields when adjusted=True: open/high/low/close/vwap; volume is raw
alpha158,alpha158_vwap_lag06_rel_close,price_lag_relative_to_close,158,"vwap, close","shift(vwap, 6) / current_close - 1",moneytree.factors.qlib.build_alpha158_features,resolved adjusted price fields when adjusted=True: open/high/low/close/vwap; volume is raw
alpha158,alpha158_vwap_lag07_rel_close,price_lag_relative_to_close,158,"vwap, close","shift(vwap, 7) / current_close - 1",moneytree.factors.qlib.build_alpha158_features,resolved adjusted price fields when adjusted=True: open/high/low/close/vwap; volume is raw
alpha158,alpha158_vwap_lag08_rel_close,price_lag_relative_to_close,158,"vwap, close","shift(vwap, 8) / current_close - 1",moneytree.factors.qlib.build_alpha158_features,resolved adjusted price fields when adjusted=True: open/high/low/close/vwap; volume is raw
alpha158,alpha158_vwap_lag09_rel_close,price_lag_relative_to_close,158,"vwap, close","shift(vwap, 9) / current_close - 1",moneytree.factors.qlib.build_alpha158_features,resolved adjusted price fields when adjusted=True: open/high/low/close/vwap; volume is raw
alpha158,alpha158_vwap_lag10_rel_close,price_lag_relative_to_close,158,"vwap, close","shift(vwap, 10) / current_close - 1",moneytree.factors.qlib.build_alpha158_features,resolved adjusted price fields when adjusted=True: open/high/low/close/vwap; volume is raw
alpha158,alpha158_vwap_lag11_rel_close,price_lag_relative_to_close,158,"vwap, close","shift(vwap, 11) / current_close - 1",moneytree.factors.qlib.build_alpha158_features,resolved adjusted price fields when adjusted=True: open/high/low/close/vwap; volume is raw
alpha158,alpha158_vwap_lag12_rel_close,price_lag_relative_to_close,158,"vwap, close","shift(vwap, 12) / current_close - 1",moneytree.factors.qlib.build_alpha158_features,resolved adjusted price fields when adjusted=True: open/high/low/close/vwap; volume is raw
alpha158,alpha158_vwap_lag13_rel_close,price_lag_relative_to_close,158,"vwap, close","shift(vwap, 13) / current_close - 1",moneytree.factors.qlib.build_alpha158_features,resolved adjusted price fields when adjusted=True: open/high/low/close/vwap; volume is raw
alpha158,alpha158_vwap_lag14_rel_close,price_lag_relative_to_close,158,"vwap, close","shift(vwap, 14) / current_close - 1",moneytree.factors.qlib.build_alpha158_features,resolved adjusted price fields when adjusted=True: open/high/low/close/vwap; volume is raw
alpha158,alpha158_vwap_lag15_rel_close,price_lag_relative_to_close,158,"vwap, close","shift(vwap, 15) / current_close - 1",moneytree.factors.qlib.build_alpha158_features,resolved adjusted price fields when adjusted=True: open/high/low/close/vwap; volume is raw
alpha158,alpha158_vwap_lag16_rel_close,price_lag_relative_to_close,158,"vwap, close","shift(vwap, 16) / current_close - 1",moneytree.factors.qlib.build_alpha158_features,resolved adjusted price fields when adjusted=True: open/high/low/close/vwap; volume is raw
alpha158,alpha158_vwap_lag17_rel_close,price_lag_relative_to_close,158,"vwap, close","shift(vwap, 17) / current_close - 1",moneytree.factors.qlib.build_alpha158_features,resolved adjusted price fields when adjusted=True: open/high/low/close/vwap; volume is raw
alpha158,alpha158_vwap_lag18_rel_close,price_lag_relative_to_close,158,"vwap, close","shift(vwap, 18) / current_close - 1",moneytree.factors.qlib.build_alpha158_features,resolved adjusted price fields when adjusted=True: open/high/low/close/vwap; volume is raw
alpha158,alpha158_vwap_lag19_rel_close,price_lag_relative_to_close,158,"vwap, close","shift(vwap, 19) / current_close - 1",moneytree.factors.qlib.build_alpha158_features,resolved adjusted price fields when adjusted=True: open/high/low/close/vwap; volume is raw
alpha158,alpha158_roc_5,momentum,158,close,"close / shift(close, 5) - 1",moneytree.factors.qlib.build_alpha158_features,resolved adjusted price fields when adjusted=True: open/high/low/close/vwap; volume is raw
alpha158,alpha158_ma_5,trend,158,close,"rolling_mean(close, 5) / close - 1",moneytree.factors.qlib.build_alpha158_features,resolved adjusted price fields when adjusted=True: open/high/low/close/vwap; volume is raw
alpha158,alpha158_std_5,volatility,158,close,"rolling_std(pct_change(close, 1), 5)",moneytree.factors.qlib.build_alpha158_features,resolved adjusted price fields when adjusted=True: open/high/low/close/vwap; volume is raw
alpha158,alpha158_max_5,range,158,"high, close","rolling_max(high, 5) / close - 1",moneytree.factors.qlib.build_alpha158_features,resolved adjusted price fields when adjusted=True: open/high/low/close/vwap; volume is raw
alpha158,alpha158_min_5,range,158,"low, close","rolling_min(low, 5) / close - 1",moneytree.factors.qlib.build_alpha158_features,resolved adjusted price fields when adjusted=True: open/high/low/close/vwap; volume is raw
alpha158,alpha158_q80_5,quantile,158,close,"rolling_quantile(close, 5, 0.8) / close - 1",moneytree.factors.qlib.build_alpha158_features,resolved adjusted price fields when adjusted=True: open/high/low/close/vwap; volume is raw
alpha158,alpha158_q20_5,quantile,158,close,"rolling_quantile(close, 5, 0.2) / close - 1",moneytree.factors.qlib.build_alpha158_features,resolved adjusted price fields when adjusted=True: open/high/low/close/vwap; volume is raw
alpha158,alpha158_rank_5,rank,158,close,"rolling_percentile_rank_latest(close, 5)",moneytree.factors.qlib.build_alpha158_features,resolved adjusted price fields when adjusted=True: open/high/low/close/vwap; volume is raw
alpha158,alpha158_rsv_5,range_position,158,"high, low, close","(close - rolling_min(low, 5)) / (rolling_max(high, 5) - rolling_min(low, 5))",moneytree.factors.qlib.build_alpha158_features,resolved adjusted price fields when adjusted=True: open/high/low/close/vwap; volume is raw
alpha158,alpha158_ret_mean_5,momentum,158,close,"rolling_mean(pct_change(close, 1), 5)",moneytree.factors.qlib.build_alpha158_features,resolved adjusted price fields when adjusted=True: open/high/low/close/vwap; volume is raw
alpha158,alpha158_vma_5,volume,158,volume,"volume / rolling_mean(volume, 5) - 1",moneytree.factors.qlib.build_alpha158_features,resolved adjusted price fields when adjusted=True: open/high/low/close/vwap; volume is raw
alpha158,alpha158_vstd_5,volume,158,volume,"rolling_std(pct_change(volume, 1), 5)",moneytree.factors.qlib.build_alpha158_features,resolved adjusted price fields when adjusted=True: open/high/low/close/vwap; volume is raw
alpha158,alpha158_amount_ma_5,amount,158,amount,"amount / rolling_mean(amount, 5) - 1",moneytree.factors.qlib.build_alpha158_features,"resolved adjusted price fields when adjusted=True: open/high/low/close/vwap; volume is raw; amount optional, falls back to close * volume"
alpha158,alpha158_roc_10,momentum,158,close,"close / shift(close, 10) - 1",moneytree.factors.qlib.build_alpha158_features,resolved adjusted price fields when adjusted=True: open/high/low/close/vwap; volume is raw
alpha158,alpha158_ma_10,trend,158,close,"rolling_mean(close, 10) / close - 1",moneytree.factors.qlib.build_alpha158_features,resolved adjusted price fields when adjusted=True: open/high/low/close/vwap; volume is raw
alpha158,alpha158_std_10,volatility,158,close,"rolling_std(pct_change(close, 1), 10)",moneytree.factors.qlib.build_alpha158_features,resolved adjusted price fields when adjusted=True: open/high/low/close/vwap; volume is raw
alpha158,alpha158_max_10,range,158,"high, close","rolling_max(high, 10) / close - 1",moneytree.factors.qlib.build_alpha158_features,resolved adjusted price fields when adjusted=True: open/high/low/close/vwap; volume is raw
alpha158,alpha158_min_10,range,158,"low, close","rolling_min(low, 10) / close - 1",moneytree.factors.qlib.build_alpha158_features,resolved adjusted price fields when adjusted=True: open/high/low/close/vwap; volume is raw
alpha158,alpha158_q80_10,quantile,158,close,"rolling_quantile(close, 10, 0.8) / close - 1",moneytree.factors.qlib.build_alpha158_features,resolved adjusted price fields when adjusted=True: open/high/low/close/vwap; volume is raw
alpha158,alpha158_q20_10,quantile,158,close,"rolling_quantile(close, 10, 0.2) / close - 1",moneytree.factors.qlib.build_alpha158_features,resolved adjusted price fields when adjusted=True: open/high/low/close/vwap; volume is raw
alpha158,alpha158_rank_10,rank,158,close,"rolling_percentile_rank_latest(close, 10)",moneytree.factors.qlib.build_alpha158_features,resolved adjusted price fields when adjusted=True: open/high/low/close/vwap; volume is raw
alpha158,alpha158_rsv_10,range_position,158,"high, low, close","(close - rolling_min(low, 10)) / (rolling_max(high, 10) - rolling_min(low, 10))",moneytree.factors.qlib.build_alpha158_features,resolved adjusted price fields when adjusted=True: open/high/low/close/vwap; volume is raw
alpha158,alpha158_ret_mean_10,momentum,158,close,"rolling_mean(pct_change(close, 1), 10)",moneytree.factors.qlib.build_alpha158_features,resolved adjusted price fields when adjusted=True: open/high/low/close/vwap; volume is raw
alpha158,alpha158_vma_10,volume,158,volume,"volume / rolling_mean(volume, 10) - 1",moneytree.factors.qlib.build_alpha158_features,resolved adjusted price fields when adjusted=True: open/high/low/close/vwap; volume is raw
alpha158,alpha158_vstd_10,volume,158,volume,"rolling_std(pct_change(volume, 1), 10)",moneytree.factors.qlib.build_alpha158_features,resolved adjusted price fields when adjusted=True: open/high/low/close/vwap; volume is raw
alpha158,alpha158_amount_ma_10,amount,158,amount,"amount / rolling_mean(amount, 10) - 1",moneytree.factors.qlib.build_alpha158_features,"resolved adjusted price fields when adjusted=True: open/high/low/close/vwap; volume is raw; amount optional, falls back to close * volume"
alpha158,alpha158_roc_20,momentum,158,close,"close / shift(close, 20) - 1",moneytree.factors.qlib.build_alpha158_features,resolved adjusted price fields when adjusted=True: open/high/low/close/vwap; volume is raw
alpha158,alpha158_ma_20,trend,158,close,"rolling_mean(close, 20) / close - 1",moneytree.factors.qlib.build_alpha158_features,resolved adjusted price fields when adjusted=True: open/high/low/close/vwap; volume is raw
alpha158,alpha158_std_20,volatility,158,close,"rolling_std(pct_change(close, 1), 20)",moneytree.factors.qlib.build_alpha158_features,resolved adjusted price fields when adjusted=True: open/high/low/close/vwap; volume is raw
alpha158,alpha158_max_20,range,158,"high, close","rolling_max(high, 20) / close - 1",moneytree.factors.qlib.build_alpha158_features,resolved adjusted price fields when adjusted=True: open/high/low/close/vwap; volume is raw
alpha158,alpha158_min_20,range,158,"low, close","rolling_min(low, 20) / close - 1",moneytree.factors.qlib.build_alpha158_features,resolved adjusted price fields when adjusted=True: open/high/low/close/vwap; volume is raw
alpha158,alpha158_q80_20,quantile,158,close,"rolling_quantile(close, 20, 0.8) / close - 1",moneytree.factors.qlib.build_alpha158_features,resolved adjusted price fields when adjusted=True: open/high/low/close/vwap; volume is raw
alpha158,alpha158_q20_20,quantile,158,close,"rolling_quantile(close, 20, 0.2) / close - 1",moneytree.factors.qlib.build_alpha158_features,resolved adjusted price fields when adjusted=True: open/high/low/close/vwap; volume is raw
alpha158,alpha158_rank_20,rank,158,close,"rolling_percentile_rank_latest(close, 20)",moneytree.factors.qlib.build_alpha158_features,resolved adjusted price fields when adjusted=True: open/high/low/close/vwap; volume is raw
alpha158,alpha158_rsv_20,range_position,158,"high, low, close","(close - rolling_min(low, 20)) / (rolling_max(high, 20) - rolling_min(low, 20))",moneytree.factors.qlib.build_alpha158_features,resolved adjusted price fields when adjusted=True: open/high/low/close/vwap; volume is raw
alpha158,alpha158_ret_mean_20,momentum,158,close,"rolling_mean(pct_change(close, 1), 20)",moneytree.factors.qlib.build_alpha158_features,resolved adjusted price fields when adjusted=True: open/high/low/close/vwap; volume is raw
alpha158,alpha158_vma_20,volume,158,volume,"volume / rolling_mean(volume, 20) - 1",moneytree.factors.qlib.build_alpha158_features,resolved adjusted price fields when adjusted=True: open/high/low/close/vwap; volume is raw
alpha158,alpha158_vstd_20,volume,158,volume,"rolling_std(pct_change(volume, 1), 20)",moneytree.factors.qlib.build_alpha158_features,resolved adjusted price fields when adjusted=True: open/high/low/close/vwap; volume is raw
alpha158,alpha158_amount_ma_20,amount,158,amount,"amount / rolling_mean(amount, 20) - 1",moneytree.factors.qlib.build_alpha158_features,"resolved adjusted price fields when adjusted=True: open/high/low/close/vwap; volume is raw; amount optional, falls back to close * volume"
alpha158,alpha158_roc_30,momentum,158,close,"close / shift(close, 30) - 1",moneytree.factors.qlib.build_alpha158_features,resolved adjusted price fields when adjusted=True: open/high/low/close/vwap; volume is raw
alpha158,alpha158_ma_30,trend,158,close,"rolling_mean(close, 30) / close - 1",moneytree.factors.qlib.build_alpha158_features,resolved adjusted price fields when adjusted=True: open/high/low/close/vwap; volume is raw
alpha158,alpha158_std_30,volatility,158,close,"rolling_std(pct_change(close, 1), 30)",moneytree.factors.qlib.build_alpha158_features,resolved adjusted price fields when adjusted=True: open/high/low/close/vwap; volume is raw
alpha158,alpha158_max_30,range,158,"high, close","rolling_max(high, 30) / close - 1",moneytree.factors.qlib.build_alpha158_features,resolved adjusted price fields when adjusted=True: open/high/low/close/vwap; volume is raw
alpha158,alpha158_min_30,range,158,"low, close","rolling_min(low, 30) / close - 1",moneytree.factors.qlib.build_alpha158_features,resolved adjusted price fields when adjusted=True: open/high/low/close/vwap; volume is raw
alpha158,alpha158_q80_30,quantile,158,close,"rolling_quantile(close, 30, 0.8) / close - 1",moneytree.factors.qlib.build_alpha158_features,resolved adjusted price fields when adjusted=True: open/high/low/close/vwap; volume is raw
alpha158,alpha158_q20_30,quantile,158,close,"rolling_quantile(close, 30, 0.2) / close - 1",moneytree.factors.qlib.build_alpha158_features,resolved adjusted price fields when adjusted=True: open/high/low/close/vwap; volume is raw
alpha158,alpha158_rank_30,rank,158,close,"rolling_percentile_rank_latest(close, 30)",moneytree.factors.qlib.build_alpha158_features,resolved adjusted price fields when adjusted=True: open/high/low/close/vwap; volume is raw
alpha158,alpha158_rsv_30,range_position,158,"high, low, close","(close - rolling_min(low, 30)) / (rolling_max(high, 30) - rolling_min(low, 30))",moneytree.factors.qlib.build_alpha158_features,resolved adjusted price fields when adjusted=True: open/high/low/close/vwap; volume is raw
alpha158,alpha158_ret_mean_30,momentum,158,close,"rolling_mean(pct_change(close, 1), 30)",moneytree.factors.qlib.build_alpha158_features,resolved adjusted price fields when adjusted=True: open/high/low/close/vwap; volume is raw
alpha158,alpha158_vma_30,volume,158,volume,"volume / rolling_mean(volume, 30) - 1",moneytree.factors.qlib.build_alpha158_features,resolved adjusted price fields when adjusted=True: open/high/low/close/vwap; volume is raw
alpha158,alpha158_vstd_30,volume,158,volume,"rolling_std(pct_change(volume, 1), 30)",moneytree.factors.qlib.build_alpha158_features,resolved adjusted price fields when adjusted=True: open/high/low/close/vwap; volume is raw
alpha158,alpha158_amount_ma_30,amount,158,amount,"amount / rolling_mean(amount, 30) - 1",moneytree.factors.qlib.build_alpha158_features,"resolved adjusted price fields when adjusted=True: open/high/low/close/vwap; volume is raw; amount optional, falls back to close * volume"
alpha158,alpha158_roc_60,momentum,158,close,"close / shift(close, 60) - 1",moneytree.factors.qlib.build_alpha158_features,resolved adjusted price fields when adjusted=True: open/high/low/close/vwap; volume is raw
alpha158,alpha158_ma_60,trend,158,close,"rolling_mean(close, 60) / close - 1",moneytree.factors.qlib.build_alpha158_features,resolved adjusted price fields when adjusted=True: open/high/low/close/vwap; volume is raw
alpha158,alpha158_std_60,volatility,158,close,"rolling_std(pct_change(close, 1), 60)",moneytree.factors.qlib.build_alpha158_features,resolved adjusted price fields when adjusted=True: open/high/low/close/vwap; volume is raw
alpha158,alpha158_max_60,range,158,"high, close","rolling_max(high, 60) / close - 1",moneytree.factors.qlib.build_alpha158_features,resolved adjusted price fields when adjusted=True: open/high/low/close/vwap; volume is raw
alpha158,alpha158_min_60,range,158,"low, close","rolling_min(low, 60) / close - 1",moneytree.factors.qlib.build_alpha158_features,resolved adjusted price fields when adjusted=True: open/high/low/close/vwap; volume is raw
alpha158,alpha158_q80_60,quantile,158,close,"rolling_quantile(close, 60, 0.8) / close - 1",moneytree.factors.qlib.build_alpha158_features,resolved adjusted price fields when adjusted=True: open/high/low/close/vwap; volume is raw
alpha158,alpha158_q20_60,quantile,158,close,"rolling_quantile(close, 60, 0.2) / close - 1",moneytree.factors.qlib.build_alpha158_features,resolved adjusted price fields when adjusted=True: open/high/low/close/vwap; volume is raw
alpha158,alpha158_rank_60,rank,158,close,"rolling_percentile_rank_latest(close, 60)",moneytree.factors.qlib.build_alpha158_features,resolved adjusted price fields when adjusted=True: open/high/low/close/vwap; volume is raw
alpha158,alpha158_rsv_60,range_position,158,"high, low, close","(close - rolling_min(low, 60)) / (rolling_max(high, 60) - rolling_min(low, 60))",moneytree.factors.qlib.build_alpha158_features,resolved adjusted price fields when adjusted=True: open/high/low/close/vwap; volume is raw
alpha158,alpha158_ret_mean_60,momentum,158,close,"rolling_mean(pct_change(close, 1), 60)",moneytree.factors.qlib.build_alpha158_features,resolved adjusted price fields when adjusted=True: open/high/low/close/vwap; volume is raw
alpha158,alpha158_vma_60,volume,158,volume,"volume / rolling_mean(volume, 60) - 1",moneytree.factors.qlib.build_alpha158_features,resolved adjusted price fields when adjusted=True: open/high/low/close/vwap; volume is raw
alpha158,alpha158_vstd_60,volume,158,volume,"rolling_std(pct_change(volume, 1), 60)",moneytree.factors.qlib.build_alpha158_features,resolved adjusted price fields when adjusted=True: open/high/low/close/vwap; volume is raw
alpha158,alpha158_amount_ma_60,amount,158,amount,"amount / rolling_mean(amount, 60) - 1",moneytree.factors.qlib.build_alpha158_features,"resolved adjusted price fields when adjusted=True: open/high/low/close/vwap; volume is raw; amount optional, falls back to close * volume"
alpha158,alpha158_vwap_rel_close,price_relative,158,"vwap, close",vwap / close - 1,moneytree.factors.qlib.build_alpha158_features,VWAP relative to current close.
alpha158,alpha158_high_low_spread,range,158,"high, low, close",(high - low) / close,moneytree.factors.qlib.build_alpha158_features,Daily high-low spread scaled by close.
alpha158,alpha158_close_to_high,range_position,158,"close, high",close / high - 1,moneytree.factors.qlib.build_alpha158_features,Close relative to daily high.
alpha158,alpha158_close_to_low,range_position,158,"close, low",close / low - 1,moneytree.factors.qlib.build_alpha158_features,Close relative to daily low.
alpha360,alpha360_open_lag00,sequence_lag,360,"open, close","shift(open, 0) / current_close - 1",moneytree.factors.qlib.build_alpha360_features,Resolved adjusted price field normalized by current close when adjusted=True.
alpha360,alpha360_open_lag01,sequence_lag,360,"open, close","shift(open, 1) / current_close - 1",moneytree.factors.qlib.build_alpha360_features,Resolved adjusted price field normalized by current close when adjusted=True.
alpha360,alpha360_open_lag02,sequence_lag,360,"open, close","shift(open, 2) / current_close - 1",moneytree.factors.qlib.build_alpha360_features,Resolved adjusted price field normalized by current close when adjusted=True.
alpha360,alpha360_open_lag03,sequence_lag,360,"open, close","shift(open, 3) / current_close - 1",moneytree.factors.qlib.build_alpha360_features,Resolved adjusted price field normalized by current close when adjusted=True.
alpha360,alpha360_open_lag04,sequence_lag,360,"open, close","shift(open, 4) / current_close - 1",moneytree.factors.qlib.build_alpha360_features,Resolved adjusted price field normalized by current close when adjusted=True.
alpha360,alpha360_open_lag05,sequence_lag,360,"open, close","shift(open, 5) / current_close - 1",moneytree.factors.qlib.build_alpha360_features,Resolved adjusted price field normalized by current close when adjusted=True.
alpha360,alpha360_open_lag06,sequence_lag,360,"open, close","shift(open, 6) / current_close - 1",moneytree.factors.qlib.build_alpha360_features,Resolved adjusted price field normalized by current close when adjusted=True.
alpha360,alpha360_open_lag07,sequence_lag,360,"open, close","shift(open, 7) / current_close - 1",moneytree.factors.qlib.build_alpha360_features,Resolved adjusted price field normalized by current close when adjusted=True.
alpha360,alpha360_open_lag08,sequence_lag,360,"open, close","shift(open, 8) / current_close - 1",moneytree.factors.qlib.build_alpha360_features,Resolved adjusted price field normalized by current close when adjusted=True.
alpha360,alpha360_open_lag09,sequence_lag,360,"open, close","shift(open, 9) / current_close - 1",moneytree.factors.qlib.build_alpha360_features,Resolved adjusted price field normalized by current close when adjusted=True.
alpha360,alpha360_open_lag10,sequence_lag,360,"open, close","shift(open, 10) / current_close - 1",moneytree.factors.qlib.build_alpha360_features,Resolved adjusted price field normalized by current close when adjusted=True.
alpha360,alpha360_open_lag11,sequence_lag,360,"open, close","shift(open, 11) / current_close - 1",moneytree.factors.qlib.build_alpha360_features,Resolved adjusted price field normalized by current close when adjusted=True.
alpha360,alpha360_open_lag12,sequence_lag,360,"open, close","shift(open, 12) / current_close - 1",moneytree.factors.qlib.build_alpha360_features,Resolved adjusted price field normalized by current close when adjusted=True.
alpha360,alpha360_open_lag13,sequence_lag,360,"open, close","shift(open, 13) / current_close - 1",moneytree.factors.qlib.build_alpha360_features,Resolved adjusted price field normalized by current close when adjusted=True.
alpha360,alpha360_open_lag14,sequence_lag,360,"open, close","shift(open, 14) / current_close - 1",moneytree.factors.qlib.build_alpha360_features,Resolved adjusted price field normalized by current close when adjusted=True.
alpha360,alpha360_open_lag15,sequence_lag,360,"open, close","shift(open, 15) / current_close - 1",moneytree.factors.qlib.build_alpha360_features,Resolved adjusted price field normalized by current close when adjusted=True.
alpha360,alpha360_open_lag16,sequence_lag,360,"open, close","shift(open, 16) / current_close - 1",moneytree.factors.qlib.build_alpha360_features,Resolved adjusted price field normalized by current close when adjusted=True.
alpha360,alpha360_open_lag17,sequence_lag,360,"open, close","shift(open, 17) / current_close - 1",moneytree.factors.qlib.build_alpha360_features,Resolved adjusted price field normalized by current close when adjusted=True.
alpha360,alpha360_open_lag18,sequence_lag,360,"open, close","shift(open, 18) / current_close - 1",moneytree.factors.qlib.build_alpha360_features,Resolved adjusted price field normalized by current close when adjusted=True.
alpha360,alpha360_open_lag19,sequence_lag,360,"open, close","shift(open, 19) / current_close - 1",moneytree.factors.qlib.build_alpha360_features,Resolved adjusted price field normalized by current close when adjusted=True.
alpha360,alpha360_open_lag20,sequence_lag,360,"open, close","shift(open, 20) / current_close - 1",moneytree.factors.qlib.build_alpha360_features,Resolved adjusted price field normalized by current close when adjusted=True.
alpha360,alpha360_open_lag21,sequence_lag,360,"open, close","shift(open, 21) / current_close - 1",moneytree.factors.qlib.build_alpha360_features,Resolved adjusted price field normalized by current close when adjusted=True.
alpha360,alpha360_open_lag22,sequence_lag,360,"open, close","shift(open, 22) / current_close - 1",moneytree.factors.qlib.build_alpha360_features,Resolved adjusted price field normalized by current close when adjusted=True.
alpha360,alpha360_open_lag23,sequence_lag,360,"open, close","shift(open, 23) / current_close - 1",moneytree.factors.qlib.build_alpha360_features,Resolved adjusted price field normalized by current close when adjusted=True.
alpha360,alpha360_open_lag24,sequence_lag,360,"open, close","shift(open, 24) / current_close - 1",moneytree.factors.qlib.build_alpha360_features,Resolved adjusted price field normalized by current close when adjusted=True.
alpha360,alpha360_open_lag25,sequence_lag,360,"open, close","shift(open, 25) / current_close - 1",moneytree.factors.qlib.build_alpha360_features,Resolved adjusted price field normalized by current close when adjusted=True.
alpha360,alpha360_open_lag26,sequence_lag,360,"open, close","shift(open, 26) / current_close - 1",moneytree.factors.qlib.build_alpha360_features,Resolved adjusted price field normalized by current close when adjusted=True.
alpha360,alpha360_open_lag27,sequence_lag,360,"open, close","shift(open, 27) / current_close - 1",moneytree.factors.qlib.build_alpha360_features,Resolved adjusted price field normalized by current close when adjusted=True.
alpha360,alpha360_open_lag28,sequence_lag,360,"open, close","shift(open, 28) / current_close - 1",moneytree.factors.qlib.build_alpha360_features,Resolved adjusted price field normalized by current close when adjusted=True.
alpha360,alpha360_open_lag29,sequence_lag,360,"open, close","shift(open, 29) / current_close - 1",moneytree.factors.qlib.build_alpha360_features,Resolved adjusted price field normalized by current close when adjusted=True.
alpha360,alpha360_open_lag30,sequence_lag,360,"open, close","shift(open, 30) / current_close - 1",moneytree.factors.qlib.build_alpha360_features,Resolved adjusted price field normalized by current close when adjusted=True.
alpha360,alpha360_open_lag31,sequence_lag,360,"open, close","shift(open, 31) / current_close - 1",moneytree.factors.qlib.build_alpha360_features,Resolved adjusted price field normalized by current close when adjusted=True.
alpha360,alpha360_open_lag32,sequence_lag,360,"open, close","shift(open, 32) / current_close - 1",moneytree.factors.qlib.build_alpha360_features,Resolved adjusted price field normalized by current close when adjusted=True.
alpha360,alpha360_open_lag33,sequence_lag,360,"open, close","shift(open, 33) / current_close - 1",moneytree.factors.qlib.build_alpha360_features,Resolved adjusted price field normalized by current close when adjusted=True.
alpha360,alpha360_open_lag34,sequence_lag,360,"open, close","shift(open, 34) / current_close - 1",moneytree.factors.qlib.build_alpha360_features,Resolved adjusted price field normalized by current close when adjusted=True.
alpha360,alpha360_open_lag35,sequence_lag,360,"open, close","shift(open, 35) / current_close - 1",moneytree.factors.qlib.build_alpha360_features,Resolved adjusted price field normalized by current close when adjusted=True.
alpha360,alpha360_open_lag36,sequence_lag,360,"open, close","shift(open, 36) / current_close - 1",moneytree.factors.qlib.build_alpha360_features,Resolved adjusted price field normalized by current close when adjusted=True.
alpha360,alpha360_open_lag37,sequence_lag,360,"open, close","shift(open, 37) / current_close - 1",moneytree.factors.qlib.build_alpha360_features,Resolved adjusted price field normalized by current close when adjusted=True.
alpha360,alpha360_open_lag38,sequence_lag,360,"open, close","shift(open, 38) / current_close - 1",moneytree.factors.qlib.build_alpha360_features,Resolved adjusted price field normalized by current close when adjusted=True.
alpha360,alpha360_open_lag39,sequence_lag,360,"open, close","shift(open, 39) / current_close - 1",moneytree.factors.qlib.build_alpha360_features,Resolved adjusted price field normalized by current close when adjusted=True.
alpha360,alpha360_open_lag40,sequence_lag,360,"open, close","shift(open, 40) / current_close - 1",moneytree.factors.qlib.build_alpha360_features,Resolved adjusted price field normalized by current close when adjusted=True.
alpha360,alpha360_open_lag41,sequence_lag,360,"open, close","shift(open, 41) / current_close - 1",moneytree.factors.qlib.build_alpha360_features,Resolved adjusted price field normalized by current close when adjusted=True.
alpha360,alpha360_open_lag42,sequence_lag,360,"open, close","shift(open, 42) / current_close - 1",moneytree.factors.qlib.build_alpha360_features,Resolved adjusted price field normalized by current close when adjusted=True.
alpha360,alpha360_open_lag43,sequence_lag,360,"open, close","shift(open, 43) / current_close - 1",moneytree.factors.qlib.build_alpha360_features,Resolved adjusted price field normalized by current close when adjusted=True.
alpha360,alpha360_open_lag44,sequence_lag,360,"open, close","shift(open, 44) / current_close - 1",moneytree.factors.qlib.build_alpha360_features,Resolved adjusted price field normalized by current close when adjusted=True.
alpha360,alpha360_open_lag45,sequence_lag,360,"open, close","shift(open, 45) / current_close - 1",moneytree.factors.qlib.build_alpha360_features,Resolved adjusted price field normalized by current close when adjusted=True.
alpha360,alpha360_open_lag46,sequence_lag,360,"open, close","shift(open, 46) / current_close - 1",moneytree.factors.qlib.build_alpha360_features,Resolved adjusted price field normalized by current close when adjusted=True.
alpha360,alpha360_open_lag47,sequence_lag,360,"open, close","shift(open, 47) / current_close - 1",moneytree.factors.qlib.build_alpha360_features,Resolved adjusted price field normalized by current close when adjusted=True.
alpha360,alpha360_open_lag48,sequence_lag,360,"open, close","shift(open, 48) / current_close - 1",moneytree.factors.qlib.build_alpha360_features,Resolved adjusted price field normalized by current close when adjusted=True.
alpha360,alpha360_open_lag49,sequence_lag,360,"open, close","shift(open, 49) / current_close - 1",moneytree.factors.qlib.build_alpha360_features,Resolved adjusted price field normalized by current close when adjusted=True.
alpha360,alpha360_open_lag50,sequence_lag,360,"open, close","shift(open, 50) / current_close - 1",moneytree.factors.qlib.build_alpha360_features,Resolved adjusted price field normalized by current close when adjusted=True.
alpha360,alpha360_open_lag51,sequence_lag,360,"open, close","shift(open, 51) / current_close - 1",moneytree.factors.qlib.build_alpha360_features,Resolved adjusted price field normalized by current close when adjusted=True.
alpha360,alpha360_open_lag52,sequence_lag,360,"open, close","shift(open, 52) / current_close - 1",moneytree.factors.qlib.build_alpha360_features,Resolved adjusted price field normalized by current close when adjusted=True.
alpha360,alpha360_open_lag53,sequence_lag,360,"open, close","shift(open, 53) / current_close - 1",moneytree.factors.qlib.build_alpha360_features,Resolved adjusted price field normalized by current close when adjusted=True.
alpha360,alpha360_open_lag54,sequence_lag,360,"open, close","shift(open, 54) / current_close - 1",moneytree.factors.qlib.build_alpha360_features,Resolved adjusted price field normalized by current close when adjusted=True.
alpha360,alpha360_open_lag55,sequence_lag,360,"open, close","shift(open, 55) / current_close - 1",moneytree.factors.qlib.build_alpha360_features,Resolved adjusted price field normalized by current close when adjusted=True.
alpha360,alpha360_open_lag56,sequence_lag,360,"open, close","shift(open, 56) / current_close - 1",moneytree.factors.qlib.build_alpha360_features,Resolved adjusted price field normalized by current close when adjusted=True.
alpha360,alpha360_open_lag57,sequence_lag,360,"open, close","shift(open, 57) / current_close - 1",moneytree.factors.qlib.build_alpha360_features,Resolved adjusted price field normalized by current close when adjusted=True.
alpha360,alpha360_open_lag58,sequence_lag,360,"open, close","shift(open, 58) / current_close - 1",moneytree.factors.qlib.build_alpha360_features,Resolved adjusted price field normalized by current close when adjusted=True.
alpha360,alpha360_open_lag59,sequence_lag,360,"open, close","shift(open, 59) / current_close - 1",moneytree.factors.qlib.build_alpha360_features,Resolved adjusted price field normalized by current close when adjusted=True.
alpha360,alpha360_high_lag00,sequence_lag,360,"high, close","shift(high, 0) / current_close - 1",moneytree.factors.qlib.build_alpha360_features,Resolved adjusted price field normalized by current close when adjusted=True.
alpha360,alpha360_high_lag01,sequence_lag,360,"high, close","shift(high, 1) / current_close - 1",moneytree.factors.qlib.build_alpha360_features,Resolved adjusted price field normalized by current close when adjusted=True.
alpha360,alpha360_high_lag02,sequence_lag,360,"high, close","shift(high, 2) / current_close - 1",moneytree.factors.qlib.build_alpha360_features,Resolved adjusted price field normalized by current close when adjusted=True.
alpha360,alpha360_high_lag03,sequence_lag,360,"high, close","shift(high, 3) / current_close - 1",moneytree.factors.qlib.build_alpha360_features,Resolved adjusted price field normalized by current close when adjusted=True.
alpha360,alpha360_high_lag04,sequence_lag,360,"high, close","shift(high, 4) / current_close - 1",moneytree.factors.qlib.build_alpha360_features,Resolved adjusted price field normalized by current close when adjusted=True.
alpha360,alpha360_high_lag05,sequence_lag,360,"high, close","shift(high, 5) / current_close - 1",moneytree.factors.qlib.build_alpha360_features,Resolved adjusted price field normalized by current close when adjusted=True.
alpha360,alpha360_high_lag06,sequence_lag,360,"high, close","shift(high, 6) / current_close - 1",moneytree.factors.qlib.build_alpha360_features,Resolved adjusted price field normalized by current close when adjusted=True.
alpha360,alpha360_high_lag07,sequence_lag,360,"high, close","shift(high, 7) / current_close - 1",moneytree.factors.qlib.build_alpha360_features,Resolved adjusted price field normalized by current close when adjusted=True.
alpha360,alpha360_high_lag08,sequence_lag,360,"high, close","shift(high, 8) / current_close - 1",moneytree.factors.qlib.build_alpha360_features,Resolved adjusted price field normalized by current close when adjusted=True.
alpha360,alpha360_high_lag09,sequence_lag,360,"high, close","shift(high, 9) / current_close - 1",moneytree.factors.qlib.build_alpha360_features,Resolved adjusted price field normalized by current close when adjusted=True.
alpha360,alpha360_high_lag10,sequence_lag,360,"high, close","shift(high, 10) / current_close - 1",moneytree.factors.qlib.build_alpha360_features,Resolved adjusted price field normalized by current close when adjusted=True.
alpha360,alpha360_high_lag11,sequence_lag,360,"high, close","shift(high, 11) / current_close - 1",moneytree.factors.qlib.build_alpha360_features,Resolved adjusted price field normalized by current close when adjusted=True.
alpha360,alpha360_high_lag12,sequence_lag,360,"high, close","shift(high, 12) / current_close - 1",moneytree.factors.qlib.build_alpha360_features,Resolved adjusted price field normalized by current close when adjusted=True.
alpha360,alpha360_high_lag13,sequence_lag,360,"high, close","shift(high, 13) / current_close - 1",moneytree.factors.qlib.build_alpha360_features,Resolved adjusted price field normalized by current close when adjusted=True.
alpha360,alpha360_high_lag14,sequence_lag,360,"high, close","shift(high, 14) / current_close - 1",moneytree.factors.qlib.build_alpha360_features,Resolved adjusted price field normalized by current close when adjusted=True.
alpha360,alpha360_high_lag15,sequence_lag,360,"high, close","shift(high, 15) / current_close - 1",moneytree.factors.qlib.build_alpha360_features,Resolved adjusted price field normalized by current close when adjusted=True.
alpha360,alpha360_high_lag16,sequence_lag,360,"high, close","shift(high, 16) / current_close - 1",moneytree.factors.qlib.build_alpha360_features,Resolved adjusted price field normalized by current close when adjusted=True.
alpha360,alpha360_high_lag17,sequence_lag,360,"high, close","shift(high, 17) / current_close - 1",moneytree.factors.qlib.build_alpha360_features,Resolved adjusted price field normalized by current close when adjusted=True.
alpha360,alpha360_high_lag18,sequence_lag,360,"high, close","shift(high, 18) / current_close - 1",moneytree.factors.qlib.build_alpha360_features,Resolved adjusted price field normalized by current close when adjusted=True.
alpha360,alpha360_high_lag19,sequence_lag,360,"high, close","shift(high, 19) / current_close - 1",moneytree.factors.qlib.build_alpha360_features,Resolved adjusted price field normalized by current close when adjusted=True.
alpha360,alpha360_high_lag20,sequence_lag,360,"high, close","shift(high, 20) / current_close - 1",moneytree.factors.qlib.build_alpha360_features,Resolved adjusted price field normalized by current close when adjusted=True.
alpha360,alpha360_high_lag21,sequence_lag,360,"high, close","shift(high, 21) / current_close - 1",moneytree.factors.qlib.build_alpha360_features,Resolved adjusted price field normalized by current close when adjusted=True.
alpha360,alpha360_high_lag22,sequence_lag,360,"high, close","shift(high, 22) / current_close - 1",moneytree.factors.qlib.build_alpha360_features,Resolved adjusted price field normalized by current close when adjusted=True.
alpha360,alpha360_high_lag23,sequence_lag,360,"high, close","shift(high, 23) / current_close - 1",moneytree.factors.qlib.build_alpha360_features,Resolved adjusted price field normalized by current close when adjusted=True.
alpha360,alpha360_high_lag24,sequence_lag,360,"high, close","shift(high, 24) / current_close - 1",moneytree.factors.qlib.build_alpha360_features,Resolved adjusted price field normalized by current close when adjusted=True.
alpha360,alpha360_high_lag25,sequence_lag,360,"high, close","shift(high, 25) / current_close - 1",moneytree.factors.qlib.build_alpha360_features,Resolved adjusted price field normalized by current close when adjusted=True.
alpha360,alpha360_high_lag26,sequence_lag,360,"high, close","shift(high, 26) / current_close - 1",moneytree.factors.qlib.build_alpha360_features,Resolved adjusted price field normalized by current close when adjusted=True.
alpha360,alpha360_high_lag27,sequence_lag,360,"high, close","shift(high, 27) / current_close - 1",moneytree.factors.qlib.build_alpha360_features,Resolved adjusted price field normalized by current close when adjusted=True.
alpha360,alpha360_high_lag28,sequence_lag,360,"high, close","shift(high, 28) / current_close - 1",moneytree.factors.qlib.build_alpha360_features,Resolved adjusted price field normalized by current close when adjusted=True.
alpha360,alpha360_high_lag29,sequence_lag,360,"high, close","shift(high, 29) / current_close - 1",moneytree.factors.qlib.build_alpha360_features,Resolved adjusted price field normalized by current close when adjusted=True.
alpha360,alpha360_high_lag30,sequence_lag,360,"high, close","shift(high, 30) / current_close - 1",moneytree.factors.qlib.build_alpha360_features,Resolved adjusted price field normalized by current close when adjusted=True.
alpha360,alpha360_high_lag31,sequence_lag,360,"high, close","shift(high, 31) / current_close - 1",moneytree.factors.qlib.build_alpha360_features,Resolved adjusted price field normalized by current close when adjusted=True.
alpha360,alpha360_high_lag32,sequence_lag,360,"high, close","shift(high, 32) / current_close - 1",moneytree.factors.qlib.build_alpha360_features,Resolved adjusted price field normalized by current close when adjusted=True.
alpha360,alpha360_high_lag33,sequence_lag,360,"high, close","shift(high, 33) / current_close - 1",moneytree.factors.qlib.build_alpha360_features,Resolved adjusted price field normalized by current close when adjusted=True.
alpha360,alpha360_high_lag34,sequence_lag,360,"high, close","shift(high, 34) / current_close - 1",moneytree.factors.qlib.build_alpha360_features,Resolved adjusted price field normalized by current close when adjusted=True.
alpha360,alpha360_high_lag35,sequence_lag,360,"high, close","shift(high, 35) / current_close - 1",moneytree.factors.qlib.build_alpha360_features,Resolved adjusted price field normalized by current close when adjusted=True.
alpha360,alpha360_high_lag36,sequence_lag,360,"high, close","shift(high, 36) / current_close - 1",moneytree.factors.qlib.build_alpha360_features,Resolved adjusted price field normalized by current close when adjusted=True.
alpha360,alpha360_high_lag37,sequence_lag,360,"high, close","shift(high, 37) / current_close - 1",moneytree.factors.qlib.build_alpha360_features,Resolved adjusted price field normalized by current close when adjusted=True.
alpha360,alpha360_high_lag38,sequence_lag,360,"high, close","shift(high, 38) / current_close - 1",moneytree.factors.qlib.build_alpha360_features,Resolved adjusted price field normalized by current close when adjusted=True.
alpha360,alpha360_high_lag39,sequence_lag,360,"high, close","shift(high, 39) / current_close - 1",moneytree.factors.qlib.build_alpha360_features,Resolved adjusted price field normalized by current close when adjusted=True.
alpha360,alpha360_high_lag40,sequence_lag,360,"high, close","shift(high, 40) / current_close - 1",moneytree.factors.qlib.build_alpha360_features,Resolved adjusted price field normalized by current close when adjusted=True.
alpha360,alpha360_high_lag41,sequence_lag,360,"high, close","shift(high, 41) / current_close - 1",moneytree.factors.qlib.build_alpha360_features,Resolved adjusted price field normalized by current close when adjusted=True.
alpha360,alpha360_high_lag42,sequence_lag,360,"high, close","shift(high, 42) / current_close - 1",moneytree.factors.qlib.build_alpha360_features,Resolved adjusted price field normalized by current close when adjusted=True.
alpha360,alpha360_high_lag43,sequence_lag,360,"high, close","shift(high, 43) / current_close - 1",moneytree.factors.qlib.build_alpha360_features,Resolved adjusted price field normalized by current close when adjusted=True.
alpha360,alpha360_high_lag44,sequence_lag,360,"high, close","shift(high, 44) / current_close - 1",moneytree.factors.qlib.build_alpha360_features,Resolved adjusted price field normalized by current close when adjusted=True.
alpha360,alpha360_high_lag45,sequence_lag,360,"high, close","shift(high, 45) / current_close - 1",moneytree.factors.qlib.build_alpha360_features,Resolved adjusted price field normalized by current close when adjusted=True.
alpha360,alpha360_high_lag46,sequence_lag,360,"high, close","shift(high, 46) / current_close - 1",moneytree.factors.qlib.build_alpha360_features,Resolved adjusted price field normalized by current close when adjusted=True.
alpha360,alpha360_high_lag47,sequence_lag,360,"high, close","shift(high, 47) / current_close - 1",moneytree.factors.qlib.build_alpha360_features,Resolved adjusted price field normalized by current close when adjusted=True.
alpha360,alpha360_high_lag48,sequence_lag,360,"high, close","shift(high, 48) / current_close - 1",moneytree.factors.qlib.build_alpha360_features,Resolved adjusted price field normalized by current close when adjusted=True.
alpha360,alpha360_high_lag49,sequence_lag,360,"high, close","shift(high, 49) / current_close - 1",moneytree.factors.qlib.build_alpha360_features,Resolved adjusted price field normalized by current close when adjusted=True.
alpha360,alpha360_high_lag50,sequence_lag,360,"high, close","shift(high, 50) / current_close - 1",moneytree.factors.qlib.build_alpha360_features,Resolved adjusted price field normalized by current close when adjusted=True.
alpha360,alpha360_high_lag51,sequence_lag,360,"high, close","shift(high, 51) / current_close - 1",moneytree.factors.qlib.build_alpha360_features,Resolved adjusted price field normalized by current close when adjusted=True.
alpha360,alpha360_high_lag52,sequence_lag,360,"high, close","shift(high, 52) / current_close - 1",moneytree.factors.qlib.build_alpha360_features,Resolved adjusted price field normalized by current close when adjusted=True.
alpha360,alpha360_high_lag53,sequence_lag,360,"high, close","shift(high, 53) / current_close - 1",moneytree.factors.qlib.build_alpha360_features,Resolved adjusted price field normalized by current close when adjusted=True.
alpha360,alpha360_high_lag54,sequence_lag,360,"high, close","shift(high, 54) / current_close - 1",moneytree.factors.qlib.build_alpha360_features,Resolved adjusted price field normalized by current close when adjusted=True.
alpha360,alpha360_high_lag55,sequence_lag,360,"high, close","shift(high, 55) / current_close - 1",moneytree.factors.qlib.build_alpha360_features,Resolved adjusted price field normalized by current close when adjusted=True.
alpha360,alpha360_high_lag56,sequence_lag,360,"high, close","shift(high, 56) / current_close - 1",moneytree.factors.qlib.build_alpha360_features,Resolved adjusted price field normalized by current close when adjusted=True.
alpha360,alpha360_high_lag57,sequence_lag,360,"high, close","shift(high, 57) / current_close - 1",moneytree.factors.qlib.build_alpha360_features,Resolved adjusted price field normalized by current close when adjusted=True.
alpha360,alpha360_high_lag58,sequence_lag,360,"high, close","shift(high, 58) / current_close - 1",moneytree.factors.qlib.build_alpha360_features,Resolved adjusted price field normalized by current close when adjusted=True.
alpha360,alpha360_high_lag59,sequence_lag,360,"high, close","shift(high, 59) / current_close - 1",moneytree.factors.qlib.build_alpha360_features,Resolved adjusted price field normalized by current close when adjusted=True.
alpha360,alpha360_low_lag00,sequence_lag,360,"low, close","shift(low, 0) / current_close - 1",moneytree.factors.qlib.build_alpha360_features,Resolved adjusted price field normalized by current close when adjusted=True.
alpha360,alpha360_low_lag01,sequence_lag,360,"low, close","shift(low, 1) / current_close - 1",moneytree.factors.qlib.build_alpha360_features,Resolved adjusted price field normalized by current close when adjusted=True.
alpha360,alpha360_low_lag02,sequence_lag,360,"low, close","shift(low, 2) / current_close - 1",moneytree.factors.qlib.build_alpha360_features,Resolved adjusted price field normalized by current close when adjusted=True.
alpha360,alpha360_low_lag03,sequence_lag,360,"low, close","shift(low, 3) / current_close - 1",moneytree.factors.qlib.build_alpha360_features,Resolved adjusted price field normalized by current close when adjusted=True.
alpha360,alpha360_low_lag04,sequence_lag,360,"low, close","shift(low, 4) / current_close - 1",moneytree.factors.qlib.build_alpha360_features,Resolved adjusted price field normalized by current close when adjusted=True.
alpha360,alpha360_low_lag05,sequence_lag,360,"low, close","shift(low, 5) / current_close - 1",moneytree.factors.qlib.build_alpha360_features,Resolved adjusted price field normalized by current close when adjusted=True.
alpha360,alpha360_low_lag06,sequence_lag,360,"low, close","shift(low, 6) / current_close - 1",moneytree.factors.qlib.build_alpha360_features,Resolved adjusted price field normalized by current close when adjusted=True.
alpha360,alpha360_low_lag07,sequence_lag,360,"low, close","shift(low, 7) / current_close - 1",moneytree.factors.qlib.build_alpha360_features,Resolved adjusted price field normalized by current close when adjusted=True.
alpha360,alpha360_low_lag08,sequence_lag,360,"low, close","shift(low, 8) / current_close - 1",moneytree.factors.qlib.build_alpha360_features,Resolved adjusted price field normalized by current close when adjusted=True.
alpha360,alpha360_low_lag09,sequence_lag,360,"low, close","shift(low, 9) / current_close - 1",moneytree.factors.qlib.build_alpha360_features,Resolved adjusted price field normalized by current close when adjusted=True.
alpha360,alpha360_low_lag10,sequence_lag,360,"low, close","shift(low, 10) / current_close - 1",moneytree.factors.qlib.build_alpha360_features,Resolved adjusted price field normalized by current close when adjusted=True.
alpha360,alpha360_low_lag11,sequence_lag,360,"low, close","shift(low, 11) / current_close - 1",moneytree.factors.qlib.build_alpha360_features,Resolved adjusted price field normalized by current close when adjusted=True.
alpha360,alpha360_low_lag12,sequence_lag,360,"low, close","shift(low, 12) / current_close - 1",moneytree.factors.qlib.build_alpha360_features,Resolved adjusted price field normalized by current close when adjusted=True.
alpha360,alpha360_low_lag13,sequence_lag,360,"low, close","shift(low, 13) / current_close - 1",moneytree.factors.qlib.build_alpha360_features,Resolved adjusted price field normalized by current close when adjusted=True.
alpha360,alpha360_low_lag14,sequence_lag,360,"low, close","shift(low, 14) / current_close - 1",moneytree.factors.qlib.build_alpha360_features,Resolved adjusted price field normalized by current close when adjusted=True.
alpha360,alpha360_low_lag15,sequence_lag,360,"low, close","shift(low, 15) / current_close - 1",moneytree.factors.qlib.build_alpha360_features,Resolved adjusted price field normalized by current close when adjusted=True.
alpha360,alpha360_low_lag16,sequence_lag,360,"low, close","shift(low, 16) / current_close - 1",moneytree.factors.qlib.build_alpha360_features,Resolved adjusted price field normalized by current close when adjusted=True.
alpha360,alpha360_low_lag17,sequence_lag,360,"low, close","shift(low, 17) / current_close - 1",moneytree.factors.qlib.build_alpha360_features,Resolved adjusted price field normalized by current close when adjusted=True.
alpha360,alpha360_low_lag18,sequence_lag,360,"low, close","shift(low, 18) / current_close - 1",moneytree.factors.qlib.build_alpha360_features,Resolved adjusted price field normalized by current close when adjusted=True.
alpha360,alpha360_low_lag19,sequence_lag,360,"low, close","shift(low, 19) / current_close - 1",moneytree.factors.qlib.build_alpha360_features,Resolved adjusted price field normalized by current close when adjusted=True.
alpha360,alpha360_low_lag20,sequence_lag,360,"low, close","shift(low, 20) / current_close - 1",moneytree.factors.qlib.build_alpha360_features,Resolved adjusted price field normalized by current close when adjusted=True.
alpha360,alpha360_low_lag21,sequence_lag,360,"low, close","shift(low, 21) / current_close - 1",moneytree.factors.qlib.build_alpha360_features,Resolved adjusted price field normalized by current close when adjusted=True.
alpha360,alpha360_low_lag22,sequence_lag,360,"low, close","shift(low, 22) / current_close - 1",moneytree.factors.qlib.build_alpha360_features,Resolved adjusted price field normalized by current close when adjusted=True.
alpha360,alpha360_low_lag23,sequence_lag,360,"low, close","shift(low, 23) / current_close - 1",moneytree.factors.qlib.build_alpha360_features,Resolved adjusted price field normalized by current close when adjusted=True.
alpha360,alpha360_low_lag24,sequence_lag,360,"low, close","shift(low, 24) / current_close - 1",moneytree.factors.qlib.build_alpha360_features,Resolved adjusted price field normalized by current close when adjusted=True.
alpha360,alpha360_low_lag25,sequence_lag,360,"low, close","shift(low, 25) / current_close - 1",moneytree.factors.qlib.build_alpha360_features,Resolved adjusted price field normalized by current close when adjusted=True.
alpha360,alpha360_low_lag26,sequence_lag,360,"low, close","shift(low, 26) / current_close - 1",moneytree.factors.qlib.build_alpha360_features,Resolved adjusted price field normalized by current close when adjusted=True.
alpha360,alpha360_low_lag27,sequence_lag,360,"low, close","shift(low, 27) / current_close - 1",moneytree.factors.qlib.build_alpha360_features,Resolved adjusted price field normalized by current close when adjusted=True.
alpha360,alpha360_low_lag28,sequence_lag,360,"low, close","shift(low, 28) / current_close - 1",moneytree.factors.qlib.build_alpha360_features,Resolved adjusted price field normalized by current close when adjusted=True.
alpha360,alpha360_low_lag29,sequence_lag,360,"low, close","shift(low, 29) / current_close - 1",moneytree.factors.qlib.build_alpha360_features,Resolved adjusted price field normalized by current close when adjusted=True.
alpha360,alpha360_low_lag30,sequence_lag,360,"low, close","shift(low, 30) / current_close - 1",moneytree.factors.qlib.build_alpha360_features,Resolved adjusted price field normalized by current close when adjusted=True.
alpha360,alpha360_low_lag31,sequence_lag,360,"low, close","shift(low, 31) / current_close - 1",moneytree.factors.qlib.build_alpha360_features,Resolved adjusted price field normalized by current close when adjusted=True.
alpha360,alpha360_low_lag32,sequence_lag,360,"low, close","shift(low, 32) / current_close - 1",moneytree.factors.qlib.build_alpha360_features,Resolved adjusted price field normalized by current close when adjusted=True.
alpha360,alpha360_low_lag33,sequence_lag,360,"low, close","shift(low, 33) / current_close - 1",moneytree.factors.qlib.build_alpha360_features,Resolved adjusted price field normalized by current close when adjusted=True.
alpha360,alpha360_low_lag34,sequence_lag,360,"low, close","shift(low, 34) / current_close - 1",moneytree.factors.qlib.build_alpha360_features,Resolved adjusted price field normalized by current close when adjusted=True.
alpha360,alpha360_low_lag35,sequence_lag,360,"low, close","shift(low, 35) / current_close - 1",moneytree.factors.qlib.build_alpha360_features,Resolved adjusted price field normalized by current close when adjusted=True.
alpha360,alpha360_low_lag36,sequence_lag,360,"low, close","shift(low, 36) / current_close - 1",moneytree.factors.qlib.build_alpha360_features,Resolved adjusted price field normalized by current close when adjusted=True.
alpha360,alpha360_low_lag37,sequence_lag,360,"low, close","shift(low, 37) / current_close - 1",moneytree.factors.qlib.build_alpha360_features,Resolved adjusted price field normalized by current close when adjusted=True.
alpha360,alpha360_low_lag38,sequence_lag,360,"low, close","shift(low, 38) / current_close - 1",moneytree.factors.qlib.build_alpha360_features,Resolved adjusted price field normalized by current close when adjusted=True.
alpha360,alpha360_low_lag39,sequence_lag,360,"low, close","shift(low, 39) / current_close - 1",moneytree.factors.qlib.build_alpha360_features,Resolved adjusted price field normalized by current close when adjusted=True.
alpha360,alpha360_low_lag40,sequence_lag,360,"low, close","shift(low, 40) / current_close - 1",moneytree.factors.qlib.build_alpha360_features,Resolved adjusted price field normalized by current close when adjusted=True.
alpha360,alpha360_low_lag41,sequence_lag,360,"low, close","shift(low, 41) / current_close - 1",moneytree.factors.qlib.build_alpha360_features,Resolved adjusted price field normalized by current close when adjusted=True.
alpha360,alpha360_low_lag42,sequence_lag,360,"low, close","shift(low, 42) / current_close - 1",moneytree.factors.qlib.build_alpha360_features,Resolved adjusted price field normalized by current close when adjusted=True.
alpha360,alpha360_low_lag43,sequence_lag,360,"low, close","shift(low, 43) / current_close - 1",moneytree.factors.qlib.build_alpha360_features,Resolved adjusted price field normalized by current close when adjusted=True.
alpha360,alpha360_low_lag44,sequence_lag,360,"low, close","shift(low, 44) / current_close - 1",moneytree.factors.qlib.build_alpha360_features,Resolved adjusted price field normalized by current close when adjusted=True.
alpha360,alpha360_low_lag45,sequence_lag,360,"low, close","shift(low, 45) / current_close - 1",moneytree.factors.qlib.build_alpha360_features,Resolved adjusted price field normalized by current close when adjusted=True.
alpha360,alpha360_low_lag46,sequence_lag,360,"low, close","shift(low, 46) / current_close - 1",moneytree.factors.qlib.build_alpha360_features,Resolved adjusted price field normalized by current close when adjusted=True.
alpha360,alpha360_low_lag47,sequence_lag,360,"low, close","shift(low, 47) / current_close - 1",moneytree.factors.qlib.build_alpha360_features,Resolved adjusted price field normalized by current close when adjusted=True.
alpha360,alpha360_low_lag48,sequence_lag,360,"low, close","shift(low, 48) / current_close - 1",moneytree.factors.qlib.build_alpha360_features,Resolved adjusted price field normalized by current close when adjusted=True.
alpha360,alpha360_low_lag49,sequence_lag,360,"low, close","shift(low, 49) / current_close - 1",moneytree.factors.qlib.build_alpha360_features,Resolved adjusted price field normalized by current close when adjusted=True.
alpha360,alpha360_low_lag50,sequence_lag,360,"low, close","shift(low, 50) / current_close - 1",moneytree.factors.qlib.build_alpha360_features,Resolved adjusted price field normalized by current close when adjusted=True.
alpha360,alpha360_low_lag51,sequence_lag,360,"low, close","shift(low, 51) / current_close - 1",moneytree.factors.qlib.build_alpha360_features,Resolved adjusted price field normalized by current close when adjusted=True.
alpha360,alpha360_low_lag52,sequence_lag,360,"low, close","shift(low, 52) / current_close - 1",moneytree.factors.qlib.build_alpha360_features,Resolved adjusted price field normalized by current close when adjusted=True.
alpha360,alpha360_low_lag53,sequence_lag,360,"low, close","shift(low, 53) / current_close - 1",moneytree.factors.qlib.build_alpha360_features,Resolved adjusted price field normalized by current close when adjusted=True.
alpha360,alpha360_low_lag54,sequence_lag,360,"low, close","shift(low, 54) / current_close - 1",moneytree.factors.qlib.build_alpha360_features,Resolved adjusted price field normalized by current close when adjusted=True.
alpha360,alpha360_low_lag55,sequence_lag,360,"low, close","shift(low, 55) / current_close - 1",moneytree.factors.qlib.build_alpha360_features,Resolved adjusted price field normalized by current close when adjusted=True.
alpha360,alpha360_low_lag56,sequence_lag,360,"low, close","shift(low, 56) / current_close - 1",moneytree.factors.qlib.build_alpha360_features,Resolved adjusted price field normalized by current close when adjusted=True.
alpha360,alpha360_low_lag57,sequence_lag,360,"low, close","shift(low, 57) / current_close - 1",moneytree.factors.qlib.build_alpha360_features,Resolved adjusted price field normalized by current close when adjusted=True.
alpha360,alpha360_low_lag58,sequence_lag,360,"low, close","shift(low, 58) / current_close - 1",moneytree.factors.qlib.build_alpha360_features,Resolved adjusted price field normalized by current close when adjusted=True.
alpha360,alpha360_low_lag59,sequence_lag,360,"low, close","shift(low, 59) / current_close - 1",moneytree.factors.qlib.build_alpha360_features,Resolved adjusted price field normalized by current close when adjusted=True.
alpha360,alpha360_close_lag00,sequence_lag,360,"close, close","shift(close, 0) / current_close - 1",moneytree.factors.qlib.build_alpha360_features,Resolved adjusted price field normalized by current close when adjusted=True.
alpha360,alpha360_close_lag01,sequence_lag,360,"close, close","shift(close, 1) / current_close - 1",moneytree.factors.qlib.build_alpha360_features,Resolved adjusted price field normalized by current close when adjusted=True.
alpha360,alpha360_close_lag02,sequence_lag,360,"close, close","shift(close, 2) / current_close - 1",moneytree.factors.qlib.build_alpha360_features,Resolved adjusted price field normalized by current close when adjusted=True.
alpha360,alpha360_close_lag03,sequence_lag,360,"close, close","shift(close, 3) / current_close - 1",moneytree.factors.qlib.build_alpha360_features,Resolved adjusted price field normalized by current close when adjusted=True.
alpha360,alpha360_close_lag04,sequence_lag,360,"close, close","shift(close, 4) / current_close - 1",moneytree.factors.qlib.build_alpha360_features,Resolved adjusted price field normalized by current close when adjusted=True.
alpha360,alpha360_close_lag05,sequence_lag,360,"close, close","shift(close, 5) / current_close - 1",moneytree.factors.qlib.build_alpha360_features,Resolved adjusted price field normalized by current close when adjusted=True.
alpha360,alpha360_close_lag06,sequence_lag,360,"close, close","shift(close, 6) / current_close - 1",moneytree.factors.qlib.build_alpha360_features,Resolved adjusted price field normalized by current close when adjusted=True.
alpha360,alpha360_close_lag07,sequence_lag,360,"close, close","shift(close, 7) / current_close - 1",moneytree.factors.qlib.build_alpha360_features,Resolved adjusted price field normalized by current close when adjusted=True.
alpha360,alpha360_close_lag08,sequence_lag,360,"close, close","shift(close, 8) / current_close - 1",moneytree.factors.qlib.build_alpha360_features,Resolved adjusted price field normalized by current close when adjusted=True.
alpha360,alpha360_close_lag09,sequence_lag,360,"close, close","shift(close, 9) / current_close - 1",moneytree.factors.qlib.build_alpha360_features,Resolved adjusted price field normalized by current close when adjusted=True.
alpha360,alpha360_close_lag10,sequence_lag,360,"close, close","shift(close, 10) / current_close - 1",moneytree.factors.qlib.build_alpha360_features,Resolved adjusted price field normalized by current close when adjusted=True.
alpha360,alpha360_close_lag11,sequence_lag,360,"close, close","shift(close, 11) / current_close - 1",moneytree.factors.qlib.build_alpha360_features,Resolved adjusted price field normalized by current close when adjusted=True.
alpha360,alpha360_close_lag12,sequence_lag,360,"close, close","shift(close, 12) / current_close - 1",moneytree.factors.qlib.build_alpha360_features,Resolved adjusted price field normalized by current close when adjusted=True.
alpha360,alpha360_close_lag13,sequence_lag,360,"close, close","shift(close, 13) / current_close - 1",moneytree.factors.qlib.build_alpha360_features,Resolved adjusted price field normalized by current close when adjusted=True.
alpha360,alpha360_close_lag14,sequence_lag,360,"close, close","shift(close, 14) / current_close - 1",moneytree.factors.qlib.build_alpha360_features,Resolved adjusted price field normalized by current close when adjusted=True.
alpha360,alpha360_close_lag15,sequence_lag,360,"close, close","shift(close, 15) / current_close - 1",moneytree.factors.qlib.build_alpha360_features,Resolved adjusted price field normalized by current close when adjusted=True.
alpha360,alpha360_close_lag16,sequence_lag,360,"close, close","shift(close, 16) / current_close - 1",moneytree.factors.qlib.build_alpha360_features,Resolved adjusted price field normalized by current close when adjusted=True.
alpha360,alpha360_close_lag17,sequence_lag,360,"close, close","shift(close, 17) / current_close - 1",moneytree.factors.qlib.build_alpha360_features,Resolved adjusted price field normalized by current close when adjusted=True.
alpha360,alpha360_close_lag18,sequence_lag,360,"close, close","shift(close, 18) / current_close - 1",moneytree.factors.qlib.build_alpha360_features,Resolved adjusted price field normalized by current close when adjusted=True.
alpha360,alpha360_close_lag19,sequence_lag,360,"close, close","shift(close, 19) / current_close - 1",moneytree.factors.qlib.build_alpha360_features,Resolved adjusted price field normalized by current close when adjusted=True.
alpha360,alpha360_close_lag20,sequence_lag,360,"close, close","shift(close, 20) / current_close - 1",moneytree.factors.qlib.build_alpha360_features,Resolved adjusted price field normalized by current close when adjusted=True.
alpha360,alpha360_close_lag21,sequence_lag,360,"close, close","shift(close, 21) / current_close - 1",moneytree.factors.qlib.build_alpha360_features,Resolved adjusted price field normalized by current close when adjusted=True.
alpha360,alpha360_close_lag22,sequence_lag,360,"close, close","shift(close, 22) / current_close - 1",moneytree.factors.qlib.build_alpha360_features,Resolved adjusted price field normalized by current close when adjusted=True.
alpha360,alpha360_close_lag23,sequence_lag,360,"close, close","shift(close, 23) / current_close - 1",moneytree.factors.qlib.build_alpha360_features,Resolved adjusted price field normalized by current close when adjusted=True.
alpha360,alpha360_close_lag24,sequence_lag,360,"close, close","shift(close, 24) / current_close - 1",moneytree.factors.qlib.build_alpha360_features,Resolved adjusted price field normalized by current close when adjusted=True.
alpha360,alpha360_close_lag25,sequence_lag,360,"close, close","shift(close, 25) / current_close - 1",moneytree.factors.qlib.build_alpha360_features,Resolved adjusted price field normalized by current close when adjusted=True.
alpha360,alpha360_close_lag26,sequence_lag,360,"close, close","shift(close, 26) / current_close - 1",moneytree.factors.qlib.build_alpha360_features,Resolved adjusted price field normalized by current close when adjusted=True.
alpha360,alpha360_close_lag27,sequence_lag,360,"close, close","shift(close, 27) / current_close - 1",moneytree.factors.qlib.build_alpha360_features,Resolved adjusted price field normalized by current close when adjusted=True.
alpha360,alpha360_close_lag28,sequence_lag,360,"close, close","shift(close, 28) / current_close - 1",moneytree.factors.qlib.build_alpha360_features,Resolved adjusted price field normalized by current close when adjusted=True.
alpha360,alpha360_close_lag29,sequence_lag,360,"close, close","shift(close, 29) / current_close - 1",moneytree.factors.qlib.build_alpha360_features,Resolved adjusted price field normalized by current close when adjusted=True.
alpha360,alpha360_close_lag30,sequence_lag,360,"close, close","shift(close, 30) / current_close - 1",moneytree.factors.qlib.build_alpha360_features,Resolved adjusted price field normalized by current close when adjusted=True.
alpha360,alpha360_close_lag31,sequence_lag,360,"close, close","shift(close, 31) / current_close - 1",moneytree.factors.qlib.build_alpha360_features,Resolved adjusted price field normalized by current close when adjusted=True.
alpha360,alpha360_close_lag32,sequence_lag,360,"close, close","shift(close, 32) / current_close - 1",moneytree.factors.qlib.build_alpha360_features,Resolved adjusted price field normalized by current close when adjusted=True.
alpha360,alpha360_close_lag33,sequence_lag,360,"close, close","shift(close, 33) / current_close - 1",moneytree.factors.qlib.build_alpha360_features,Resolved adjusted price field normalized by current close when adjusted=True.
alpha360,alpha360_close_lag34,sequence_lag,360,"close, close","shift(close, 34) / current_close - 1",moneytree.factors.qlib.build_alpha360_features,Resolved adjusted price field normalized by current close when adjusted=True.
alpha360,alpha360_close_lag35,sequence_lag,360,"close, close","shift(close, 35) / current_close - 1",moneytree.factors.qlib.build_alpha360_features,Resolved adjusted price field normalized by current close when adjusted=True.
alpha360,alpha360_close_lag36,sequence_lag,360,"close, close","shift(close, 36) / current_close - 1",moneytree.factors.qlib.build_alpha360_features,Resolved adjusted price field normalized by current close when adjusted=True.
alpha360,alpha360_close_lag37,sequence_lag,360,"close, close","shift(close, 37) / current_close - 1",moneytree.factors.qlib.build_alpha360_features,Resolved adjusted price field normalized by current close when adjusted=True.
alpha360,alpha360_close_lag38,sequence_lag,360,"close, close","shift(close, 38) / current_close - 1",moneytree.factors.qlib.build_alpha360_features,Resolved adjusted price field normalized by current close when adjusted=True.
alpha360,alpha360_close_lag39,sequence_lag,360,"close, close","shift(close, 39) / current_close - 1",moneytree.factors.qlib.build_alpha360_features,Resolved adjusted price field normalized by current close when adjusted=True.
alpha360,alpha360_close_lag40,sequence_lag,360,"close, close","shift(close, 40) / current_close - 1",moneytree.factors.qlib.build_alpha360_features,Resolved adjusted price field normalized by current close when adjusted=True.
alpha360,alpha360_close_lag41,sequence_lag,360,"close, close","shift(close, 41) / current_close - 1",moneytree.factors.qlib.build_alpha360_features,Resolved adjusted price field normalized by current close when adjusted=True.
alpha360,alpha360_close_lag42,sequence_lag,360,"close, close","shift(close, 42) / current_close - 1",moneytree.factors.qlib.build_alpha360_features,Resolved adjusted price field normalized by current close when adjusted=True.
alpha360,alpha360_close_lag43,sequence_lag,360,"close, close","shift(close, 43) / current_close - 1",moneytree.factors.qlib.build_alpha360_features,Resolved adjusted price field normalized by current close when adjusted=True.
alpha360,alpha360_close_lag44,sequence_lag,360,"close, close","shift(close, 44) / current_close - 1",moneytree.factors.qlib.build_alpha360_features,Resolved adjusted price field normalized by current close when adjusted=True.
alpha360,alpha360_close_lag45,sequence_lag,360,"close, close","shift(close, 45) / current_close - 1",moneytree.factors.qlib.build_alpha360_features,Resolved adjusted price field normalized by current close when adjusted=True.
alpha360,alpha360_close_lag46,sequence_lag,360,"close, close","shift(close, 46) / current_close - 1",moneytree.factors.qlib.build_alpha360_features,Resolved adjusted price field normalized by current close when adjusted=True.
alpha360,alpha360_close_lag47,sequence_lag,360,"close, close","shift(close, 47) / current_close - 1",moneytree.factors.qlib.build_alpha360_features,Resolved adjusted price field normalized by current close when adjusted=True.
alpha360,alpha360_close_lag48,sequence_lag,360,"close, close","shift(close, 48) / current_close - 1",moneytree.factors.qlib.build_alpha360_features,Resolved adjusted price field normalized by current close when adjusted=True.
alpha360,alpha360_close_lag49,sequence_lag,360,"close, close","shift(close, 49) / current_close - 1",moneytree.factors.qlib.build_alpha360_features,Resolved adjusted price field normalized by current close when adjusted=True.
alpha360,alpha360_close_lag50,sequence_lag,360,"close, close","shift(close, 50) / current_close - 1",moneytree.factors.qlib.build_alpha360_features,Resolved adjusted price field normalized by current close when adjusted=True.
alpha360,alpha360_close_lag51,sequence_lag,360,"close, close","shift(close, 51) / current_close - 1",moneytree.factors.qlib.build_alpha360_features,Resolved adjusted price field normalized by current close when adjusted=True.
alpha360,alpha360_close_lag52,sequence_lag,360,"close, close","shift(close, 52) / current_close - 1",moneytree.factors.qlib.build_alpha360_features,Resolved adjusted price field normalized by current close when adjusted=True.
alpha360,alpha360_close_lag53,sequence_lag,360,"close, close","shift(close, 53) / current_close - 1",moneytree.factors.qlib.build_alpha360_features,Resolved adjusted price field normalized by current close when adjusted=True.
alpha360,alpha360_close_lag54,sequence_lag,360,"close, close","shift(close, 54) / current_close - 1",moneytree.factors.qlib.build_alpha360_features,Resolved adjusted price field normalized by current close when adjusted=True.
alpha360,alpha360_close_lag55,sequence_lag,360,"close, close","shift(close, 55) / current_close - 1",moneytree.factors.qlib.build_alpha360_features,Resolved adjusted price field normalized by current close when adjusted=True.
alpha360,alpha360_close_lag56,sequence_lag,360,"close, close","shift(close, 56) / current_close - 1",moneytree.factors.qlib.build_alpha360_features,Resolved adjusted price field normalized by current close when adjusted=True.
alpha360,alpha360_close_lag57,sequence_lag,360,"close, close","shift(close, 57) / current_close - 1",moneytree.factors.qlib.build_alpha360_features,Resolved adjusted price field normalized by current close when adjusted=True.
alpha360,alpha360_close_lag58,sequence_lag,360,"close, close","shift(close, 58) / current_close - 1",moneytree.factors.qlib.build_alpha360_features,Resolved adjusted price field normalized by current close when adjusted=True.
alpha360,alpha360_close_lag59,sequence_lag,360,"close, close","shift(close, 59) / current_close - 1",moneytree.factors.qlib.build_alpha360_features,Resolved adjusted price field normalized by current close when adjusted=True.
alpha360,alpha360_vwap_lag00,sequence_lag,360,"vwap, close","shift(vwap, 0) / current_close - 1",moneytree.factors.qlib.build_alpha360_features,Resolved adjusted price field normalized by current close when adjusted=True.
alpha360,alpha360_vwap_lag01,sequence_lag,360,"vwap, close","shift(vwap, 1) / current_close - 1",moneytree.factors.qlib.build_alpha360_features,Resolved adjusted price field normalized by current close when adjusted=True.
alpha360,alpha360_vwap_lag02,sequence_lag,360,"vwap, close","shift(vwap, 2) / current_close - 1",moneytree.factors.qlib.build_alpha360_features,Resolved adjusted price field normalized by current close when adjusted=True.
alpha360,alpha360_vwap_lag03,sequence_lag,360,"vwap, close","shift(vwap, 3) / current_close - 1",moneytree.factors.qlib.build_alpha360_features,Resolved adjusted price field normalized by current close when adjusted=True.
alpha360,alpha360_vwap_lag04,sequence_lag,360,"vwap, close","shift(vwap, 4) / current_close - 1",moneytree.factors.qlib.build_alpha360_features,Resolved adjusted price field normalized by current close when adjusted=True.
alpha360,alpha360_vwap_lag05,sequence_lag,360,"vwap, close","shift(vwap, 5) / current_close - 1",moneytree.factors.qlib.build_alpha360_features,Resolved adjusted price field normalized by current close when adjusted=True.
alpha360,alpha360_vwap_lag06,sequence_lag,360,"vwap, close","shift(vwap, 6) / current_close - 1",moneytree.factors.qlib.build_alpha360_features,Resolved adjusted price field normalized by current close when adjusted=True.
alpha360,alpha360_vwap_lag07,sequence_lag,360,"vwap, close","shift(vwap, 7) / current_close - 1",moneytree.factors.qlib.build_alpha360_features,Resolved adjusted price field normalized by current close when adjusted=True.
alpha360,alpha360_vwap_lag08,sequence_lag,360,"vwap, close","shift(vwap, 8) / current_close - 1",moneytree.factors.qlib.build_alpha360_features,Resolved adjusted price field normalized by current close when adjusted=True.
alpha360,alpha360_vwap_lag09,sequence_lag,360,"vwap, close","shift(vwap, 9) / current_close - 1",moneytree.factors.qlib.build_alpha360_features,Resolved adjusted price field normalized by current close when adjusted=True.
alpha360,alpha360_vwap_lag10,sequence_lag,360,"vwap, close","shift(vwap, 10) / current_close - 1",moneytree.factors.qlib.build_alpha360_features,Resolved adjusted price field normalized by current close when adjusted=True.
alpha360,alpha360_vwap_lag11,sequence_lag,360,"vwap, close","shift(vwap, 11) / current_close - 1",moneytree.factors.qlib.build_alpha360_features,Resolved adjusted price field normalized by current close when adjusted=True.
alpha360,alpha360_vwap_lag12,sequence_lag,360,"vwap, close","shift(vwap, 12) / current_close - 1",moneytree.factors.qlib.build_alpha360_features,Resolved adjusted price field normalized by current close when adjusted=True.
alpha360,alpha360_vwap_lag13,sequence_lag,360,"vwap, close","shift(vwap, 13) / current_close - 1",moneytree.factors.qlib.build_alpha360_features,Resolved adjusted price field normalized by current close when adjusted=True.
alpha360,alpha360_vwap_lag14,sequence_lag,360,"vwap, close","shift(vwap, 14) / current_close - 1",moneytree.factors.qlib.build_alpha360_features,Resolved adjusted price field normalized by current close when adjusted=True.
alpha360,alpha360_vwap_lag15,sequence_lag,360,"vwap, close","shift(vwap, 15) / current_close - 1",moneytree.factors.qlib.build_alpha360_features,Resolved adjusted price field normalized by current close when adjusted=True.
alpha360,alpha360_vwap_lag16,sequence_lag,360,"vwap, close","shift(vwap, 16) / current_close - 1",moneytree.factors.qlib.build_alpha360_features,Resolved adjusted price field normalized by current close when adjusted=True.
alpha360,alpha360_vwap_lag17,sequence_lag,360,"vwap, close","shift(vwap, 17) / current_close - 1",moneytree.factors.qlib.build_alpha360_features,Resolved adjusted price field normalized by current close when adjusted=True.
alpha360,alpha360_vwap_lag18,sequence_lag,360,"vwap, close","shift(vwap, 18) / current_close - 1",moneytree.factors.qlib.build_alpha360_features,Resolved adjusted price field normalized by current close when adjusted=True.
alpha360,alpha360_vwap_lag19,sequence_lag,360,"vwap, close","shift(vwap, 19) / current_close - 1",moneytree.factors.qlib.build_alpha360_features,Resolved adjusted price field normalized by current close when adjusted=True.
alpha360,alpha360_vwap_lag20,sequence_lag,360,"vwap, close","shift(vwap, 20) / current_close - 1",moneytree.factors.qlib.build_alpha360_features,Resolved adjusted price field normalized by current close when adjusted=True.
alpha360,alpha360_vwap_lag21,sequence_lag,360,"vwap, close","shift(vwap, 21) / current_close - 1",moneytree.factors.qlib.build_alpha360_features,Resolved adjusted price field normalized by current close when adjusted=True.
alpha360,alpha360_vwap_lag22,sequence_lag,360,"vwap, close","shift(vwap, 22) / current_close - 1",moneytree.factors.qlib.build_alpha360_features,Resolved adjusted price field normalized by current close when adjusted=True.
alpha360,alpha360_vwap_lag23,sequence_lag,360,"vwap, close","shift(vwap, 23) / current_close - 1",moneytree.factors.qlib.build_alpha360_features,Resolved adjusted price field normalized by current close when adjusted=True.
alpha360,alpha360_vwap_lag24,sequence_lag,360,"vwap, close","shift(vwap, 24) / current_close - 1",moneytree.factors.qlib.build_alpha360_features,Resolved adjusted price field normalized by current close when adjusted=True.
alpha360,alpha360_vwap_lag25,sequence_lag,360,"vwap, close","shift(vwap, 25) / current_close - 1",moneytree.factors.qlib.build_alpha360_features,Resolved adjusted price field normalized by current close when adjusted=True.
alpha360,alpha360_vwap_lag26,sequence_lag,360,"vwap, close","shift(vwap, 26) / current_close - 1",moneytree.factors.qlib.build_alpha360_features,Resolved adjusted price field normalized by current close when adjusted=True.
alpha360,alpha360_vwap_lag27,sequence_lag,360,"vwap, close","shift(vwap, 27) / current_close - 1",moneytree.factors.qlib.build_alpha360_features,Resolved adjusted price field normalized by current close when adjusted=True.
alpha360,alpha360_vwap_lag28,sequence_lag,360,"vwap, close","shift(vwap, 28) / current_close - 1",moneytree.factors.qlib.build_alpha360_features,Resolved adjusted price field normalized by current close when adjusted=True.
alpha360,alpha360_vwap_lag29,sequence_lag,360,"vwap, close","shift(vwap, 29) / current_close - 1",moneytree.factors.qlib.build_alpha360_features,Resolved adjusted price field normalized by current close when adjusted=True.
alpha360,alpha360_vwap_lag30,sequence_lag,360,"vwap, close","shift(vwap, 30) / current_close - 1",moneytree.factors.qlib.build_alpha360_features,Resolved adjusted price field normalized by current close when adjusted=True.
alpha360,alpha360_vwap_lag31,sequence_lag,360,"vwap, close","shift(vwap, 31) / current_close - 1",moneytree.factors.qlib.build_alpha360_features,Resolved adjusted price field normalized by current close when adjusted=True.
alpha360,alpha360_vwap_lag32,sequence_lag,360,"vwap, close","shift(vwap, 32) / current_close - 1",moneytree.factors.qlib.build_alpha360_features,Resolved adjusted price field normalized by current close when adjusted=True.
alpha360,alpha360_vwap_lag33,sequence_lag,360,"vwap, close","shift(vwap, 33) / current_close - 1",moneytree.factors.qlib.build_alpha360_features,Resolved adjusted price field normalized by current close when adjusted=True.
alpha360,alpha360_vwap_lag34,sequence_lag,360,"vwap, close","shift(vwap, 34) / current_close - 1",moneytree.factors.qlib.build_alpha360_features,Resolved adjusted price field normalized by current close when adjusted=True.
alpha360,alpha360_vwap_lag35,sequence_lag,360,"vwap, close","shift(vwap, 35) / current_close - 1",moneytree.factors.qlib.build_alpha360_features,Resolved adjusted price field normalized by current close when adjusted=True.
alpha360,alpha360_vwap_lag36,sequence_lag,360,"vwap, close","shift(vwap, 36) / current_close - 1",moneytree.factors.qlib.build_alpha360_features,Resolved adjusted price field normalized by current close when adjusted=True.
alpha360,alpha360_vwap_lag37,sequence_lag,360,"vwap, close","shift(vwap, 37) / current_close - 1",moneytree.factors.qlib.build_alpha360_features,Resolved adjusted price field normalized by current close when adjusted=True.
alpha360,alpha360_vwap_lag38,sequence_lag,360,"vwap, close","shift(vwap, 38) / current_close - 1",moneytree.factors.qlib.build_alpha360_features,Resolved adjusted price field normalized by current close when adjusted=True.
alpha360,alpha360_vwap_lag39,sequence_lag,360,"vwap, close","shift(vwap, 39) / current_close - 1",moneytree.factors.qlib.build_alpha360_features,Resolved adjusted price field normalized by current close when adjusted=True.
alpha360,alpha360_vwap_lag40,sequence_lag,360,"vwap, close","shift(vwap, 40) / current_close - 1",moneytree.factors.qlib.build_alpha360_features,Resolved adjusted price field normalized by current close when adjusted=True.
alpha360,alpha360_vwap_lag41,sequence_lag,360,"vwap, close","shift(vwap, 41) / current_close - 1",moneytree.factors.qlib.build_alpha360_features,Resolved adjusted price field normalized by current close when adjusted=True.
alpha360,alpha360_vwap_lag42,sequence_lag,360,"vwap, close","shift(vwap, 42) / current_close - 1",moneytree.factors.qlib.build_alpha360_features,Resolved adjusted price field normalized by current close when adjusted=True.
alpha360,alpha360_vwap_lag43,sequence_lag,360,"vwap, close","shift(vwap, 43) / current_close - 1",moneytree.factors.qlib.build_alpha360_features,Resolved adjusted price field normalized by current close when adjusted=True.
alpha360,alpha360_vwap_lag44,sequence_lag,360,"vwap, close","shift(vwap, 44) / current_close - 1",moneytree.factors.qlib.build_alpha360_features,Resolved adjusted price field normalized by current close when adjusted=True.
alpha360,alpha360_vwap_lag45,sequence_lag,360,"vwap, close","shift(vwap, 45) / current_close - 1",moneytree.factors.qlib.build_alpha360_features,Resolved adjusted price field normalized by current close when adjusted=True.
alpha360,alpha360_vwap_lag46,sequence_lag,360,"vwap, close","shift(vwap, 46) / current_close - 1",moneytree.factors.qlib.build_alpha360_features,Resolved adjusted price field normalized by current close when adjusted=True.
alpha360,alpha360_vwap_lag47,sequence_lag,360,"vwap, close","shift(vwap, 47) / current_close - 1",moneytree.factors.qlib.build_alpha360_features,Resolved adjusted price field normalized by current close when adjusted=True.
alpha360,alpha360_vwap_lag48,sequence_lag,360,"vwap, close","shift(vwap, 48) / current_close - 1",moneytree.factors.qlib.build_alpha360_features,Resolved adjusted price field normalized by current close when adjusted=True.
alpha360,alpha360_vwap_lag49,sequence_lag,360,"vwap, close","shift(vwap, 49) / current_close - 1",moneytree.factors.qlib.build_alpha360_features,Resolved adjusted price field normalized by current close when adjusted=True.
alpha360,alpha360_vwap_lag50,sequence_lag,360,"vwap, close","shift(vwap, 50) / current_close - 1",moneytree.factors.qlib.build_alpha360_features,Resolved adjusted price field normalized by current close when adjusted=True.
alpha360,alpha360_vwap_lag51,sequence_lag,360,"vwap, close","shift(vwap, 51) / current_close - 1",moneytree.factors.qlib.build_alpha360_features,Resolved adjusted price field normalized by current close when adjusted=True.
alpha360,alpha360_vwap_lag52,sequence_lag,360,"vwap, close","shift(vwap, 52) / current_close - 1",moneytree.factors.qlib.build_alpha360_features,Resolved adjusted price field normalized by current close when adjusted=True.
alpha360,alpha360_vwap_lag53,sequence_lag,360,"vwap, close","shift(vwap, 53) / current_close - 1",moneytree.factors.qlib.build_alpha360_features,Resolved adjusted price field normalized by current close when adjusted=True.
alpha360,alpha360_vwap_lag54,sequence_lag,360,"vwap, close","shift(vwap, 54) / current_close - 1",moneytree.factors.qlib.build_alpha360_features,Resolved adjusted price field normalized by current close when adjusted=True.
alpha360,alpha360_vwap_lag55,sequence_lag,360,"vwap, close","shift(vwap, 55) / current_close - 1",moneytree.factors.qlib.build_alpha360_features,Resolved adjusted price field normalized by current close when adjusted=True.
alpha360,alpha360_vwap_lag56,sequence_lag,360,"vwap, close","shift(vwap, 56) / current_close - 1",moneytree.factors.qlib.build_alpha360_features,Resolved adjusted price field normalized by current close when adjusted=True.
alpha360,alpha360_vwap_lag57,sequence_lag,360,"vwap, close","shift(vwap, 57) / current_close - 1",moneytree.factors.qlib.build_alpha360_features,Resolved adjusted price field normalized by current close when adjusted=True.
alpha360,alpha360_vwap_lag58,sequence_lag,360,"vwap, close","shift(vwap, 58) / current_close - 1",moneytree.factors.qlib.build_alpha360_features,Resolved adjusted price field normalized by current close when adjusted=True.
alpha360,alpha360_vwap_lag59,sequence_lag,360,"vwap, close","shift(vwap, 59) / current_close - 1",moneytree.factors.qlib.build_alpha360_features,Resolved adjusted price field normalized by current close when adjusted=True.
alpha360,alpha360_volume_lag00,sequence_lag,360,volume,"shift(volume, 0) / current_volume - 1",moneytree.factors.qlib.build_alpha360_features,Raw volume sequence feature normalized by current volume.
alpha360,alpha360_volume_lag01,sequence_lag,360,volume,"shift(volume, 1) / current_volume - 1",moneytree.factors.qlib.build_alpha360_features,Raw volume sequence feature normalized by current volume.
alpha360,alpha360_volume_lag02,sequence_lag,360,volume,"shift(volume, 2) / current_volume - 1",moneytree.factors.qlib.build_alpha360_features,Raw volume sequence feature normalized by current volume.
alpha360,alpha360_volume_lag03,sequence_lag,360,volume,"shift(volume, 3) / current_volume - 1",moneytree.factors.qlib.build_alpha360_features,Raw volume sequence feature normalized by current volume.
alpha360,alpha360_volume_lag04,sequence_lag,360,volume,"shift(volume, 4) / current_volume - 1",moneytree.factors.qlib.build_alpha360_features,Raw volume sequence feature normalized by current volume.
alpha360,alpha360_volume_lag05,sequence_lag,360,volume,"shift(volume, 5) / current_volume - 1",moneytree.factors.qlib.build_alpha360_features,Raw volume sequence feature normalized by current volume.
alpha360,alpha360_volume_lag06,sequence_lag,360,volume,"shift(volume, 6) / current_volume - 1",moneytree.factors.qlib.build_alpha360_features,Raw volume sequence feature normalized by current volume.
alpha360,alpha360_volume_lag07,sequence_lag,360,volume,"shift(volume, 7) / current_volume - 1",moneytree.factors.qlib.build_alpha360_features,Raw volume sequence feature normalized by current volume.
alpha360,alpha360_volume_lag08,sequence_lag,360,volume,"shift(volume, 8) / current_volume - 1",moneytree.factors.qlib.build_alpha360_features,Raw volume sequence feature normalized by current volume.
alpha360,alpha360_volume_lag09,sequence_lag,360,volume,"shift(volume, 9) / current_volume - 1",moneytree.factors.qlib.build_alpha360_features,Raw volume sequence feature normalized by current volume.
alpha360,alpha360_volume_lag10,sequence_lag,360,volume,"shift(volume, 10) / current_volume - 1",moneytree.factors.qlib.build_alpha360_features,Raw volume sequence feature normalized by current volume.
alpha360,alpha360_volume_lag11,sequence_lag,360,volume,"shift(volume, 11) / current_volume - 1",moneytree.factors.qlib.build_alpha360_features,Raw volume sequence feature normalized by current volume.
alpha360,alpha360_volume_lag12,sequence_lag,360,volume,"shift(volume, 12) / current_volume - 1",moneytree.factors.qlib.build_alpha360_features,Raw volume sequence feature normalized by current volume.
alpha360,alpha360_volume_lag13,sequence_lag,360,volume,"shift(volume, 13) / current_volume - 1",moneytree.factors.qlib.build_alpha360_features,Raw volume sequence feature normalized by current volume.
alpha360,alpha360_volume_lag14,sequence_lag,360,volume,"shift(volume, 14) / current_volume - 1",moneytree.factors.qlib.build_alpha360_features,Raw volume sequence feature normalized by current volume.
alpha360,alpha360_volume_lag15,sequence_lag,360,volume,"shift(volume, 15) / current_volume - 1",moneytree.factors.qlib.build_alpha360_features,Raw volume sequence feature normalized by current volume.
alpha360,alpha360_volume_lag16,sequence_lag,360,volume,"shift(volume, 16) / current_volume - 1",moneytree.factors.qlib.build_alpha360_features,Raw volume sequence feature normalized by current volume.
alpha360,alpha360_volume_lag17,sequence_lag,360,volume,"shift(volume, 17) / current_volume - 1",moneytree.factors.qlib.build_alpha360_features,Raw volume sequence feature normalized by current volume.
alpha360,alpha360_volume_lag18,sequence_lag,360,volume,"shift(volume, 18) / current_volume - 1",moneytree.factors.qlib.build_alpha360_features,Raw volume sequence feature normalized by current volume.
alpha360,alpha360_volume_lag19,sequence_lag,360,volume,"shift(volume, 19) / current_volume - 1",moneytree.factors.qlib.build_alpha360_features,Raw volume sequence feature normalized by current volume.
alpha360,alpha360_volume_lag20,sequence_lag,360,volume,"shift(volume, 20) / current_volume - 1",moneytree.factors.qlib.build_alpha360_features,Raw volume sequence feature normalized by current volume.
alpha360,alpha360_volume_lag21,sequence_lag,360,volume,"shift(volume, 21) / current_volume - 1",moneytree.factors.qlib.build_alpha360_features,Raw volume sequence feature normalized by current volume.
alpha360,alpha360_volume_lag22,sequence_lag,360,volume,"shift(volume, 22) / current_volume - 1",moneytree.factors.qlib.build_alpha360_features,Raw volume sequence feature normalized by current volume.
alpha360,alpha360_volume_lag23,sequence_lag,360,volume,"shift(volume, 23) / current_volume - 1",moneytree.factors.qlib.build_alpha360_features,Raw volume sequence feature normalized by current volume.
alpha360,alpha360_volume_lag24,sequence_lag,360,volume,"shift(volume, 24) / current_volume - 1",moneytree.factors.qlib.build_alpha360_features,Raw volume sequence feature normalized by current volume.
alpha360,alpha360_volume_lag25,sequence_lag,360,volume,"shift(volume, 25) / current_volume - 1",moneytree.factors.qlib.build_alpha360_features,Raw volume sequence feature normalized by current volume.
alpha360,alpha360_volume_lag26,sequence_lag,360,volume,"shift(volume, 26) / current_volume - 1",moneytree.factors.qlib.build_alpha360_features,Raw volume sequence feature normalized by current volume.
alpha360,alpha360_volume_lag27,sequence_lag,360,volume,"shift(volume, 27) / current_volume - 1",moneytree.factors.qlib.build_alpha360_features,Raw volume sequence feature normalized by current volume.
alpha360,alpha360_volume_lag28,sequence_lag,360,volume,"shift(volume, 28) / current_volume - 1",moneytree.factors.qlib.build_alpha360_features,Raw volume sequence feature normalized by current volume.
alpha360,alpha360_volume_lag29,sequence_lag,360,volume,"shift(volume, 29) / current_volume - 1",moneytree.factors.qlib.build_alpha360_features,Raw volume sequence feature normalized by current volume.
alpha360,alpha360_volume_lag30,sequence_lag,360,volume,"shift(volume, 30) / current_volume - 1",moneytree.factors.qlib.build_alpha360_features,Raw volume sequence feature normalized by current volume.
alpha360,alpha360_volume_lag31,sequence_lag,360,volume,"shift(volume, 31) / current_volume - 1",moneytree.factors.qlib.build_alpha360_features,Raw volume sequence feature normalized by current volume.
alpha360,alpha360_volume_lag32,sequence_lag,360,volume,"shift(volume, 32) / current_volume - 1",moneytree.factors.qlib.build_alpha360_features,Raw volume sequence feature normalized by current volume.
alpha360,alpha360_volume_lag33,sequence_lag,360,volume,"shift(volume, 33) / current_volume - 1",moneytree.factors.qlib.build_alpha360_features,Raw volume sequence feature normalized by current volume.
alpha360,alpha360_volume_lag34,sequence_lag,360,volume,"shift(volume, 34) / current_volume - 1",moneytree.factors.qlib.build_alpha360_features,Raw volume sequence feature normalized by current volume.
alpha360,alpha360_volume_lag35,sequence_lag,360,volume,"shift(volume, 35) / current_volume - 1",moneytree.factors.qlib.build_alpha360_features,Raw volume sequence feature normalized by current volume.
alpha360,alpha360_volume_lag36,sequence_lag,360,volume,"shift(volume, 36) / current_volume - 1",moneytree.factors.qlib.build_alpha360_features,Raw volume sequence feature normalized by current volume.
alpha360,alpha360_volume_lag37,sequence_lag,360,volume,"shift(volume, 37) / current_volume - 1",moneytree.factors.qlib.build_alpha360_features,Raw volume sequence feature normalized by current volume.
alpha360,alpha360_volume_lag38,sequence_lag,360,volume,"shift(volume, 38) / current_volume - 1",moneytree.factors.qlib.build_alpha360_features,Raw volume sequence feature normalized by current volume.
alpha360,alpha360_volume_lag39,sequence_lag,360,volume,"shift(volume, 39) / current_volume - 1",moneytree.factors.qlib.build_alpha360_features,Raw volume sequence feature normalized by current volume.
alpha360,alpha360_volume_lag40,sequence_lag,360,volume,"shift(volume, 40) / current_volume - 1",moneytree.factors.qlib.build_alpha360_features,Raw volume sequence feature normalized by current volume.
alpha360,alpha360_volume_lag41,sequence_lag,360,volume,"shift(volume, 41) / current_volume - 1",moneytree.factors.qlib.build_alpha360_features,Raw volume sequence feature normalized by current volume.
alpha360,alpha360_volume_lag42,sequence_lag,360,volume,"shift(volume, 42) / current_volume - 1",moneytree.factors.qlib.build_alpha360_features,Raw volume sequence feature normalized by current volume.
alpha360,alpha360_volume_lag43,sequence_lag,360,volume,"shift(volume, 43) / current_volume - 1",moneytree.factors.qlib.build_alpha360_features,Raw volume sequence feature normalized by current volume.
alpha360,alpha360_volume_lag44,sequence_lag,360,volume,"shift(volume, 44) / current_volume - 1",moneytree.factors.qlib.build_alpha360_features,Raw volume sequence feature normalized by current volume.
alpha360,alpha360_volume_lag45,sequence_lag,360,volume,"shift(volume, 45) / current_volume - 1",moneytree.factors.qlib.build_alpha360_features,Raw volume sequence feature normalized by current volume.
alpha360,alpha360_volume_lag46,sequence_lag,360,volume,"shift(volume, 46) / current_volume - 1",moneytree.factors.qlib.build_alpha360_features,Raw volume sequence feature normalized by current volume.
alpha360,alpha360_volume_lag47,sequence_lag,360,volume,"shift(volume, 47) / current_volume - 1",moneytree.factors.qlib.build_alpha360_features,Raw volume sequence feature normalized by current volume.
alpha360,alpha360_volume_lag48,sequence_lag,360,volume,"shift(volume, 48) / current_volume - 1",moneytree.factors.qlib.build_alpha360_features,Raw volume sequence feature normalized by current volume.
alpha360,alpha360_volume_lag49,sequence_lag,360,volume,"shift(volume, 49) / current_volume - 1",moneytree.factors.qlib.build_alpha360_features,Raw volume sequence feature normalized by current volume.
alpha360,alpha360_volume_lag50,sequence_lag,360,volume,"shift(volume, 50) / current_volume - 1",moneytree.factors.qlib.build_alpha360_features,Raw volume sequence feature normalized by current volume.
alpha360,alpha360_volume_lag51,sequence_lag,360,volume,"shift(volume, 51) / current_volume - 1",moneytree.factors.qlib.build_alpha360_features,Raw volume sequence feature normalized by current volume.
alpha360,alpha360_volume_lag52,sequence_lag,360,volume,"shift(volume, 52) / current_volume - 1",moneytree.factors.qlib.build_alpha360_features,Raw volume sequence feature normalized by current volume.
alpha360,alpha360_volume_lag53,sequence_lag,360,volume,"shift(volume, 53) / current_volume - 1",moneytree.factors.qlib.build_alpha360_features,Raw volume sequence feature normalized by current volume.
alpha360,alpha360_volume_lag54,sequence_lag,360,volume,"shift(volume, 54) / current_volume - 1",moneytree.factors.qlib.build_alpha360_features,Raw volume sequence feature normalized by current volume.
alpha360,alpha360_volume_lag55,sequence_lag,360,volume,"shift(volume, 55) / current_volume - 1",moneytree.factors.qlib.build_alpha360_features,Raw volume sequence feature normalized by current volume.
alpha360,alpha360_volume_lag56,sequence_lag,360,volume,"shift(volume, 56) / current_volume - 1",moneytree.factors.qlib.build_alpha360_features,Raw volume sequence feature normalized by current volume.
alpha360,alpha360_volume_lag57,sequence_lag,360,volume,"shift(volume, 57) / current_volume - 1",moneytree.factors.qlib.build_alpha360_features,Raw volume sequence feature normalized by current volume.
alpha360,alpha360_volume_lag58,sequence_lag,360,volume,"shift(volume, 58) / current_volume - 1",moneytree.factors.qlib.build_alpha360_features,Raw volume sequence feature normalized by current volume.
alpha360,alpha360_volume_lag59,sequence_lag,360,volume,"shift(volume, 59) / current_volume - 1",moneytree.factors.qlib.build_alpha360_features,Raw volume sequence feature normalized by current volume.
