family,column,group,count_scope,input_fields,formula_status,formula_source,formula_or_rule,generation,notes
alpha101,alpha101_001,classic_formula,101,"open, high, low, close, volume, vwap, returns",implemented_local,src/moneytree/factors/classic.py,WQAlpha1 implemented in Python with cross-sectional rank/scale (grouped by trade date).,moneytree.factors.classic.build_alpha101_features,Ported from the wu-alpha191-alpha101 reference repository with cross-sectional rank/scale semantics. The DolphinDB external path remains an alternative generation route with different rank/scale and missing-value semantics; compare outputs before production use.
alpha101,alpha101_002,classic_formula,101,"open, high, low, close, volume, vwap, returns",implemented_local,src/moneytree/factors/classic.py,WQAlpha2 implemented in Python with cross-sectional rank/scale (grouped by trade date).,moneytree.factors.classic.build_alpha101_features,Ported from the wu-alpha191-alpha101 reference repository with cross-sectional rank/scale semantics. The DolphinDB external path remains an alternative generation route with different rank/scale and missing-value semantics; compare outputs before production use.
alpha101,alpha101_003,classic_formula,101,"open, high, low, close, volume, vwap, returns",implemented_local,src/moneytree/factors/classic.py,WQAlpha3 implemented in Python with cross-sectional rank/scale (grouped by trade date).,moneytree.factors.classic.build_alpha101_features,Ported from the wu-alpha191-alpha101 reference repository with cross-sectional rank/scale semantics. The DolphinDB external path remains an alternative generation route with different rank/scale and missing-value semantics; compare outputs before production use.
alpha101,alpha101_004,classic_formula,101,"open, high, low, close, volume, vwap, returns",implemented_local,src/moneytree/factors/classic.py,WQAlpha4 implemented in Python with cross-sectional rank/scale (grouped by trade date).,moneytree.factors.classic.build_alpha101_features,Ported from the wu-alpha191-alpha101 reference repository with cross-sectional rank/scale semantics. The DolphinDB external path remains an alternative generation route with different rank/scale and missing-value semantics; compare outputs before production use.
alpha101,alpha101_005,classic_formula,101,"open, high, low, close, volume, vwap, returns",implemented_local,src/moneytree/factors/classic.py,WQAlpha5 implemented in Python with cross-sectional rank/scale (grouped by trade date).,moneytree.factors.classic.build_alpha101_features,Ported from the wu-alpha191-alpha101 reference repository with cross-sectional rank/scale semantics. The DolphinDB external path remains an alternative generation route with different rank/scale and missing-value semantics; compare outputs before production use.
alpha101,alpha101_006,classic_formula,101,"open, high, low, close, volume, vwap, returns",implemented_local,src/moneytree/factors/classic.py,WQAlpha6 implemented in Python with cross-sectional rank/scale (grouped by trade date).,moneytree.factors.classic.build_alpha101_features,Ported from the wu-alpha191-alpha101 reference repository with cross-sectional rank/scale semantics. The DolphinDB external path remains an alternative generation route with different rank/scale and missing-value semantics; compare outputs before production use.
alpha101,alpha101_007,classic_formula,101,"open, high, low, close, volume, vwap, returns",implemented_local,src/moneytree/factors/classic.py,WQAlpha7 implemented in Python with cross-sectional rank/scale (grouped by trade date).,moneytree.factors.classic.build_alpha101_features,Ported from the wu-alpha191-alpha101 reference repository with cross-sectional rank/scale semantics. The DolphinDB external path remains an alternative generation route with different rank/scale and missing-value semantics; compare outputs before production use.
alpha101,alpha101_008,classic_formula,101,"open, high, low, close, volume, vwap, returns",implemented_local,src/moneytree/factors/classic.py,WQAlpha8 implemented in Python with cross-sectional rank/scale (grouped by trade date).,moneytree.factors.classic.build_alpha101_features,Ported from the wu-alpha191-alpha101 reference repository with cross-sectional rank/scale semantics. The DolphinDB external path remains an alternative generation route with different rank/scale and missing-value semantics; compare outputs before production use.
alpha101,alpha101_009,classic_formula,101,"open, high, low, close, volume, vwap, returns",implemented_local,src/moneytree/factors/classic.py,WQAlpha9 implemented in Python with cross-sectional rank/scale (grouped by trade date).,moneytree.factors.classic.build_alpha101_features,Ported from the wu-alpha191-alpha101 reference repository with cross-sectional rank/scale semantics. The DolphinDB external path remains an alternative generation route with different rank/scale and missing-value semantics; compare outputs before production use.
alpha101,alpha101_010,classic_formula,101,"open, high, low, close, volume, vwap, returns",implemented_local,src/moneytree/factors/classic.py,WQAlpha10 implemented in Python with cross-sectional rank/scale (grouped by trade date).,moneytree.factors.classic.build_alpha101_features,Ported from the wu-alpha191-alpha101 reference repository with cross-sectional rank/scale semantics. The DolphinDB external path remains an alternative generation route with different rank/scale and missing-value semantics; compare outputs before production use.
alpha101,alpha101_011,classic_formula,101,"open, high, low, close, volume, vwap, returns",implemented_local,src/moneytree/factors/classic.py,WQAlpha11 implemented in Python with cross-sectional rank/scale (grouped by trade date).,moneytree.factors.classic.build_alpha101_features,Ported from the wu-alpha191-alpha101 reference repository with cross-sectional rank/scale semantics. The DolphinDB external path remains an alternative generation route with different rank/scale and missing-value semantics; compare outputs before production use.
alpha101,alpha101_012,classic_formula,101,"open, high, low, close, volume, vwap, returns",implemented_local,src/moneytree/factors/classic.py,WQAlpha12 implemented in Python with cross-sectional rank/scale (grouped by trade date).,moneytree.factors.classic.build_alpha101_features,Ported from the wu-alpha191-alpha101 reference repository with cross-sectional rank/scale semantics. The DolphinDB external path remains an alternative generation route with different rank/scale and missing-value semantics; compare outputs before production use.
alpha101,alpha101_013,classic_formula,101,"open, high, low, close, volume, vwap, returns",implemented_local,src/moneytree/factors/classic.py,WQAlpha13 implemented in Python with cross-sectional rank/scale (grouped by trade date).,moneytree.factors.classic.build_alpha101_features,Ported from the wu-alpha191-alpha101 reference repository with cross-sectional rank/scale semantics. The DolphinDB external path remains an alternative generation route with different rank/scale and missing-value semantics; compare outputs before production use.
alpha101,alpha101_014,classic_formula,101,"open, high, low, close, volume, vwap, returns",implemented_local,src/moneytree/factors/classic.py,WQAlpha14 implemented in Python with cross-sectional rank/scale (grouped by trade date).,moneytree.factors.classic.build_alpha101_features,Ported from the wu-alpha191-alpha101 reference repository with cross-sectional rank/scale semantics. The DolphinDB external path remains an alternative generation route with different rank/scale and missing-value semantics; compare outputs before production use.
alpha101,alpha101_015,classic_formula,101,"open, high, low, close, volume, vwap, returns",implemented_local,src/moneytree/factors/classic.py,WQAlpha15 implemented in Python with cross-sectional rank/scale (grouped by trade date).,moneytree.factors.classic.build_alpha101_features,Ported from the wu-alpha191-alpha101 reference repository with cross-sectional rank/scale semantics. The DolphinDB external path remains an alternative generation route with different rank/scale and missing-value semantics; compare outputs before production use.
alpha101,alpha101_016,classic_formula,101,"open, high, low, close, volume, vwap, returns",implemented_local,src/moneytree/factors/classic.py,WQAlpha16 implemented in Python with cross-sectional rank/scale (grouped by trade date).,moneytree.factors.classic.build_alpha101_features,Ported from the wu-alpha191-alpha101 reference repository with cross-sectional rank/scale semantics. The DolphinDB external path remains an alternative generation route with different rank/scale and missing-value semantics; compare outputs before production use.
alpha101,alpha101_017,classic_formula,101,"open, high, low, close, volume, vwap, returns",implemented_local,src/moneytree/factors/classic.py,WQAlpha17 implemented in Python with cross-sectional rank/scale (grouped by trade date).,moneytree.factors.classic.build_alpha101_features,Ported from the wu-alpha191-alpha101 reference repository with cross-sectional rank/scale semantics. The DolphinDB external path remains an alternative generation route with different rank/scale and missing-value semantics; compare outputs before production use.
alpha101,alpha101_018,classic_formula,101,"open, high, low, close, volume, vwap, returns",implemented_local,src/moneytree/factors/classic.py,WQAlpha18 implemented in Python with cross-sectional rank/scale (grouped by trade date).,moneytree.factors.classic.build_alpha101_features,Ported from the wu-alpha191-alpha101 reference repository with cross-sectional rank/scale semantics. The DolphinDB external path remains an alternative generation route with different rank/scale and missing-value semantics; compare outputs before production use.
alpha101,alpha101_019,classic_formula,101,"open, high, low, close, volume, vwap, returns",implemented_local,src/moneytree/factors/classic.py,WQAlpha19 implemented in Python with cross-sectional rank/scale (grouped by trade date).,moneytree.factors.classic.build_alpha101_features,Ported from the wu-alpha191-alpha101 reference repository with cross-sectional rank/scale semantics. The DolphinDB external path remains an alternative generation route with different rank/scale and missing-value semantics; compare outputs before production use.
alpha101,alpha101_020,classic_formula,101,"open, high, low, close, volume, vwap, returns",implemented_local,src/moneytree/factors/classic.py,WQAlpha20 implemented in Python with cross-sectional rank/scale (grouped by trade date).,moneytree.factors.classic.build_alpha101_features,Ported from the wu-alpha191-alpha101 reference repository with cross-sectional rank/scale semantics. The DolphinDB external path remains an alternative generation route with different rank/scale and missing-value semantics; compare outputs before production use.
alpha101,alpha101_021,classic_formula,101,"open, high, low, close, volume, vwap, returns",implemented_local,src/moneytree/factors/classic.py,WQAlpha21 implemented in Python with cross-sectional rank/scale (grouped by trade date).,moneytree.factors.classic.build_alpha101_features,Ported from the wu-alpha191-alpha101 reference repository with cross-sectional rank/scale semantics. The DolphinDB external path remains an alternative generation route with different rank/scale and missing-value semantics; compare outputs before production use.
alpha101,alpha101_022,classic_formula,101,"open, high, low, close, volume, vwap, returns",implemented_local,src/moneytree/factors/classic.py,WQAlpha22 implemented in Python with cross-sectional rank/scale (grouped by trade date).,moneytree.factors.classic.build_alpha101_features,Ported from the wu-alpha191-alpha101 reference repository with cross-sectional rank/scale semantics. The DolphinDB external path remains an alternative generation route with different rank/scale and missing-value semantics; compare outputs before production use.
alpha101,alpha101_023,classic_formula,101,"open, high, low, close, volume, vwap, returns",implemented_local,src/moneytree/factors/classic.py,WQAlpha23 implemented in Python with cross-sectional rank/scale (grouped by trade date).,moneytree.factors.classic.build_alpha101_features,Ported from the wu-alpha191-alpha101 reference repository with cross-sectional rank/scale semantics. The DolphinDB external path remains an alternative generation route with different rank/scale and missing-value semantics; compare outputs before production use.
alpha101,alpha101_024,classic_formula,101,"open, high, low, close, volume, vwap, returns",implemented_local,src/moneytree/factors/classic.py,WQAlpha24 implemented in Python with cross-sectional rank/scale (grouped by trade date).,moneytree.factors.classic.build_alpha101_features,Ported from the wu-alpha191-alpha101 reference repository with cross-sectional rank/scale semantics. The DolphinDB external path remains an alternative generation route with different rank/scale and missing-value semantics; compare outputs before production use.
alpha101,alpha101_025,classic_formula,101,"open, high, low, close, volume, vwap, returns",implemented_local,src/moneytree/factors/classic.py,WQAlpha25 implemented in Python with cross-sectional rank/scale (grouped by trade date).,moneytree.factors.classic.build_alpha101_features,Ported from the wu-alpha191-alpha101 reference repository with cross-sectional rank/scale semantics. The DolphinDB external path remains an alternative generation route with different rank/scale and missing-value semantics; compare outputs before production use.
alpha101,alpha101_026,classic_formula,101,"open, high, low, close, volume, vwap, returns",implemented_local,src/moneytree/factors/classic.py,WQAlpha26 implemented in Python with cross-sectional rank/scale (grouped by trade date).,moneytree.factors.classic.build_alpha101_features,Ported from the wu-alpha191-alpha101 reference repository with cross-sectional rank/scale semantics. The DolphinDB external path remains an alternative generation route with different rank/scale and missing-value semantics; compare outputs before production use.
alpha101,alpha101_027,classic_formula,101,"open, high, low, close, volume, vwap, returns",implemented_local,src/moneytree/factors/classic.py,WQAlpha27 implemented in Python with cross-sectional rank/scale (grouped by trade date).,moneytree.factors.classic.build_alpha101_features,Ported from the wu-alpha191-alpha101 reference repository with cross-sectional rank/scale semantics. The DolphinDB external path remains an alternative generation route with different rank/scale and missing-value semantics; compare outputs before production use.
alpha101,alpha101_028,classic_formula,101,"open, high, low, close, volume, vwap, returns",implemented_local,src/moneytree/factors/classic.py,WQAlpha28 implemented in Python with cross-sectional rank/scale (grouped by trade date).,moneytree.factors.classic.build_alpha101_features,Ported from the wu-alpha191-alpha101 reference repository with cross-sectional rank/scale semantics. The DolphinDB external path remains an alternative generation route with different rank/scale and missing-value semantics; compare outputs before production use.
alpha101,alpha101_029,classic_formula,101,"open, high, low, close, volume, vwap, returns",implemented_local,src/moneytree/factors/classic.py,WQAlpha29 implemented in Python with cross-sectional rank/scale (grouped by trade date).,moneytree.factors.classic.build_alpha101_features,Ported from the wu-alpha191-alpha101 reference repository with cross-sectional rank/scale semantics. The DolphinDB external path remains an alternative generation route with different rank/scale and missing-value semantics; compare outputs before production use.
alpha101,alpha101_030,classic_formula,101,"open, high, low, close, volume, vwap, returns",implemented_local,src/moneytree/factors/classic.py,WQAlpha30 implemented in Python with cross-sectional rank/scale (grouped by trade date).,moneytree.factors.classic.build_alpha101_features,Ported from the wu-alpha191-alpha101 reference repository with cross-sectional rank/scale semantics. The DolphinDB external path remains an alternative generation route with different rank/scale and missing-value semantics; compare outputs before production use.
alpha101,alpha101_031,classic_formula,101,"open, high, low, close, volume, vwap, returns",implemented_local,src/moneytree/factors/classic.py,WQAlpha31 implemented in Python with cross-sectional rank/scale (grouped by trade date).,moneytree.factors.classic.build_alpha101_features,Ported from the wu-alpha191-alpha101 reference repository with cross-sectional rank/scale semantics. The DolphinDB external path remains an alternative generation route with different rank/scale and missing-value semantics; compare outputs before production use.
alpha101,alpha101_032,classic_formula,101,"open, high, low, close, volume, vwap, returns",implemented_local,src/moneytree/factors/classic.py,WQAlpha32 implemented in Python with cross-sectional rank/scale (grouped by trade date).,moneytree.factors.classic.build_alpha101_features,Ported from the wu-alpha191-alpha101 reference repository with cross-sectional rank/scale semantics. The DolphinDB external path remains an alternative generation route with different rank/scale and missing-value semantics; compare outputs before production use.
alpha101,alpha101_033,classic_formula,101,"open, high, low, close, volume, vwap, returns",implemented_local,src/moneytree/factors/classic.py,WQAlpha33 implemented in Python with cross-sectional rank/scale (grouped by trade date).,moneytree.factors.classic.build_alpha101_features,Ported from the wu-alpha191-alpha101 reference repository with cross-sectional rank/scale semantics. The DolphinDB external path remains an alternative generation route with different rank/scale and missing-value semantics; compare outputs before production use.
alpha101,alpha101_034,classic_formula,101,"open, high, low, close, volume, vwap, returns",implemented_local,src/moneytree/factors/classic.py,WQAlpha34 implemented in Python with cross-sectional rank/scale (grouped by trade date).,moneytree.factors.classic.build_alpha101_features,Ported from the wu-alpha191-alpha101 reference repository with cross-sectional rank/scale semantics. The DolphinDB external path remains an alternative generation route with different rank/scale and missing-value semantics; compare outputs before production use.
alpha101,alpha101_035,classic_formula,101,"open, high, low, close, volume, vwap, returns",implemented_local,src/moneytree/factors/classic.py,WQAlpha35 implemented in Python with cross-sectional rank/scale (grouped by trade date).,moneytree.factors.classic.build_alpha101_features,Ported from the wu-alpha191-alpha101 reference repository with cross-sectional rank/scale semantics. The DolphinDB external path remains an alternative generation route with different rank/scale and missing-value semantics; compare outputs before production use.
alpha101,alpha101_036,classic_formula,101,"open, high, low, close, volume, vwap, returns",implemented_local,src/moneytree/factors/classic.py,WQAlpha36 implemented in Python with cross-sectional rank/scale (grouped by trade date).,moneytree.factors.classic.build_alpha101_features,Ported from the wu-alpha191-alpha101 reference repository with cross-sectional rank/scale semantics. The DolphinDB external path remains an alternative generation route with different rank/scale and missing-value semantics; compare outputs before production use.
alpha101,alpha101_037,classic_formula,101,"open, high, low, close, volume, vwap, returns",implemented_local,src/moneytree/factors/classic.py,WQAlpha37 implemented in Python with cross-sectional rank/scale (grouped by trade date).,moneytree.factors.classic.build_alpha101_features,Ported from the wu-alpha191-alpha101 reference repository with cross-sectional rank/scale semantics. The DolphinDB external path remains an alternative generation route with different rank/scale and missing-value semantics; compare outputs before production use.
alpha101,alpha101_038,classic_formula,101,"open, high, low, close, volume, vwap, returns",implemented_local,src/moneytree/factors/classic.py,WQAlpha38 implemented in Python with cross-sectional rank/scale (grouped by trade date).,moneytree.factors.classic.build_alpha101_features,Ported from the wu-alpha191-alpha101 reference repository with cross-sectional rank/scale semantics. The DolphinDB external path remains an alternative generation route with different rank/scale and missing-value semantics; compare outputs before production use.
alpha101,alpha101_039,classic_formula,101,"open, high, low, close, volume, vwap, returns",implemented_local,src/moneytree/factors/classic.py,WQAlpha39 implemented in Python with cross-sectional rank/scale (grouped by trade date).,moneytree.factors.classic.build_alpha101_features,Ported from the wu-alpha191-alpha101 reference repository with cross-sectional rank/scale semantics. The DolphinDB external path remains an alternative generation route with different rank/scale and missing-value semantics; compare outputs before production use.
alpha101,alpha101_040,classic_formula,101,"open, high, low, close, volume, vwap, returns",implemented_local,src/moneytree/factors/classic.py,WQAlpha40 implemented in Python with cross-sectional rank/scale (grouped by trade date).,moneytree.factors.classic.build_alpha101_features,Ported from the wu-alpha191-alpha101 reference repository with cross-sectional rank/scale semantics. The DolphinDB external path remains an alternative generation route with different rank/scale and missing-value semantics; compare outputs before production use.
alpha101,alpha101_041,classic_formula,101,"open, high, low, close, volume, vwap, returns",implemented_local,src/moneytree/factors/classic.py,WQAlpha41 implemented in Python with cross-sectional rank/scale (grouped by trade date).,moneytree.factors.classic.build_alpha101_features,Ported from the wu-alpha191-alpha101 reference repository with cross-sectional rank/scale semantics. The DolphinDB external path remains an alternative generation route with different rank/scale and missing-value semantics; compare outputs before production use.
alpha101,alpha101_042,classic_formula,101,"open, high, low, close, volume, vwap, returns",implemented_local,src/moneytree/factors/classic.py,WQAlpha42 implemented in Python with cross-sectional rank/scale (grouped by trade date).,moneytree.factors.classic.build_alpha101_features,Ported from the wu-alpha191-alpha101 reference repository with cross-sectional rank/scale semantics. The DolphinDB external path remains an alternative generation route with different rank/scale and missing-value semantics; compare outputs before production use.
alpha101,alpha101_043,classic_formula,101,"open, high, low, close, volume, vwap, returns",implemented_local,src/moneytree/factors/classic.py,WQAlpha43 implemented in Python with cross-sectional rank/scale (grouped by trade date).,moneytree.factors.classic.build_alpha101_features,Ported from the wu-alpha191-alpha101 reference repository with cross-sectional rank/scale semantics. The DolphinDB external path remains an alternative generation route with different rank/scale and missing-value semantics; compare outputs before production use.
alpha101,alpha101_044,classic_formula,101,"open, high, low, close, volume, vwap, returns",implemented_local,src/moneytree/factors/classic.py,WQAlpha44 implemented in Python with cross-sectional rank/scale (grouped by trade date).,moneytree.factors.classic.build_alpha101_features,Ported from the wu-alpha191-alpha101 reference repository with cross-sectional rank/scale semantics. The DolphinDB external path remains an alternative generation route with different rank/scale and missing-value semantics; compare outputs before production use.
alpha101,alpha101_045,classic_formula,101,"open, high, low, close, volume, vwap, returns",implemented_local,src/moneytree/factors/classic.py,WQAlpha45 implemented in Python with cross-sectional rank/scale (grouped by trade date).,moneytree.factors.classic.build_alpha101_features,Ported from the wu-alpha191-alpha101 reference repository with cross-sectional rank/scale semantics. The DolphinDB external path remains an alternative generation route with different rank/scale and missing-value semantics; compare outputs before production use.
alpha101,alpha101_046,classic_formula,101,"open, high, low, close, volume, vwap, returns",implemented_local,src/moneytree/factors/classic.py,WQAlpha46 implemented in Python with cross-sectional rank/scale (grouped by trade date).,moneytree.factors.classic.build_alpha101_features,Ported from the wu-alpha191-alpha101 reference repository with cross-sectional rank/scale semantics. The DolphinDB external path remains an alternative generation route with different rank/scale and missing-value semantics; compare outputs before production use.
alpha101,alpha101_047,classic_formula,101,"open, high, low, close, volume, vwap, returns",implemented_local,src/moneytree/factors/classic.py,WQAlpha47 implemented in Python with cross-sectional rank/scale (grouped by trade date).,moneytree.factors.classic.build_alpha101_features,Ported from the wu-alpha191-alpha101 reference repository with cross-sectional rank/scale semantics. The DolphinDB external path remains an alternative generation route with different rank/scale and missing-value semantics; compare outputs before production use.
alpha101,alpha101_048,classic_formula,101,"open, high, low, close, volume, vwap, returns",implemented_local,src/moneytree/factors/classic.py,WQAlpha48 implemented in Python with cross-sectional rank/scale (grouped by trade date).,moneytree.factors.classic.build_alpha101_features,Ported from the wu-alpha191-alpha101 reference repository with cross-sectional rank/scale semantics. The DolphinDB external path remains an alternative generation route with different rank/scale and missing-value semantics; compare outputs before production use.
alpha101,alpha101_049,classic_formula,101,"open, high, low, close, volume, vwap, returns",implemented_local,src/moneytree/factors/classic.py,WQAlpha49 implemented in Python with cross-sectional rank/scale (grouped by trade date).,moneytree.factors.classic.build_alpha101_features,Ported from the wu-alpha191-alpha101 reference repository with cross-sectional rank/scale semantics. The DolphinDB external path remains an alternative generation route with different rank/scale and missing-value semantics; compare outputs before production use.
alpha101,alpha101_050,classic_formula,101,"open, high, low, close, volume, vwap, returns",implemented_local,src/moneytree/factors/classic.py,WQAlpha50 implemented in Python with cross-sectional rank/scale (grouped by trade date).,moneytree.factors.classic.build_alpha101_features,Ported from the wu-alpha191-alpha101 reference repository with cross-sectional rank/scale semantics. The DolphinDB external path remains an alternative generation route with different rank/scale and missing-value semantics; compare outputs before production use.
alpha101,alpha101_051,classic_formula,101,"open, high, low, close, volume, vwap, returns",implemented_local,src/moneytree/factors/classic.py,WQAlpha51 implemented in Python with cross-sectional rank/scale (grouped by trade date).,moneytree.factors.classic.build_alpha101_features,Ported from the wu-alpha191-alpha101 reference repository with cross-sectional rank/scale semantics. The DolphinDB external path remains an alternative generation route with different rank/scale and missing-value semantics; compare outputs before production use.
alpha101,alpha101_052,classic_formula,101,"open, high, low, close, volume, vwap, returns",implemented_local,src/moneytree/factors/classic.py,WQAlpha52 implemented in Python with cross-sectional rank/scale (grouped by trade date).,moneytree.factors.classic.build_alpha101_features,Ported from the wu-alpha191-alpha101 reference repository with cross-sectional rank/scale semantics. The DolphinDB external path remains an alternative generation route with different rank/scale and missing-value semantics; compare outputs before production use.
alpha101,alpha101_053,classic_formula,101,"open, high, low, close, volume, vwap, returns",implemented_local,src/moneytree/factors/classic.py,WQAlpha53 implemented in Python with cross-sectional rank/scale (grouped by trade date).,moneytree.factors.classic.build_alpha101_features,Ported from the wu-alpha191-alpha101 reference repository with cross-sectional rank/scale semantics. The DolphinDB external path remains an alternative generation route with different rank/scale and missing-value semantics; compare outputs before production use.
alpha101,alpha101_054,classic_formula,101,"open, high, low, close, volume, vwap, returns",implemented_local,src/moneytree/factors/classic.py,WQAlpha54 implemented in Python with cross-sectional rank/scale (grouped by trade date).,moneytree.factors.classic.build_alpha101_features,Ported from the wu-alpha191-alpha101 reference repository with cross-sectional rank/scale semantics. The DolphinDB external path remains an alternative generation route with different rank/scale and missing-value semantics; compare outputs before production use.
alpha101,alpha101_055,classic_formula,101,"open, high, low, close, volume, vwap, returns",implemented_local,src/moneytree/factors/classic.py,WQAlpha55 implemented in Python with cross-sectional rank/scale (grouped by trade date).,moneytree.factors.classic.build_alpha101_features,Ported from the wu-alpha191-alpha101 reference repository with cross-sectional rank/scale semantics. The DolphinDB external path remains an alternative generation route with different rank/scale and missing-value semantics; compare outputs before production use.
alpha101,alpha101_056,classic_formula,101,"open, high, low, close, volume, vwap, returns",implemented_local,src/moneytree/factors/classic.py,WQAlpha56 implemented in Python with cross-sectional rank/scale (grouped by trade date).,moneytree.factors.classic.build_alpha101_features,Ported from the wu-alpha191-alpha101 reference repository with cross-sectional rank/scale semantics. The DolphinDB external path remains an alternative generation route with different rank/scale and missing-value semantics; compare outputs before production use.
alpha101,alpha101_057,classic_formula,101,"open, high, low, close, volume, vwap, returns",implemented_local,src/moneytree/factors/classic.py,WQAlpha57 implemented in Python with cross-sectional rank/scale (grouped by trade date).,moneytree.factors.classic.build_alpha101_features,Ported from the wu-alpha191-alpha101 reference repository with cross-sectional rank/scale semantics. The DolphinDB external path remains an alternative generation route with different rank/scale and missing-value semantics; compare outputs before production use.
alpha101,alpha101_058,classic_formula,101,"open, high, low, close, volume, vwap, returns",implemented_local,src/moneytree/factors/classic.py,WQAlpha58 implemented in Python with cross-sectional rank/scale (grouped by trade date).,moneytree.factors.classic.build_alpha101_features,Ported from the wu-alpha191-alpha101 reference repository with cross-sectional rank/scale semantics. The DolphinDB external path remains an alternative generation route with different rank/scale and missing-value semantics; compare outputs before production use.
alpha101,alpha101_059,classic_formula,101,"open, high, low, close, volume, vwap, returns",implemented_local,src/moneytree/factors/classic.py,WQAlpha59 implemented in Python with cross-sectional rank/scale (grouped by trade date).,moneytree.factors.classic.build_alpha101_features,Ported from the wu-alpha191-alpha101 reference repository with cross-sectional rank/scale semantics. The DolphinDB external path remains an alternative generation route with different rank/scale and missing-value semantics; compare outputs before production use.
alpha101,alpha101_060,classic_formula,101,"open, high, low, close, volume, vwap, returns",implemented_local,src/moneytree/factors/classic.py,WQAlpha60 implemented in Python with cross-sectional rank/scale (grouped by trade date).,moneytree.factors.classic.build_alpha101_features,Ported from the wu-alpha191-alpha101 reference repository with cross-sectional rank/scale semantics. The DolphinDB external path remains an alternative generation route with different rank/scale and missing-value semantics; compare outputs before production use.
alpha101,alpha101_061,classic_formula,101,"open, high, low, close, volume, vwap, returns",implemented_local,src/moneytree/factors/classic.py,WQAlpha61 implemented in Python with cross-sectional rank/scale (grouped by trade date).,moneytree.factors.classic.build_alpha101_features,Ported from the wu-alpha191-alpha101 reference repository with cross-sectional rank/scale semantics. The DolphinDB external path remains an alternative generation route with different rank/scale and missing-value semantics; compare outputs before production use.
alpha101,alpha101_062,classic_formula,101,"open, high, low, close, volume, vwap, returns",implemented_local,src/moneytree/factors/classic.py,WQAlpha62 implemented in Python with cross-sectional rank/scale (grouped by trade date).,moneytree.factors.classic.build_alpha101_features,Ported from the wu-alpha191-alpha101 reference repository with cross-sectional rank/scale semantics. The DolphinDB external path remains an alternative generation route with different rank/scale and missing-value semantics; compare outputs before production use.
alpha101,alpha101_063,classic_formula,101,"open, high, low, close, volume, vwap, returns",implemented_local,src/moneytree/factors/classic.py,WQAlpha63 implemented in Python with cross-sectional rank/scale (grouped by trade date).,moneytree.factors.classic.build_alpha101_features,Ported from the wu-alpha191-alpha101 reference repository with cross-sectional rank/scale semantics. The DolphinDB external path remains an alternative generation route with different rank/scale and missing-value semantics; compare outputs before production use.
alpha101,alpha101_064,classic_formula,101,"open, high, low, close, volume, vwap, returns",implemented_local,src/moneytree/factors/classic.py,WQAlpha64 implemented in Python with cross-sectional rank/scale (grouped by trade date).,moneytree.factors.classic.build_alpha101_features,Ported from the wu-alpha191-alpha101 reference repository with cross-sectional rank/scale semantics. The DolphinDB external path remains an alternative generation route with different rank/scale and missing-value semantics; compare outputs before production use.
alpha101,alpha101_065,classic_formula,101,"open, high, low, close, volume, vwap, returns",implemented_local,src/moneytree/factors/classic.py,WQAlpha65 implemented in Python with cross-sectional rank/scale (grouped by trade date).,moneytree.factors.classic.build_alpha101_features,Ported from the wu-alpha191-alpha101 reference repository with cross-sectional rank/scale semantics. The DolphinDB external path remains an alternative generation route with different rank/scale and missing-value semantics; compare outputs before production use.
alpha101,alpha101_066,classic_formula,101,"open, high, low, close, volume, vwap, returns",implemented_local,src/moneytree/factors/classic.py,WQAlpha66 implemented in Python with cross-sectional rank/scale (grouped by trade date).,moneytree.factors.classic.build_alpha101_features,Ported from the wu-alpha191-alpha101 reference repository with cross-sectional rank/scale semantics. The DolphinDB external path remains an alternative generation route with different rank/scale and missing-value semantics; compare outputs before production use.
alpha101,alpha101_067,classic_formula,101,"open, high, low, close, volume, vwap, returns",implemented_local,src/moneytree/factors/classic.py,WQAlpha67 implemented in Python with cross-sectional rank/scale (grouped by trade date).,moneytree.factors.classic.build_alpha101_features,Ported from the wu-alpha191-alpha101 reference repository with cross-sectional rank/scale semantics. The DolphinDB external path remains an alternative generation route with different rank/scale and missing-value semantics; compare outputs before production use.
alpha101,alpha101_068,classic_formula,101,"open, high, low, close, volume, vwap, returns",implemented_local,src/moneytree/factors/classic.py,WQAlpha68 implemented in Python with cross-sectional rank/scale (grouped by trade date).,moneytree.factors.classic.build_alpha101_features,Ported from the wu-alpha191-alpha101 reference repository with cross-sectional rank/scale semantics. The DolphinDB external path remains an alternative generation route with different rank/scale and missing-value semantics; compare outputs before production use.
alpha101,alpha101_069,classic_formula,101,"open, high, low, close, volume, vwap, returns",implemented_local,src/moneytree/factors/classic.py,WQAlpha69 implemented in Python with cross-sectional rank/scale (grouped by trade date).,moneytree.factors.classic.build_alpha101_features,Ported from the wu-alpha191-alpha101 reference repository with cross-sectional rank/scale semantics. The DolphinDB external path remains an alternative generation route with different rank/scale and missing-value semantics; compare outputs before production use.
alpha101,alpha101_070,classic_formula,101,"open, high, low, close, volume, vwap, returns",implemented_local,src/moneytree/factors/classic.py,WQAlpha70 implemented in Python with cross-sectional rank/scale (grouped by trade date).,moneytree.factors.classic.build_alpha101_features,Ported from the wu-alpha191-alpha101 reference repository with cross-sectional rank/scale semantics. The DolphinDB external path remains an alternative generation route with different rank/scale and missing-value semantics; compare outputs before production use.
alpha101,alpha101_071,classic_formula,101,"open, high, low, close, volume, vwap, returns",implemented_local,src/moneytree/factors/classic.py,WQAlpha71 implemented in Python with cross-sectional rank/scale (grouped by trade date).,moneytree.factors.classic.build_alpha101_features,Ported from the wu-alpha191-alpha101 reference repository with cross-sectional rank/scale semantics. The DolphinDB external path remains an alternative generation route with different rank/scale and missing-value semantics; compare outputs before production use.
alpha101,alpha101_072,classic_formula,101,"open, high, low, close, volume, vwap, returns",implemented_local,src/moneytree/factors/classic.py,WQAlpha72 implemented in Python with cross-sectional rank/scale (grouped by trade date).,moneytree.factors.classic.build_alpha101_features,Ported from the wu-alpha191-alpha101 reference repository with cross-sectional rank/scale semantics. The DolphinDB external path remains an alternative generation route with different rank/scale and missing-value semantics; compare outputs before production use.
alpha101,alpha101_073,classic_formula,101,"open, high, low, close, volume, vwap, returns",implemented_local,src/moneytree/factors/classic.py,WQAlpha73 implemented in Python with cross-sectional rank/scale (grouped by trade date).,moneytree.factors.classic.build_alpha101_features,Ported from the wu-alpha191-alpha101 reference repository with cross-sectional rank/scale semantics. The DolphinDB external path remains an alternative generation route with different rank/scale and missing-value semantics; compare outputs before production use.
alpha101,alpha101_074,classic_formula,101,"open, high, low, close, volume, vwap, returns",implemented_local,src/moneytree/factors/classic.py,WQAlpha74 implemented in Python with cross-sectional rank/scale (grouped by trade date).,moneytree.factors.classic.build_alpha101_features,Ported from the wu-alpha191-alpha101 reference repository with cross-sectional rank/scale semantics. The DolphinDB external path remains an alternative generation route with different rank/scale and missing-value semantics; compare outputs before production use.
alpha101,alpha101_075,classic_formula,101,"open, high, low, close, volume, vwap, returns",implemented_local,src/moneytree/factors/classic.py,WQAlpha75 implemented in Python with cross-sectional rank/scale (grouped by trade date).,moneytree.factors.classic.build_alpha101_features,Ported from the wu-alpha191-alpha101 reference repository with cross-sectional rank/scale semantics. The DolphinDB external path remains an alternative generation route with different rank/scale and missing-value semantics; compare outputs before production use.
alpha101,alpha101_076,classic_formula,101,"open, high, low, close, volume, vwap, returns",implemented_local,src/moneytree/factors/classic.py,WQAlpha76 implemented in Python with cross-sectional rank/scale (grouped by trade date).,moneytree.factors.classic.build_alpha101_features,Ported from the wu-alpha191-alpha101 reference repository with cross-sectional rank/scale semantics. The DolphinDB external path remains an alternative generation route with different rank/scale and missing-value semantics; compare outputs before production use.
alpha101,alpha101_077,classic_formula,101,"open, high, low, close, volume, vwap, returns",implemented_local,src/moneytree/factors/classic.py,WQAlpha77 implemented in Python with cross-sectional rank/scale (grouped by trade date).,moneytree.factors.classic.build_alpha101_features,Ported from the wu-alpha191-alpha101 reference repository with cross-sectional rank/scale semantics. The DolphinDB external path remains an alternative generation route with different rank/scale and missing-value semantics; compare outputs before production use.
alpha101,alpha101_078,classic_formula,101,"open, high, low, close, volume, vwap, returns",implemented_local,src/moneytree/factors/classic.py,WQAlpha78 implemented in Python with cross-sectional rank/scale (grouped by trade date).,moneytree.factors.classic.build_alpha101_features,Ported from the wu-alpha191-alpha101 reference repository with cross-sectional rank/scale semantics. The DolphinDB external path remains an alternative generation route with different rank/scale and missing-value semantics; compare outputs before production use.
alpha101,alpha101_079,classic_formula,101,"open, high, low, close, volume, vwap, returns",implemented_local,src/moneytree/factors/classic.py,WQAlpha79 implemented in Python with cross-sectional rank/scale (grouped by trade date).,moneytree.factors.classic.build_alpha101_features,Ported from the wu-alpha191-alpha101 reference repository with cross-sectional rank/scale semantics. The DolphinDB external path remains an alternative generation route with different rank/scale and missing-value semantics; compare outputs before production use.
alpha101,alpha101_080,classic_formula,101,"open, high, low, close, volume, vwap, returns",implemented_local,src/moneytree/factors/classic.py,WQAlpha80 implemented in Python with cross-sectional rank/scale (grouped by trade date).,moneytree.factors.classic.build_alpha101_features,Ported from the wu-alpha191-alpha101 reference repository with cross-sectional rank/scale semantics. The DolphinDB external path remains an alternative generation route with different rank/scale and missing-value semantics; compare outputs before production use.
alpha101,alpha101_081,classic_formula,101,"open, high, low, close, volume, vwap, returns",implemented_local,src/moneytree/factors/classic.py,WQAlpha81 implemented in Python with cross-sectional rank/scale (grouped by trade date).,moneytree.factors.classic.build_alpha101_features,Ported from the wu-alpha191-alpha101 reference repository with cross-sectional rank/scale semantics. The DolphinDB external path remains an alternative generation route with different rank/scale and missing-value semantics; compare outputs before production use.
alpha101,alpha101_082,classic_formula,101,"open, high, low, close, volume, vwap, returns",implemented_local,src/moneytree/factors/classic.py,WQAlpha82 implemented in Python with cross-sectional rank/scale (grouped by trade date).,moneytree.factors.classic.build_alpha101_features,Ported from the wu-alpha191-alpha101 reference repository with cross-sectional rank/scale semantics. The DolphinDB external path remains an alternative generation route with different rank/scale and missing-value semantics; compare outputs before production use.
alpha101,alpha101_083,classic_formula,101,"open, high, low, close, volume, vwap, returns",implemented_local,src/moneytree/factors/classic.py,WQAlpha83 implemented in Python with cross-sectional rank/scale (grouped by trade date).,moneytree.factors.classic.build_alpha101_features,Ported from the wu-alpha191-alpha101 reference repository with cross-sectional rank/scale semantics. The DolphinDB external path remains an alternative generation route with different rank/scale and missing-value semantics; compare outputs before production use.
alpha101,alpha101_084,classic_formula,101,"open, high, low, close, volume, vwap, returns",implemented_local,src/moneytree/factors/classic.py,WQAlpha84 implemented in Python with cross-sectional rank/scale (grouped by trade date).,moneytree.factors.classic.build_alpha101_features,Ported from the wu-alpha191-alpha101 reference repository with cross-sectional rank/scale semantics. The DolphinDB external path remains an alternative generation route with different rank/scale and missing-value semantics; compare outputs before production use.
alpha101,alpha101_085,classic_formula,101,"open, high, low, close, volume, vwap, returns",implemented_local,src/moneytree/factors/classic.py,WQAlpha85 implemented in Python with cross-sectional rank/scale (grouped by trade date).,moneytree.factors.classic.build_alpha101_features,Ported from the wu-alpha191-alpha101 reference repository with cross-sectional rank/scale semantics. The DolphinDB external path remains an alternative generation route with different rank/scale and missing-value semantics; compare outputs before production use.
alpha101,alpha101_086,classic_formula,101,"open, high, low, close, volume, vwap, returns",implemented_local,src/moneytree/factors/classic.py,WQAlpha86 implemented in Python with cross-sectional rank/scale (grouped by trade date).,moneytree.factors.classic.build_alpha101_features,Ported from the wu-alpha191-alpha101 reference repository with cross-sectional rank/scale semantics. The DolphinDB external path remains an alternative generation route with different rank/scale and missing-value semantics; compare outputs before production use.
alpha101,alpha101_087,classic_formula,101,"open, high, low, close, volume, vwap, returns",implemented_local,src/moneytree/factors/classic.py,WQAlpha87 implemented in Python with cross-sectional rank/scale (grouped by trade date).,moneytree.factors.classic.build_alpha101_features,Ported from the wu-alpha191-alpha101 reference repository with cross-sectional rank/scale semantics. The DolphinDB external path remains an alternative generation route with different rank/scale and missing-value semantics; compare outputs before production use.
alpha101,alpha101_088,classic_formula,101,"open, high, low, close, volume, vwap, returns",implemented_local,src/moneytree/factors/classic.py,WQAlpha88 implemented in Python with cross-sectional rank/scale (grouped by trade date).,moneytree.factors.classic.build_alpha101_features,Ported from the wu-alpha191-alpha101 reference repository with cross-sectional rank/scale semantics. The DolphinDB external path remains an alternative generation route with different rank/scale and missing-value semantics; compare outputs before production use.
alpha101,alpha101_089,classic_formula,101,"open, high, low, close, volume, vwap, returns",implemented_local,src/moneytree/factors/classic.py,WQAlpha89 implemented in Python with cross-sectional rank/scale (grouped by trade date).,moneytree.factors.classic.build_alpha101_features,Ported from the wu-alpha191-alpha101 reference repository with cross-sectional rank/scale semantics. The DolphinDB external path remains an alternative generation route with different rank/scale and missing-value semantics; compare outputs before production use.
alpha101,alpha101_090,classic_formula,101,"open, high, low, close, volume, vwap, returns",implemented_local,src/moneytree/factors/classic.py,WQAlpha90 implemented in Python with cross-sectional rank/scale (grouped by trade date).,moneytree.factors.classic.build_alpha101_features,Ported from the wu-alpha191-alpha101 reference repository with cross-sectional rank/scale semantics. The DolphinDB external path remains an alternative generation route with different rank/scale and missing-value semantics; compare outputs before production use.
alpha101,alpha101_091,classic_formula,101,"open, high, low, close, volume, vwap, returns",implemented_local,src/moneytree/factors/classic.py,WQAlpha91 implemented in Python with cross-sectional rank/scale (grouped by trade date).,moneytree.factors.classic.build_alpha101_features,Ported from the wu-alpha191-alpha101 reference repository with cross-sectional rank/scale semantics. The DolphinDB external path remains an alternative generation route with different rank/scale and missing-value semantics; compare outputs before production use.
alpha101,alpha101_092,classic_formula,101,"open, high, low, close, volume, vwap, returns",implemented_local,src/moneytree/factors/classic.py,WQAlpha92 implemented in Python with cross-sectional rank/scale (grouped by trade date).,moneytree.factors.classic.build_alpha101_features,Ported from the wu-alpha191-alpha101 reference repository with cross-sectional rank/scale semantics. The DolphinDB external path remains an alternative generation route with different rank/scale and missing-value semantics; compare outputs before production use.
alpha101,alpha101_093,classic_formula,101,"open, high, low, close, volume, vwap, returns",implemented_local,src/moneytree/factors/classic.py,WQAlpha93 implemented in Python with cross-sectional rank/scale (grouped by trade date).,moneytree.factors.classic.build_alpha101_features,Ported from the wu-alpha191-alpha101 reference repository with cross-sectional rank/scale semantics. The DolphinDB external path remains an alternative generation route with different rank/scale and missing-value semantics; compare outputs before production use.
alpha101,alpha101_094,classic_formula,101,"open, high, low, close, volume, vwap, returns",implemented_local,src/moneytree/factors/classic.py,WQAlpha94 implemented in Python with cross-sectional rank/scale (grouped by trade date).,moneytree.factors.classic.build_alpha101_features,Ported from the wu-alpha191-alpha101 reference repository with cross-sectional rank/scale semantics. The DolphinDB external path remains an alternative generation route with different rank/scale and missing-value semantics; compare outputs before production use.
alpha101,alpha101_095,classic_formula,101,"open, high, low, close, volume, vwap, returns",implemented_local,src/moneytree/factors/classic.py,WQAlpha95 implemented in Python with cross-sectional rank/scale (grouped by trade date).,moneytree.factors.classic.build_alpha101_features,Ported from the wu-alpha191-alpha101 reference repository with cross-sectional rank/scale semantics. The DolphinDB external path remains an alternative generation route with different rank/scale and missing-value semantics; compare outputs before production use.
alpha101,alpha101_096,classic_formula,101,"open, high, low, close, volume, vwap, returns",implemented_local,src/moneytree/factors/classic.py,WQAlpha96 implemented in Python with cross-sectional rank/scale (grouped by trade date).,moneytree.factors.classic.build_alpha101_features,Ported from the wu-alpha191-alpha101 reference repository with cross-sectional rank/scale semantics. The DolphinDB external path remains an alternative generation route with different rank/scale and missing-value semantics; compare outputs before production use.
alpha101,alpha101_097,classic_formula,101,"open, high, low, close, volume, vwap, returns",implemented_local,src/moneytree/factors/classic.py,WQAlpha97 implemented in Python with cross-sectional rank/scale (grouped by trade date).,moneytree.factors.classic.build_alpha101_features,Ported from the wu-alpha191-alpha101 reference repository with cross-sectional rank/scale semantics. The DolphinDB external path remains an alternative generation route with different rank/scale and missing-value semantics; compare outputs before production use.
alpha101,alpha101_098,classic_formula,101,"open, high, low, close, volume, vwap, returns",implemented_local,src/moneytree/factors/classic.py,WQAlpha98 implemented in Python with cross-sectional rank/scale (grouped by trade date).,moneytree.factors.classic.build_alpha101_features,Ported from the wu-alpha191-alpha101 reference repository with cross-sectional rank/scale semantics. The DolphinDB external path remains an alternative generation route with different rank/scale and missing-value semantics; compare outputs before production use.
alpha101,alpha101_099,classic_formula,101,"open, high, low, close, volume, vwap, returns",implemented_local,src/moneytree/factors/classic.py,WQAlpha99 implemented in Python with cross-sectional rank/scale (grouped by trade date).,moneytree.factors.classic.build_alpha101_features,Ported from the wu-alpha191-alpha101 reference repository with cross-sectional rank/scale semantics. The DolphinDB external path remains an alternative generation route with different rank/scale and missing-value semantics; compare outputs before production use.
alpha101,alpha101_100,classic_formula,101,"open, high, low, close, volume, vwap, returns",implemented_local,src/moneytree/factors/classic.py,WQAlpha100 implemented in Python with cross-sectional rank/scale (grouped by trade date).,moneytree.factors.classic.build_alpha101_features,Ported from the wu-alpha191-alpha101 reference repository with cross-sectional rank/scale semantics. The DolphinDB external path remains an alternative generation route with different rank/scale and missing-value semantics; compare outputs before production use.
alpha101,alpha101_101,classic_formula,101,"open, high, low, close, volume, vwap, returns",implemented_local,src/moneytree/factors/classic.py,WQAlpha101 implemented in Python with cross-sectional rank/scale (grouped by trade date).,moneytree.factors.classic.build_alpha101_features,Ported from the wu-alpha191-alpha101 reference repository with cross-sectional rank/scale semantics. The DolphinDB external path remains an alternative generation route with different rank/scale and missing-value semantics; compare outputs before production use.
alpha191,alpha191_001,classic_formula,191,"open, high, low, close, volume, vwap, returns, amount, turnover_rate",implemented_local,src/moneytree/factors/classic.py,GTJA Alpha1 implemented in Python with cross-sectional rank/scale (grouped by trade date).,moneytree.factors.classic.build_alpha191_features,"Ported from the wu-alpha191-alpha101 reference repository with cross-sectional rank/scale semantics. The DolphinDB external path remains an alternative generation route with different SMA, DECAYLINEAR, suspension, limit-hit, and missing-value semantics; compare outputs before production use."
alpha191,alpha191_002,classic_formula,191,"open, high, low, close, volume, vwap, returns, amount, turnover_rate",implemented_local,src/moneytree/factors/classic.py,GTJA Alpha2 implemented in Python with cross-sectional rank/scale (grouped by trade date).,moneytree.factors.classic.build_alpha191_features,"Ported from the wu-alpha191-alpha101 reference repository with cross-sectional rank/scale semantics. The DolphinDB external path remains an alternative generation route with different SMA, DECAYLINEAR, suspension, limit-hit, and missing-value semantics; compare outputs before production use."
alpha191,alpha191_003,classic_formula,191,"open, high, low, close, volume, vwap, returns, amount, turnover_rate",implemented_local,src/moneytree/factors/classic.py,GTJA Alpha3 implemented in Python with cross-sectional rank/scale (grouped by trade date).,moneytree.factors.classic.build_alpha191_features,"Ported from the wu-alpha191-alpha101 reference repository with cross-sectional rank/scale semantics. The DolphinDB external path remains an alternative generation route with different SMA, DECAYLINEAR, suspension, limit-hit, and missing-value semantics; compare outputs before production use."
alpha191,alpha191_004,classic_formula,191,"open, high, low, close, volume, vwap, returns, amount, turnover_rate",implemented_local,src/moneytree/factors/classic.py,GTJA Alpha4 implemented in Python with cross-sectional rank/scale (grouped by trade date).,moneytree.factors.classic.build_alpha191_features,"Ported from the wu-alpha191-alpha101 reference repository with cross-sectional rank/scale semantics. The DolphinDB external path remains an alternative generation route with different SMA, DECAYLINEAR, suspension, limit-hit, and missing-value semantics; compare outputs before production use."
alpha191,alpha191_005,classic_formula,191,"open, high, low, close, volume, vwap, returns, amount, turnover_rate",implemented_local,src/moneytree/factors/classic.py,GTJA Alpha5 implemented in Python with cross-sectional rank/scale (grouped by trade date).,moneytree.factors.classic.build_alpha191_features,"Ported from the wu-alpha191-alpha101 reference repository with cross-sectional rank/scale semantics. The DolphinDB external path remains an alternative generation route with different SMA, DECAYLINEAR, suspension, limit-hit, and missing-value semantics; compare outputs before production use."
alpha191,alpha191_006,classic_formula,191,"open, high, low, close, volume, vwap, returns, amount, turnover_rate",implemented_local,src/moneytree/factors/classic.py,GTJA Alpha6 implemented in Python with cross-sectional rank/scale (grouped by trade date).,moneytree.factors.classic.build_alpha191_features,"Ported from the wu-alpha191-alpha101 reference repository with cross-sectional rank/scale semantics. The DolphinDB external path remains an alternative generation route with different SMA, DECAYLINEAR, suspension, limit-hit, and missing-value semantics; compare outputs before production use."
alpha191,alpha191_007,classic_formula,191,"open, high, low, close, volume, vwap, returns, amount, turnover_rate",implemented_local,src/moneytree/factors/classic.py,GTJA Alpha7 implemented in Python with cross-sectional rank/scale (grouped by trade date).,moneytree.factors.classic.build_alpha191_features,"Ported from the wu-alpha191-alpha101 reference repository with cross-sectional rank/scale semantics. The DolphinDB external path remains an alternative generation route with different SMA, DECAYLINEAR, suspension, limit-hit, and missing-value semantics; compare outputs before production use."
alpha191,alpha191_008,classic_formula,191,"open, high, low, close, volume, vwap, returns, amount, turnover_rate",implemented_local,src/moneytree/factors/classic.py,GTJA Alpha8 implemented in Python with cross-sectional rank/scale (grouped by trade date).,moneytree.factors.classic.build_alpha191_features,"Ported from the wu-alpha191-alpha101 reference repository with cross-sectional rank/scale semantics. The DolphinDB external path remains an alternative generation route with different SMA, DECAYLINEAR, suspension, limit-hit, and missing-value semantics; compare outputs before production use."
alpha191,alpha191_009,classic_formula,191,"open, high, low, close, volume, vwap, returns, amount, turnover_rate",implemented_local,src/moneytree/factors/classic.py,GTJA Alpha9 implemented in Python with cross-sectional rank/scale (grouped by trade date).,moneytree.factors.classic.build_alpha191_features,"Ported from the wu-alpha191-alpha101 reference repository with cross-sectional rank/scale semantics. The DolphinDB external path remains an alternative generation route with different SMA, DECAYLINEAR, suspension, limit-hit, and missing-value semantics; compare outputs before production use."
alpha191,alpha191_010,classic_formula,191,"open, high, low, close, volume, vwap, returns, amount, turnover_rate",implemented_local,src/moneytree/factors/classic.py,GTJA Alpha10 implemented in Python with cross-sectional rank/scale (grouped by trade date).,moneytree.factors.classic.build_alpha191_features,"Ported from the wu-alpha191-alpha101 reference repository with cross-sectional rank/scale semantics. The DolphinDB external path remains an alternative generation route with different SMA, DECAYLINEAR, suspension, limit-hit, and missing-value semantics; compare outputs before production use."
alpha191,alpha191_011,classic_formula,191,"open, high, low, close, volume, vwap, returns, amount, turnover_rate",implemented_local,src/moneytree/factors/classic.py,GTJA Alpha11 implemented in Python with cross-sectional rank/scale (grouped by trade date).,moneytree.factors.classic.build_alpha191_features,"Ported from the wu-alpha191-alpha101 reference repository with cross-sectional rank/scale semantics. The DolphinDB external path remains an alternative generation route with different SMA, DECAYLINEAR, suspension, limit-hit, and missing-value semantics; compare outputs before production use."
alpha191,alpha191_012,classic_formula,191,"open, high, low, close, volume, vwap, returns, amount, turnover_rate",implemented_local,src/moneytree/factors/classic.py,GTJA Alpha12 implemented in Python with cross-sectional rank/scale (grouped by trade date).,moneytree.factors.classic.build_alpha191_features,"Ported from the wu-alpha191-alpha101 reference repository with cross-sectional rank/scale semantics. The DolphinDB external path remains an alternative generation route with different SMA, DECAYLINEAR, suspension, limit-hit, and missing-value semantics; compare outputs before production use."
alpha191,alpha191_013,classic_formula,191,"open, high, low, close, volume, vwap, returns, amount, turnover_rate",implemented_local,src/moneytree/factors/classic.py,GTJA Alpha13 implemented in Python with cross-sectional rank/scale (grouped by trade date).,moneytree.factors.classic.build_alpha191_features,"Ported from the wu-alpha191-alpha101 reference repository with cross-sectional rank/scale semantics. The DolphinDB external path remains an alternative generation route with different SMA, DECAYLINEAR, suspension, limit-hit, and missing-value semantics; compare outputs before production use."
alpha191,alpha191_014,classic_formula,191,"open, high, low, close, volume, vwap, returns, amount, turnover_rate",implemented_local,src/moneytree/factors/classic.py,GTJA Alpha14 implemented in Python with cross-sectional rank/scale (grouped by trade date).,moneytree.factors.classic.build_alpha191_features,"Ported from the wu-alpha191-alpha101 reference repository with cross-sectional rank/scale semantics. The DolphinDB external path remains an alternative generation route with different SMA, DECAYLINEAR, suspension, limit-hit, and missing-value semantics; compare outputs before production use."
alpha191,alpha191_015,classic_formula,191,"open, high, low, close, volume, vwap, returns, amount, turnover_rate",implemented_local,src/moneytree/factors/classic.py,GTJA Alpha15 implemented in Python with cross-sectional rank/scale (grouped by trade date).,moneytree.factors.classic.build_alpha191_features,"Ported from the wu-alpha191-alpha101 reference repository with cross-sectional rank/scale semantics. The DolphinDB external path remains an alternative generation route with different SMA, DECAYLINEAR, suspension, limit-hit, and missing-value semantics; compare outputs before production use."
alpha191,alpha191_016,classic_formula,191,"open, high, low, close, volume, vwap, returns, amount, turnover_rate",implemented_local,src/moneytree/factors/classic.py,GTJA Alpha16 implemented in Python with cross-sectional rank/scale (grouped by trade date).,moneytree.factors.classic.build_alpha191_features,"Ported from the wu-alpha191-alpha101 reference repository with cross-sectional rank/scale semantics. The DolphinDB external path remains an alternative generation route with different SMA, DECAYLINEAR, suspension, limit-hit, and missing-value semantics; compare outputs before production use."
alpha191,alpha191_017,classic_formula,191,"open, high, low, close, volume, vwap, returns, amount, turnover_rate",implemented_local,src/moneytree/factors/classic.py,GTJA Alpha17 implemented in Python with cross-sectional rank/scale (grouped by trade date).,moneytree.factors.classic.build_alpha191_features,"Ported from the wu-alpha191-alpha101 reference repository with cross-sectional rank/scale semantics. The DolphinDB external path remains an alternative generation route with different SMA, DECAYLINEAR, suspension, limit-hit, and missing-value semantics; compare outputs before production use."
alpha191,alpha191_018,classic_formula,191,"open, high, low, close, volume, vwap, returns, amount, turnover_rate",implemented_local,src/moneytree/factors/classic.py,GTJA Alpha18 implemented in Python with cross-sectional rank/scale (grouped by trade date).,moneytree.factors.classic.build_alpha191_features,"Ported from the wu-alpha191-alpha101 reference repository with cross-sectional rank/scale semantics. The DolphinDB external path remains an alternative generation route with different SMA, DECAYLINEAR, suspension, limit-hit, and missing-value semantics; compare outputs before production use."
alpha191,alpha191_019,classic_formula,191,"open, high, low, close, volume, vwap, returns, amount, turnover_rate",implemented_local,src/moneytree/factors/classic.py,GTJA Alpha19 implemented in Python with cross-sectional rank/scale (grouped by trade date).,moneytree.factors.classic.build_alpha191_features,"Ported from the wu-alpha191-alpha101 reference repository with cross-sectional rank/scale semantics. The DolphinDB external path remains an alternative generation route with different SMA, DECAYLINEAR, suspension, limit-hit, and missing-value semantics; compare outputs before production use."
alpha191,alpha191_020,classic_formula,191,"open, high, low, close, volume, vwap, returns, amount, turnover_rate",implemented_local,src/moneytree/factors/classic.py,GTJA Alpha20 implemented in Python with cross-sectional rank/scale (grouped by trade date).,moneytree.factors.classic.build_alpha191_features,"Ported from the wu-alpha191-alpha101 reference repository with cross-sectional rank/scale semantics. The DolphinDB external path remains an alternative generation route with different SMA, DECAYLINEAR, suspension, limit-hit, and missing-value semantics; compare outputs before production use."
alpha191,alpha191_021,classic_formula,191,"open, high, low, close, volume, vwap, returns, amount, turnover_rate",implemented_local,src/moneytree/factors/classic.py,GTJA Alpha21 implemented in Python with cross-sectional rank/scale (grouped by trade date).,moneytree.factors.classic.build_alpha191_features,"Ported from the wu-alpha191-alpha101 reference repository with cross-sectional rank/scale semantics. The DolphinDB external path remains an alternative generation route with different SMA, DECAYLINEAR, suspension, limit-hit, and missing-value semantics; compare outputs before production use."
alpha191,alpha191_022,classic_formula,191,"open, high, low, close, volume, vwap, returns, amount, turnover_rate",implemented_local,src/moneytree/factors/classic.py,GTJA Alpha22 implemented in Python with cross-sectional rank/scale (grouped by trade date).,moneytree.factors.classic.build_alpha191_features,"Ported from the wu-alpha191-alpha101 reference repository with cross-sectional rank/scale semantics. The DolphinDB external path remains an alternative generation route with different SMA, DECAYLINEAR, suspension, limit-hit, and missing-value semantics; compare outputs before production use."
alpha191,alpha191_023,classic_formula,191,"open, high, low, close, volume, vwap, returns, amount, turnover_rate",implemented_local,src/moneytree/factors/classic.py,GTJA Alpha23 implemented in Python with cross-sectional rank/scale (grouped by trade date).,moneytree.factors.classic.build_alpha191_features,"Ported from the wu-alpha191-alpha101 reference repository with cross-sectional rank/scale semantics. The DolphinDB external path remains an alternative generation route with different SMA, DECAYLINEAR, suspension, limit-hit, and missing-value semantics; compare outputs before production use."
alpha191,alpha191_024,classic_formula,191,"open, high, low, close, volume, vwap, returns, amount, turnover_rate",implemented_local,src/moneytree/factors/classic.py,GTJA Alpha24 implemented in Python with cross-sectional rank/scale (grouped by trade date).,moneytree.factors.classic.build_alpha191_features,"Ported from the wu-alpha191-alpha101 reference repository with cross-sectional rank/scale semantics. The DolphinDB external path remains an alternative generation route with different SMA, DECAYLINEAR, suspension, limit-hit, and missing-value semantics; compare outputs before production use."
alpha191,alpha191_025,classic_formula,191,"open, high, low, close, volume, vwap, returns, amount, turnover_rate",implemented_local,src/moneytree/factors/classic.py,GTJA Alpha25 implemented in Python with cross-sectional rank/scale (grouped by trade date).,moneytree.factors.classic.build_alpha191_features,"Ported from the wu-alpha191-alpha101 reference repository with cross-sectional rank/scale semantics. The DolphinDB external path remains an alternative generation route with different SMA, DECAYLINEAR, suspension, limit-hit, and missing-value semantics; compare outputs before production use."
alpha191,alpha191_026,classic_formula,191,"open, high, low, close, volume, vwap, returns, amount, turnover_rate",implemented_local,src/moneytree/factors/classic.py,GTJA Alpha26 implemented in Python with cross-sectional rank/scale (grouped by trade date).,moneytree.factors.classic.build_alpha191_features,"Ported from the wu-alpha191-alpha101 reference repository with cross-sectional rank/scale semantics. The DolphinDB external path remains an alternative generation route with different SMA, DECAYLINEAR, suspension, limit-hit, and missing-value semantics; compare outputs before production use."
alpha191,alpha191_027,classic_formula,191,"open, high, low, close, volume, vwap, returns, amount, turnover_rate",implemented_local,src/moneytree/factors/classic.py,GTJA Alpha27 implemented in Python with cross-sectional rank/scale (grouped by trade date).,moneytree.factors.classic.build_alpha191_features,"Ported from the wu-alpha191-alpha101 reference repository with cross-sectional rank/scale semantics. The DolphinDB external path remains an alternative generation route with different SMA, DECAYLINEAR, suspension, limit-hit, and missing-value semantics; compare outputs before production use."
alpha191,alpha191_028,classic_formula,191,"open, high, low, close, volume, vwap, returns, amount, turnover_rate",implemented_local,src/moneytree/factors/classic.py,GTJA Alpha28 implemented in Python with cross-sectional rank/scale (grouped by trade date).,moneytree.factors.classic.build_alpha191_features,"Ported from the wu-alpha191-alpha101 reference repository with cross-sectional rank/scale semantics. The DolphinDB external path remains an alternative generation route with different SMA, DECAYLINEAR, suspension, limit-hit, and missing-value semantics; compare outputs before production use."
alpha191,alpha191_029,classic_formula,191,"open, high, low, close, volume, vwap, returns, amount, turnover_rate",implemented_local,src/moneytree/factors/classic.py,GTJA Alpha29 implemented in Python with cross-sectional rank/scale (grouped by trade date).,moneytree.factors.classic.build_alpha191_features,"Ported from the wu-alpha191-alpha101 reference repository with cross-sectional rank/scale semantics. The DolphinDB external path remains an alternative generation route with different SMA, DECAYLINEAR, suspension, limit-hit, and missing-value semantics; compare outputs before production use."
alpha191,alpha191_030,classic_formula,191,"open, high, low, close, volume, vwap, returns, amount, turnover_rate",implemented_local,src/moneytree/factors/classic.py,GTJA Alpha30 implemented in Python with cross-sectional rank/scale (grouped by trade date).,moneytree.factors.classic.build_alpha191_features,"Ported from the wu-alpha191-alpha101 reference repository with cross-sectional rank/scale semantics. The DolphinDB external path remains an alternative generation route with different SMA, DECAYLINEAR, suspension, limit-hit, and missing-value semantics; compare outputs before production use."
alpha191,alpha191_031,classic_formula,191,"open, high, low, close, volume, vwap, returns, amount, turnover_rate",implemented_local,src/moneytree/factors/classic.py,GTJA Alpha31 implemented in Python with cross-sectional rank/scale (grouped by trade date).,moneytree.factors.classic.build_alpha191_features,"Ported from the wu-alpha191-alpha101 reference repository with cross-sectional rank/scale semantics. The DolphinDB external path remains an alternative generation route with different SMA, DECAYLINEAR, suspension, limit-hit, and missing-value semantics; compare outputs before production use."
alpha191,alpha191_032,classic_formula,191,"open, high, low, close, volume, vwap, returns, amount, turnover_rate",implemented_local,src/moneytree/factors/classic.py,GTJA Alpha32 implemented in Python with cross-sectional rank/scale (grouped by trade date).,moneytree.factors.classic.build_alpha191_features,"Ported from the wu-alpha191-alpha101 reference repository with cross-sectional rank/scale semantics. The DolphinDB external path remains an alternative generation route with different SMA, DECAYLINEAR, suspension, limit-hit, and missing-value semantics; compare outputs before production use."
alpha191,alpha191_033,classic_formula,191,"open, high, low, close, volume, vwap, returns, amount, turnover_rate",implemented_local,src/moneytree/factors/classic.py,GTJA Alpha33 implemented in Python with cross-sectional rank/scale (grouped by trade date).,moneytree.factors.classic.build_alpha191_features,"Ported from the wu-alpha191-alpha101 reference repository with cross-sectional rank/scale semantics. The DolphinDB external path remains an alternative generation route with different SMA, DECAYLINEAR, suspension, limit-hit, and missing-value semantics; compare outputs before production use."
alpha191,alpha191_034,classic_formula,191,"open, high, low, close, volume, vwap, returns, amount, turnover_rate",implemented_local,src/moneytree/factors/classic.py,GTJA Alpha34 implemented in Python with cross-sectional rank/scale (grouped by trade date).,moneytree.factors.classic.build_alpha191_features,"Ported from the wu-alpha191-alpha101 reference repository with cross-sectional rank/scale semantics. The DolphinDB external path remains an alternative generation route with different SMA, DECAYLINEAR, suspension, limit-hit, and missing-value semantics; compare outputs before production use."
alpha191,alpha191_035,classic_formula,191,"open, high, low, close, volume, vwap, returns, amount, turnover_rate",implemented_local,src/moneytree/factors/classic.py,GTJA Alpha35 implemented in Python with cross-sectional rank/scale (grouped by trade date).,moneytree.factors.classic.build_alpha191_features,"Ported from the wu-alpha191-alpha101 reference repository with cross-sectional rank/scale semantics. The DolphinDB external path remains an alternative generation route with different SMA, DECAYLINEAR, suspension, limit-hit, and missing-value semantics; compare outputs before production use."
alpha191,alpha191_036,classic_formula,191,"open, high, low, close, volume, vwap, returns, amount, turnover_rate",implemented_local,src/moneytree/factors/classic.py,GTJA Alpha36 implemented in Python with cross-sectional rank/scale (grouped by trade date).,moneytree.factors.classic.build_alpha191_features,"Ported from the wu-alpha191-alpha101 reference repository with cross-sectional rank/scale semantics. The DolphinDB external path remains an alternative generation route with different SMA, DECAYLINEAR, suspension, limit-hit, and missing-value semantics; compare outputs before production use."
alpha191,alpha191_037,classic_formula,191,"open, high, low, close, volume, vwap, returns, amount, turnover_rate",implemented_local,src/moneytree/factors/classic.py,GTJA Alpha37 implemented in Python with cross-sectional rank/scale (grouped by trade date).,moneytree.factors.classic.build_alpha191_features,"Ported from the wu-alpha191-alpha101 reference repository with cross-sectional rank/scale semantics. The DolphinDB external path remains an alternative generation route with different SMA, DECAYLINEAR, suspension, limit-hit, and missing-value semantics; compare outputs before production use."
alpha191,alpha191_038,classic_formula,191,"open, high, low, close, volume, vwap, returns, amount, turnover_rate",implemented_local,src/moneytree/factors/classic.py,GTJA Alpha38 implemented in Python with cross-sectional rank/scale (grouped by trade date).,moneytree.factors.classic.build_alpha191_features,"Ported from the wu-alpha191-alpha101 reference repository with cross-sectional rank/scale semantics. The DolphinDB external path remains an alternative generation route with different SMA, DECAYLINEAR, suspension, limit-hit, and missing-value semantics; compare outputs before production use."
alpha191,alpha191_039,classic_formula,191,"open, high, low, close, volume, vwap, returns, amount, turnover_rate",implemented_local,src/moneytree/factors/classic.py,GTJA Alpha39 implemented in Python with cross-sectional rank/scale (grouped by trade date).,moneytree.factors.classic.build_alpha191_features,"Ported from the wu-alpha191-alpha101 reference repository with cross-sectional rank/scale semantics. The DolphinDB external path remains an alternative generation route with different SMA, DECAYLINEAR, suspension, limit-hit, and missing-value semantics; compare outputs before production use."
alpha191,alpha191_040,classic_formula,191,"open, high, low, close, volume, vwap, returns, amount, turnover_rate",implemented_local,src/moneytree/factors/classic.py,GTJA Alpha40 implemented in Python with cross-sectional rank/scale (grouped by trade date).,moneytree.factors.classic.build_alpha191_features,"Ported from the wu-alpha191-alpha101 reference repository with cross-sectional rank/scale semantics. The DolphinDB external path remains an alternative generation route with different SMA, DECAYLINEAR, suspension, limit-hit, and missing-value semantics; compare outputs before production use."
alpha191,alpha191_041,classic_formula,191,"open, high, low, close, volume, vwap, returns, amount, turnover_rate",implemented_local,src/moneytree/factors/classic.py,GTJA Alpha41 implemented in Python with cross-sectional rank/scale (grouped by trade date).,moneytree.factors.classic.build_alpha191_features,"Ported from the wu-alpha191-alpha101 reference repository with cross-sectional rank/scale semantics. The DolphinDB external path remains an alternative generation route with different SMA, DECAYLINEAR, suspension, limit-hit, and missing-value semantics; compare outputs before production use."
alpha191,alpha191_042,classic_formula,191,"open, high, low, close, volume, vwap, returns, amount, turnover_rate",implemented_local,src/moneytree/factors/classic.py,GTJA Alpha42 implemented in Python with cross-sectional rank/scale (grouped by trade date).,moneytree.factors.classic.build_alpha191_features,"Ported from the wu-alpha191-alpha101 reference repository with cross-sectional rank/scale semantics. The DolphinDB external path remains an alternative generation route with different SMA, DECAYLINEAR, suspension, limit-hit, and missing-value semantics; compare outputs before production use."
alpha191,alpha191_043,classic_formula,191,"open, high, low, close, volume, vwap, returns, amount, turnover_rate",implemented_local,src/moneytree/factors/classic.py,GTJA Alpha43 implemented in Python with cross-sectional rank/scale (grouped by trade date).,moneytree.factors.classic.build_alpha191_features,"Ported from the wu-alpha191-alpha101 reference repository with cross-sectional rank/scale semantics. The DolphinDB external path remains an alternative generation route with different SMA, DECAYLINEAR, suspension, limit-hit, and missing-value semantics; compare outputs before production use."
alpha191,alpha191_044,classic_formula,191,"open, high, low, close, volume, vwap, returns, amount, turnover_rate",implemented_local,src/moneytree/factors/classic.py,GTJA Alpha44 implemented in Python with cross-sectional rank/scale (grouped by trade date).,moneytree.factors.classic.build_alpha191_features,"Ported from the wu-alpha191-alpha101 reference repository with cross-sectional rank/scale semantics. The DolphinDB external path remains an alternative generation route with different SMA, DECAYLINEAR, suspension, limit-hit, and missing-value semantics; compare outputs before production use."
alpha191,alpha191_045,classic_formula,191,"open, high, low, close, volume, vwap, returns, amount, turnover_rate",implemented_local,src/moneytree/factors/classic.py,GTJA Alpha45 implemented in Python with cross-sectional rank/scale (grouped by trade date).,moneytree.factors.classic.build_alpha191_features,"Ported from the wu-alpha191-alpha101 reference repository with cross-sectional rank/scale semantics. The DolphinDB external path remains an alternative generation route with different SMA, DECAYLINEAR, suspension, limit-hit, and missing-value semantics; compare outputs before production use."
alpha191,alpha191_046,classic_formula,191,"open, high, low, close, volume, vwap, returns, amount, turnover_rate",implemented_local,src/moneytree/factors/classic.py,GTJA Alpha46 implemented in Python with cross-sectional rank/scale (grouped by trade date).,moneytree.factors.classic.build_alpha191_features,"Ported from the wu-alpha191-alpha101 reference repository with cross-sectional rank/scale semantics. The DolphinDB external path remains an alternative generation route with different SMA, DECAYLINEAR, suspension, limit-hit, and missing-value semantics; compare outputs before production use."
alpha191,alpha191_047,classic_formula,191,"open, high, low, close, volume, vwap, returns, amount, turnover_rate",implemented_local,src/moneytree/factors/classic.py,GTJA Alpha47 implemented in Python with cross-sectional rank/scale (grouped by trade date).,moneytree.factors.classic.build_alpha191_features,"Ported from the wu-alpha191-alpha101 reference repository with cross-sectional rank/scale semantics. The DolphinDB external path remains an alternative generation route with different SMA, DECAYLINEAR, suspension, limit-hit, and missing-value semantics; compare outputs before production use."
alpha191,alpha191_048,classic_formula,191,"open, high, low, close, volume, vwap, returns, amount, turnover_rate",implemented_local,src/moneytree/factors/classic.py,GTJA Alpha48 implemented in Python with cross-sectional rank/scale (grouped by trade date).,moneytree.factors.classic.build_alpha191_features,"Ported from the wu-alpha191-alpha101 reference repository with cross-sectional rank/scale semantics. The DolphinDB external path remains an alternative generation route with different SMA, DECAYLINEAR, suspension, limit-hit, and missing-value semantics; compare outputs before production use."
alpha191,alpha191_049,classic_formula,191,"open, high, low, close, volume, vwap, returns, amount, turnover_rate",implemented_local,src/moneytree/factors/classic.py,GTJA Alpha49 implemented in Python with cross-sectional rank/scale (grouped by trade date).,moneytree.factors.classic.build_alpha191_features,"Ported from the wu-alpha191-alpha101 reference repository with cross-sectional rank/scale semantics. The DolphinDB external path remains an alternative generation route with different SMA, DECAYLINEAR, suspension, limit-hit, and missing-value semantics; compare outputs before production use."
alpha191,alpha191_050,classic_formula,191,"open, high, low, close, volume, vwap, returns, amount, turnover_rate",implemented_local,src/moneytree/factors/classic.py,GTJA Alpha50 implemented in Python with cross-sectional rank/scale (grouped by trade date).,moneytree.factors.classic.build_alpha191_features,"Ported from the wu-alpha191-alpha101 reference repository with cross-sectional rank/scale semantics. The DolphinDB external path remains an alternative generation route with different SMA, DECAYLINEAR, suspension, limit-hit, and missing-value semantics; compare outputs before production use."
alpha191,alpha191_051,classic_formula,191,"open, high, low, close, volume, vwap, returns, amount, turnover_rate",implemented_local,src/moneytree/factors/classic.py,GTJA Alpha51 implemented in Python with cross-sectional rank/scale (grouped by trade date).,moneytree.factors.classic.build_alpha191_features,"Ported from the wu-alpha191-alpha101 reference repository with cross-sectional rank/scale semantics. The DolphinDB external path remains an alternative generation route with different SMA, DECAYLINEAR, suspension, limit-hit, and missing-value semantics; compare outputs before production use."
alpha191,alpha191_052,classic_formula,191,"open, high, low, close, volume, vwap, returns, amount, turnover_rate",implemented_local,src/moneytree/factors/classic.py,GTJA Alpha52 implemented in Python with cross-sectional rank/scale (grouped by trade date).,moneytree.factors.classic.build_alpha191_features,"Ported from the wu-alpha191-alpha101 reference repository with cross-sectional rank/scale semantics. The DolphinDB external path remains an alternative generation route with different SMA, DECAYLINEAR, suspension, limit-hit, and missing-value semantics; compare outputs before production use."
alpha191,alpha191_053,classic_formula,191,"open, high, low, close, volume, vwap, returns, amount, turnover_rate",implemented_local,src/moneytree/factors/classic.py,GTJA Alpha53 implemented in Python with cross-sectional rank/scale (grouped by trade date).,moneytree.factors.classic.build_alpha191_features,"Ported from the wu-alpha191-alpha101 reference repository with cross-sectional rank/scale semantics. The DolphinDB external path remains an alternative generation route with different SMA, DECAYLINEAR, suspension, limit-hit, and missing-value semantics; compare outputs before production use."
alpha191,alpha191_054,classic_formula,191,"open, high, low, close, volume, vwap, returns, amount, turnover_rate",implemented_local,src/moneytree/factors/classic.py,GTJA Alpha54 implemented in Python with cross-sectional rank/scale (grouped by trade date).,moneytree.factors.classic.build_alpha191_features,"Ported from the wu-alpha191-alpha101 reference repository with cross-sectional rank/scale semantics. The DolphinDB external path remains an alternative generation route with different SMA, DECAYLINEAR, suspension, limit-hit, and missing-value semantics; compare outputs before production use."
alpha191,alpha191_055,classic_formula,191,"open, high, low, close, volume, vwap, returns, amount, turnover_rate",implemented_local,src/moneytree/factors/classic.py,GTJA Alpha55 implemented in Python with cross-sectional rank/scale (grouped by trade date).,moneytree.factors.classic.build_alpha191_features,"Ported from the wu-alpha191-alpha101 reference repository with cross-sectional rank/scale semantics. The DolphinDB external path remains an alternative generation route with different SMA, DECAYLINEAR, suspension, limit-hit, and missing-value semantics; compare outputs before production use."
alpha191,alpha191_056,classic_formula,191,"open, high, low, close, volume, vwap, returns, amount, turnover_rate",implemented_local,src/moneytree/factors/classic.py,GTJA Alpha56 implemented in Python with cross-sectional rank/scale (grouped by trade date).,moneytree.factors.classic.build_alpha191_features,"Ported from the wu-alpha191-alpha101 reference repository with cross-sectional rank/scale semantics. The DolphinDB external path remains an alternative generation route with different SMA, DECAYLINEAR, suspension, limit-hit, and missing-value semantics; compare outputs before production use."
alpha191,alpha191_057,classic_formula,191,"open, high, low, close, volume, vwap, returns, amount, turnover_rate",implemented_local,src/moneytree/factors/classic.py,GTJA Alpha57 implemented in Python with cross-sectional rank/scale (grouped by trade date).,moneytree.factors.classic.build_alpha191_features,"Ported from the wu-alpha191-alpha101 reference repository with cross-sectional rank/scale semantics. The DolphinDB external path remains an alternative generation route with different SMA, DECAYLINEAR, suspension, limit-hit, and missing-value semantics; compare outputs before production use."
alpha191,alpha191_058,classic_formula,191,"open, high, low, close, volume, vwap, returns, amount, turnover_rate",implemented_local,src/moneytree/factors/classic.py,GTJA Alpha58 implemented in Python with cross-sectional rank/scale (grouped by trade date).,moneytree.factors.classic.build_alpha191_features,"Ported from the wu-alpha191-alpha101 reference repository with cross-sectional rank/scale semantics. The DolphinDB external path remains an alternative generation route with different SMA, DECAYLINEAR, suspension, limit-hit, and missing-value semantics; compare outputs before production use."
alpha191,alpha191_059,classic_formula,191,"open, high, low, close, volume, vwap, returns, amount, turnover_rate",implemented_local,src/moneytree/factors/classic.py,GTJA Alpha59 implemented in Python with cross-sectional rank/scale (grouped by trade date).,moneytree.factors.classic.build_alpha191_features,"Ported from the wu-alpha191-alpha101 reference repository with cross-sectional rank/scale semantics. The DolphinDB external path remains an alternative generation route with different SMA, DECAYLINEAR, suspension, limit-hit, and missing-value semantics; compare outputs before production use."
alpha191,alpha191_060,classic_formula,191,"open, high, low, close, volume, vwap, returns, amount, turnover_rate",implemented_local,src/moneytree/factors/classic.py,GTJA Alpha60 implemented in Python with cross-sectional rank/scale (grouped by trade date).,moneytree.factors.classic.build_alpha191_features,"Ported from the wu-alpha191-alpha101 reference repository with cross-sectional rank/scale semantics. The DolphinDB external path remains an alternative generation route with different SMA, DECAYLINEAR, suspension, limit-hit, and missing-value semantics; compare outputs before production use."
alpha191,alpha191_061,classic_formula,191,"open, high, low, close, volume, vwap, returns, amount, turnover_rate",implemented_local,src/moneytree/factors/classic.py,GTJA Alpha61 implemented in Python with cross-sectional rank/scale (grouped by trade date).,moneytree.factors.classic.build_alpha191_features,"Ported from the wu-alpha191-alpha101 reference repository with cross-sectional rank/scale semantics. The DolphinDB external path remains an alternative generation route with different SMA, DECAYLINEAR, suspension, limit-hit, and missing-value semantics; compare outputs before production use."
alpha191,alpha191_062,classic_formula,191,"open, high, low, close, volume, vwap, returns, amount, turnover_rate",implemented_local,src/moneytree/factors/classic.py,GTJA Alpha62 implemented in Python with cross-sectional rank/scale (grouped by trade date).,moneytree.factors.classic.build_alpha191_features,"Ported from the wu-alpha191-alpha101 reference repository with cross-sectional rank/scale semantics. The DolphinDB external path remains an alternative generation route with different SMA, DECAYLINEAR, suspension, limit-hit, and missing-value semantics; compare outputs before production use."
alpha191,alpha191_063,classic_formula,191,"open, high, low, close, volume, vwap, returns, amount, turnover_rate",implemented_local,src/moneytree/factors/classic.py,GTJA Alpha63 implemented in Python with cross-sectional rank/scale (grouped by trade date).,moneytree.factors.classic.build_alpha191_features,"Ported from the wu-alpha191-alpha101 reference repository with cross-sectional rank/scale semantics. The DolphinDB external path remains an alternative generation route with different SMA, DECAYLINEAR, suspension, limit-hit, and missing-value semantics; compare outputs before production use."
alpha191,alpha191_064,classic_formula,191,"open, high, low, close, volume, vwap, returns, amount, turnover_rate",implemented_local,src/moneytree/factors/classic.py,GTJA Alpha64 implemented in Python with cross-sectional rank/scale (grouped by trade date).,moneytree.factors.classic.build_alpha191_features,"Ported from the wu-alpha191-alpha101 reference repository with cross-sectional rank/scale semantics. The DolphinDB external path remains an alternative generation route with different SMA, DECAYLINEAR, suspension, limit-hit, and missing-value semantics; compare outputs before production use."
alpha191,alpha191_065,classic_formula,191,"open, high, low, close, volume, vwap, returns, amount, turnover_rate",implemented_local,src/moneytree/factors/classic.py,GTJA Alpha65 implemented in Python with cross-sectional rank/scale (grouped by trade date).,moneytree.factors.classic.build_alpha191_features,"Ported from the wu-alpha191-alpha101 reference repository with cross-sectional rank/scale semantics. The DolphinDB external path remains an alternative generation route with different SMA, DECAYLINEAR, suspension, limit-hit, and missing-value semantics; compare outputs before production use."
alpha191,alpha191_066,classic_formula,191,"open, high, low, close, volume, vwap, returns, amount, turnover_rate",implemented_local,src/moneytree/factors/classic.py,GTJA Alpha66 implemented in Python with cross-sectional rank/scale (grouped by trade date).,moneytree.factors.classic.build_alpha191_features,"Ported from the wu-alpha191-alpha101 reference repository with cross-sectional rank/scale semantics. The DolphinDB external path remains an alternative generation route with different SMA, DECAYLINEAR, suspension, limit-hit, and missing-value semantics; compare outputs before production use."
alpha191,alpha191_067,classic_formula,191,"open, high, low, close, volume, vwap, returns, amount, turnover_rate",implemented_local,src/moneytree/factors/classic.py,GTJA Alpha67 implemented in Python with cross-sectional rank/scale (grouped by trade date).,moneytree.factors.classic.build_alpha191_features,"Ported from the wu-alpha191-alpha101 reference repository with cross-sectional rank/scale semantics. The DolphinDB external path remains an alternative generation route with different SMA, DECAYLINEAR, suspension, limit-hit, and missing-value semantics; compare outputs before production use."
alpha191,alpha191_068,classic_formula,191,"open, high, low, close, volume, vwap, returns, amount, turnover_rate",implemented_local,src/moneytree/factors/classic.py,GTJA Alpha68 implemented in Python with cross-sectional rank/scale (grouped by trade date).,moneytree.factors.classic.build_alpha191_features,"Ported from the wu-alpha191-alpha101 reference repository with cross-sectional rank/scale semantics. The DolphinDB external path remains an alternative generation route with different SMA, DECAYLINEAR, suspension, limit-hit, and missing-value semantics; compare outputs before production use."
alpha191,alpha191_069,classic_formula,191,"open, high, low, close, volume, vwap, returns, amount, turnover_rate",implemented_local,src/moneytree/factors/classic.py,GTJA Alpha69 implemented in Python with cross-sectional rank/scale (grouped by trade date).,moneytree.factors.classic.build_alpha191_features,"Ported from the wu-alpha191-alpha101 reference repository with cross-sectional rank/scale semantics. The DolphinDB external path remains an alternative generation route with different SMA, DECAYLINEAR, suspension, limit-hit, and missing-value semantics; compare outputs before production use."
alpha191,alpha191_070,classic_formula,191,"open, high, low, close, volume, vwap, returns, amount, turnover_rate",implemented_local,src/moneytree/factors/classic.py,GTJA Alpha70 implemented in Python with cross-sectional rank/scale (grouped by trade date).,moneytree.factors.classic.build_alpha191_features,"Ported from the wu-alpha191-alpha101 reference repository with cross-sectional rank/scale semantics. The DolphinDB external path remains an alternative generation route with different SMA, DECAYLINEAR, suspension, limit-hit, and missing-value semantics; compare outputs before production use."
alpha191,alpha191_071,classic_formula,191,"open, high, low, close, volume, vwap, returns, amount, turnover_rate",implemented_local,src/moneytree/factors/classic.py,GTJA Alpha71 implemented in Python with cross-sectional rank/scale (grouped by trade date).,moneytree.factors.classic.build_alpha191_features,"Ported from the wu-alpha191-alpha101 reference repository with cross-sectional rank/scale semantics. The DolphinDB external path remains an alternative generation route with different SMA, DECAYLINEAR, suspension, limit-hit, and missing-value semantics; compare outputs before production use."
alpha191,alpha191_072,classic_formula,191,"open, high, low, close, volume, vwap, returns, amount, turnover_rate",implemented_local,src/moneytree/factors/classic.py,GTJA Alpha72 implemented in Python with cross-sectional rank/scale (grouped by trade date).,moneytree.factors.classic.build_alpha191_features,"Ported from the wu-alpha191-alpha101 reference repository with cross-sectional rank/scale semantics. The DolphinDB external path remains an alternative generation route with different SMA, DECAYLINEAR, suspension, limit-hit, and missing-value semantics; compare outputs before production use."
alpha191,alpha191_073,classic_formula,191,"open, high, low, close, volume, vwap, returns, amount, turnover_rate",implemented_local,src/moneytree/factors/classic.py,GTJA Alpha73 implemented in Python with cross-sectional rank/scale (grouped by trade date).,moneytree.factors.classic.build_alpha191_features,"Ported from the wu-alpha191-alpha101 reference repository with cross-sectional rank/scale semantics. The DolphinDB external path remains an alternative generation route with different SMA, DECAYLINEAR, suspension, limit-hit, and missing-value semantics; compare outputs before production use."
alpha191,alpha191_074,classic_formula,191,"open, high, low, close, volume, vwap, returns, amount, turnover_rate",implemented_local,src/moneytree/factors/classic.py,GTJA Alpha74 implemented in Python with cross-sectional rank/scale (grouped by trade date).,moneytree.factors.classic.build_alpha191_features,"Ported from the wu-alpha191-alpha101 reference repository with cross-sectional rank/scale semantics. The DolphinDB external path remains an alternative generation route with different SMA, DECAYLINEAR, suspension, limit-hit, and missing-value semantics; compare outputs before production use."
alpha191,alpha191_075,classic_formula,191,"open, high, low, close, volume, vwap, returns, amount, turnover_rate",implemented_local,src/moneytree/factors/classic.py,GTJA Alpha75 implemented in Python with cross-sectional rank/scale (grouped by trade date).,moneytree.factors.classic.build_alpha191_features,"Ported from the wu-alpha191-alpha101 reference repository with cross-sectional rank/scale semantics. The DolphinDB external path remains an alternative generation route with different SMA, DECAYLINEAR, suspension, limit-hit, and missing-value semantics; compare outputs before production use."
alpha191,alpha191_076,classic_formula,191,"open, high, low, close, volume, vwap, returns, amount, turnover_rate",implemented_local,src/moneytree/factors/classic.py,GTJA Alpha76 implemented in Python with cross-sectional rank/scale (grouped by trade date).,moneytree.factors.classic.build_alpha191_features,"Ported from the wu-alpha191-alpha101 reference repository with cross-sectional rank/scale semantics. The DolphinDB external path remains an alternative generation route with different SMA, DECAYLINEAR, suspension, limit-hit, and missing-value semantics; compare outputs before production use."
alpha191,alpha191_077,classic_formula,191,"open, high, low, close, volume, vwap, returns, amount, turnover_rate",implemented_local,src/moneytree/factors/classic.py,GTJA Alpha77 implemented in Python with cross-sectional rank/scale (grouped by trade date).,moneytree.factors.classic.build_alpha191_features,"Ported from the wu-alpha191-alpha101 reference repository with cross-sectional rank/scale semantics. The DolphinDB external path remains an alternative generation route with different SMA, DECAYLINEAR, suspension, limit-hit, and missing-value semantics; compare outputs before production use."
alpha191,alpha191_078,classic_formula,191,"open, high, low, close, volume, vwap, returns, amount, turnover_rate",implemented_local,src/moneytree/factors/classic.py,GTJA Alpha78 implemented in Python with cross-sectional rank/scale (grouped by trade date).,moneytree.factors.classic.build_alpha191_features,"Ported from the wu-alpha191-alpha101 reference repository with cross-sectional rank/scale semantics. The DolphinDB external path remains an alternative generation route with different SMA, DECAYLINEAR, suspension, limit-hit, and missing-value semantics; compare outputs before production use."
alpha191,alpha191_079,classic_formula,191,"open, high, low, close, volume, vwap, returns, amount, turnover_rate",implemented_local,src/moneytree/factors/classic.py,GTJA Alpha79 implemented in Python with cross-sectional rank/scale (grouped by trade date).,moneytree.factors.classic.build_alpha191_features,"Ported from the wu-alpha191-alpha101 reference repository with cross-sectional rank/scale semantics. The DolphinDB external path remains an alternative generation route with different SMA, DECAYLINEAR, suspension, limit-hit, and missing-value semantics; compare outputs before production use."
alpha191,alpha191_080,classic_formula,191,"open, high, low, close, volume, vwap, returns, amount, turnover_rate",implemented_local,src/moneytree/factors/classic.py,GTJA Alpha80 implemented in Python with cross-sectional rank/scale (grouped by trade date).,moneytree.factors.classic.build_alpha191_features,"Ported from the wu-alpha191-alpha101 reference repository with cross-sectional rank/scale semantics. The DolphinDB external path remains an alternative generation route with different SMA, DECAYLINEAR, suspension, limit-hit, and missing-value semantics; compare outputs before production use."
alpha191,alpha191_081,classic_formula,191,"open, high, low, close, volume, vwap, returns, amount, turnover_rate",implemented_local,src/moneytree/factors/classic.py,GTJA Alpha81 implemented in Python with cross-sectional rank/scale (grouped by trade date).,moneytree.factors.classic.build_alpha191_features,"Ported from the wu-alpha191-alpha101 reference repository with cross-sectional rank/scale semantics. The DolphinDB external path remains an alternative generation route with different SMA, DECAYLINEAR, suspension, limit-hit, and missing-value semantics; compare outputs before production use."
alpha191,alpha191_082,classic_formula,191,"open, high, low, close, volume, vwap, returns, amount, turnover_rate",implemented_local,src/moneytree/factors/classic.py,GTJA Alpha82 implemented in Python with cross-sectional rank/scale (grouped by trade date).,moneytree.factors.classic.build_alpha191_features,"Ported from the wu-alpha191-alpha101 reference repository with cross-sectional rank/scale semantics. The DolphinDB external path remains an alternative generation route with different SMA, DECAYLINEAR, suspension, limit-hit, and missing-value semantics; compare outputs before production use."
alpha191,alpha191_083,classic_formula,191,"open, high, low, close, volume, vwap, returns, amount, turnover_rate",implemented_local,src/moneytree/factors/classic.py,GTJA Alpha83 implemented in Python with cross-sectional rank/scale (grouped by trade date).,moneytree.factors.classic.build_alpha191_features,"Ported from the wu-alpha191-alpha101 reference repository with cross-sectional rank/scale semantics. The DolphinDB external path remains an alternative generation route with different SMA, DECAYLINEAR, suspension, limit-hit, and missing-value semantics; compare outputs before production use."
alpha191,alpha191_084,classic_formula,191,"open, high, low, close, volume, vwap, returns, amount, turnover_rate",implemented_local,src/moneytree/factors/classic.py,GTJA Alpha84 implemented in Python with cross-sectional rank/scale (grouped by trade date).,moneytree.factors.classic.build_alpha191_features,"Ported from the wu-alpha191-alpha101 reference repository with cross-sectional rank/scale semantics. The DolphinDB external path remains an alternative generation route with different SMA, DECAYLINEAR, suspension, limit-hit, and missing-value semantics; compare outputs before production use."
alpha191,alpha191_085,classic_formula,191,"open, high, low, close, volume, vwap, returns, amount, turnover_rate",implemented_local,src/moneytree/factors/classic.py,GTJA Alpha85 implemented in Python with cross-sectional rank/scale (grouped by trade date).,moneytree.factors.classic.build_alpha191_features,"Ported from the wu-alpha191-alpha101 reference repository with cross-sectional rank/scale semantics. The DolphinDB external path remains an alternative generation route with different SMA, DECAYLINEAR, suspension, limit-hit, and missing-value semantics; compare outputs before production use."
alpha191,alpha191_086,classic_formula,191,"open, high, low, close, volume, vwap, returns, amount, turnover_rate",implemented_local,src/moneytree/factors/classic.py,GTJA Alpha86 implemented in Python with cross-sectional rank/scale (grouped by trade date).,moneytree.factors.classic.build_alpha191_features,"Ported from the wu-alpha191-alpha101 reference repository with cross-sectional rank/scale semantics. The DolphinDB external path remains an alternative generation route with different SMA, DECAYLINEAR, suspension, limit-hit, and missing-value semantics; compare outputs before production use."
alpha191,alpha191_087,classic_formula,191,"open, high, low, close, volume, vwap, returns, amount, turnover_rate",implemented_local,src/moneytree/factors/classic.py,GTJA Alpha87 implemented in Python with cross-sectional rank/scale (grouped by trade date).,moneytree.factors.classic.build_alpha191_features,"Ported from the wu-alpha191-alpha101 reference repository with cross-sectional rank/scale semantics. The DolphinDB external path remains an alternative generation route with different SMA, DECAYLINEAR, suspension, limit-hit, and missing-value semantics; compare outputs before production use."
alpha191,alpha191_088,classic_formula,191,"open, high, low, close, volume, vwap, returns, amount, turnover_rate",implemented_local,src/moneytree/factors/classic.py,GTJA Alpha88 implemented in Python with cross-sectional rank/scale (grouped by trade date).,moneytree.factors.classic.build_alpha191_features,"Ported from the wu-alpha191-alpha101 reference repository with cross-sectional rank/scale semantics. The DolphinDB external path remains an alternative generation route with different SMA, DECAYLINEAR, suspension, limit-hit, and missing-value semantics; compare outputs before production use."
alpha191,alpha191_089,classic_formula,191,"open, high, low, close, volume, vwap, returns, amount, turnover_rate",implemented_local,src/moneytree/factors/classic.py,GTJA Alpha89 implemented in Python with cross-sectional rank/scale (grouped by trade date).,moneytree.factors.classic.build_alpha191_features,"Ported from the wu-alpha191-alpha101 reference repository with cross-sectional rank/scale semantics. The DolphinDB external path remains an alternative generation route with different SMA, DECAYLINEAR, suspension, limit-hit, and missing-value semantics; compare outputs before production use."
alpha191,alpha191_090,classic_formula,191,"open, high, low, close, volume, vwap, returns, amount, turnover_rate",implemented_local,src/moneytree/factors/classic.py,GTJA Alpha90 implemented in Python with cross-sectional rank/scale (grouped by trade date).,moneytree.factors.classic.build_alpha191_features,"Ported from the wu-alpha191-alpha101 reference repository with cross-sectional rank/scale semantics. The DolphinDB external path remains an alternative generation route with different SMA, DECAYLINEAR, suspension, limit-hit, and missing-value semantics; compare outputs before production use."
alpha191,alpha191_091,classic_formula,191,"open, high, low, close, volume, vwap, returns, amount, turnover_rate",implemented_local,src/moneytree/factors/classic.py,GTJA Alpha91 implemented in Python with cross-sectional rank/scale (grouped by trade date).,moneytree.factors.classic.build_alpha191_features,"Ported from the wu-alpha191-alpha101 reference repository with cross-sectional rank/scale semantics. The DolphinDB external path remains an alternative generation route with different SMA, DECAYLINEAR, suspension, limit-hit, and missing-value semantics; compare outputs before production use."
alpha191,alpha191_092,classic_formula,191,"open, high, low, close, volume, vwap, returns, amount, turnover_rate",implemented_local,src/moneytree/factors/classic.py,GTJA Alpha92 implemented in Python with cross-sectional rank/scale (grouped by trade date).,moneytree.factors.classic.build_alpha191_features,"Ported from the wu-alpha191-alpha101 reference repository with cross-sectional rank/scale semantics. The DolphinDB external path remains an alternative generation route with different SMA, DECAYLINEAR, suspension, limit-hit, and missing-value semantics; compare outputs before production use."
alpha191,alpha191_093,classic_formula,191,"open, high, low, close, volume, vwap, returns, amount, turnover_rate",implemented_local,src/moneytree/factors/classic.py,GTJA Alpha93 implemented in Python with cross-sectional rank/scale (grouped by trade date).,moneytree.factors.classic.build_alpha191_features,"Ported from the wu-alpha191-alpha101 reference repository with cross-sectional rank/scale semantics. The DolphinDB external path remains an alternative generation route with different SMA, DECAYLINEAR, suspension, limit-hit, and missing-value semantics; compare outputs before production use."
alpha191,alpha191_094,classic_formula,191,"open, high, low, close, volume, vwap, returns, amount, turnover_rate",implemented_local,src/moneytree/factors/classic.py,GTJA Alpha94 implemented in Python with cross-sectional rank/scale (grouped by trade date).,moneytree.factors.classic.build_alpha191_features,"Ported from the wu-alpha191-alpha101 reference repository with cross-sectional rank/scale semantics. The DolphinDB external path remains an alternative generation route with different SMA, DECAYLINEAR, suspension, limit-hit, and missing-value semantics; compare outputs before production use."
alpha191,alpha191_095,classic_formula,191,"open, high, low, close, volume, vwap, returns, amount, turnover_rate",implemented_local,src/moneytree/factors/classic.py,GTJA Alpha95 implemented in Python with cross-sectional rank/scale (grouped by trade date).,moneytree.factors.classic.build_alpha191_features,"Ported from the wu-alpha191-alpha101 reference repository with cross-sectional rank/scale semantics. The DolphinDB external path remains an alternative generation route with different SMA, DECAYLINEAR, suspension, limit-hit, and missing-value semantics; compare outputs before production use."
alpha191,alpha191_096,classic_formula,191,"open, high, low, close, volume, vwap, returns, amount, turnover_rate",implemented_local,src/moneytree/factors/classic.py,GTJA Alpha96 implemented in Python with cross-sectional rank/scale (grouped by trade date).,moneytree.factors.classic.build_alpha191_features,"Ported from the wu-alpha191-alpha101 reference repository with cross-sectional rank/scale semantics. The DolphinDB external path remains an alternative generation route with different SMA, DECAYLINEAR, suspension, limit-hit, and missing-value semantics; compare outputs before production use."
alpha191,alpha191_097,classic_formula,191,"open, high, low, close, volume, vwap, returns, amount, turnover_rate",implemented_local,src/moneytree/factors/classic.py,GTJA Alpha97 implemented in Python with cross-sectional rank/scale (grouped by trade date).,moneytree.factors.classic.build_alpha191_features,"Ported from the wu-alpha191-alpha101 reference repository with cross-sectional rank/scale semantics. The DolphinDB external path remains an alternative generation route with different SMA, DECAYLINEAR, suspension, limit-hit, and missing-value semantics; compare outputs before production use."
alpha191,alpha191_098,classic_formula,191,"open, high, low, close, volume, vwap, returns, amount, turnover_rate",implemented_local,src/moneytree/factors/classic.py,GTJA Alpha98 implemented in Python with cross-sectional rank/scale (grouped by trade date).,moneytree.factors.classic.build_alpha191_features,"Ported from the wu-alpha191-alpha101 reference repository with cross-sectional rank/scale semantics. The DolphinDB external path remains an alternative generation route with different SMA, DECAYLINEAR, suspension, limit-hit, and missing-value semantics; compare outputs before production use."
alpha191,alpha191_099,classic_formula,191,"open, high, low, close, volume, vwap, returns, amount, turnover_rate",implemented_local,src/moneytree/factors/classic.py,GTJA Alpha99 implemented in Python with cross-sectional rank/scale (grouped by trade date).,moneytree.factors.classic.build_alpha191_features,"Ported from the wu-alpha191-alpha101 reference repository with cross-sectional rank/scale semantics. The DolphinDB external path remains an alternative generation route with different SMA, DECAYLINEAR, suspension, limit-hit, and missing-value semantics; compare outputs before production use."
alpha191,alpha191_100,classic_formula,191,"open, high, low, close, volume, vwap, returns, amount, turnover_rate",implemented_local,src/moneytree/factors/classic.py,GTJA Alpha100 implemented in Python with cross-sectional rank/scale (grouped by trade date).,moneytree.factors.classic.build_alpha191_features,"Ported from the wu-alpha191-alpha101 reference repository with cross-sectional rank/scale semantics. The DolphinDB external path remains an alternative generation route with different SMA, DECAYLINEAR, suspension, limit-hit, and missing-value semantics; compare outputs before production use."
alpha191,alpha191_101,classic_formula,191,"open, high, low, close, volume, vwap, returns, amount, turnover_rate",implemented_local,src/moneytree/factors/classic.py,GTJA Alpha101 implemented in Python with cross-sectional rank/scale (grouped by trade date).,moneytree.factors.classic.build_alpha191_features,"Ported from the wu-alpha191-alpha101 reference repository with cross-sectional rank/scale semantics. The DolphinDB external path remains an alternative generation route with different SMA, DECAYLINEAR, suspension, limit-hit, and missing-value semantics; compare outputs before production use."
alpha191,alpha191_102,classic_formula,191,"open, high, low, close, volume, vwap, returns, amount, turnover_rate",implemented_local,src/moneytree/factors/classic.py,GTJA Alpha102 implemented in Python with cross-sectional rank/scale (grouped by trade date).,moneytree.factors.classic.build_alpha191_features,"Ported from the wu-alpha191-alpha101 reference repository with cross-sectional rank/scale semantics. The DolphinDB external path remains an alternative generation route with different SMA, DECAYLINEAR, suspension, limit-hit, and missing-value semantics; compare outputs before production use."
alpha191,alpha191_103,classic_formula,191,"open, high, low, close, volume, vwap, returns, amount, turnover_rate",implemented_local,src/moneytree/factors/classic.py,GTJA Alpha103 implemented in Python with cross-sectional rank/scale (grouped by trade date).,moneytree.factors.classic.build_alpha191_features,"Ported from the wu-alpha191-alpha101 reference repository with cross-sectional rank/scale semantics. The DolphinDB external path remains an alternative generation route with different SMA, DECAYLINEAR, suspension, limit-hit, and missing-value semantics; compare outputs before production use."
alpha191,alpha191_104,classic_formula,191,"open, high, low, close, volume, vwap, returns, amount, turnover_rate",implemented_local,src/moneytree/factors/classic.py,GTJA Alpha104 implemented in Python with cross-sectional rank/scale (grouped by trade date).,moneytree.factors.classic.build_alpha191_features,"Ported from the wu-alpha191-alpha101 reference repository with cross-sectional rank/scale semantics. The DolphinDB external path remains an alternative generation route with different SMA, DECAYLINEAR, suspension, limit-hit, and missing-value semantics; compare outputs before production use."
alpha191,alpha191_105,classic_formula,191,"open, high, low, close, volume, vwap, returns, amount, turnover_rate",implemented_local,src/moneytree/factors/classic.py,GTJA Alpha105 implemented in Python with cross-sectional rank/scale (grouped by trade date).,moneytree.factors.classic.build_alpha191_features,"Ported from the wu-alpha191-alpha101 reference repository with cross-sectional rank/scale semantics. The DolphinDB external path remains an alternative generation route with different SMA, DECAYLINEAR, suspension, limit-hit, and missing-value semantics; compare outputs before production use."
alpha191,alpha191_106,classic_formula,191,"open, high, low, close, volume, vwap, returns, amount, turnover_rate",implemented_local,src/moneytree/factors/classic.py,GTJA Alpha106 implemented in Python with cross-sectional rank/scale (grouped by trade date).,moneytree.factors.classic.build_alpha191_features,"Ported from the wu-alpha191-alpha101 reference repository with cross-sectional rank/scale semantics. The DolphinDB external path remains an alternative generation route with different SMA, DECAYLINEAR, suspension, limit-hit, and missing-value semantics; compare outputs before production use."
alpha191,alpha191_107,classic_formula,191,"open, high, low, close, volume, vwap, returns, amount, turnover_rate",implemented_local,src/moneytree/factors/classic.py,GTJA Alpha107 implemented in Python with cross-sectional rank/scale (grouped by trade date).,moneytree.factors.classic.build_alpha191_features,"Ported from the wu-alpha191-alpha101 reference repository with cross-sectional rank/scale semantics. The DolphinDB external path remains an alternative generation route with different SMA, DECAYLINEAR, suspension, limit-hit, and missing-value semantics; compare outputs before production use."
alpha191,alpha191_108,classic_formula,191,"open, high, low, close, volume, vwap, returns, amount, turnover_rate",implemented_local,src/moneytree/factors/classic.py,GTJA Alpha108 implemented in Python with cross-sectional rank/scale (grouped by trade date).,moneytree.factors.classic.build_alpha191_features,"Ported from the wu-alpha191-alpha101 reference repository with cross-sectional rank/scale semantics. The DolphinDB external path remains an alternative generation route with different SMA, DECAYLINEAR, suspension, limit-hit, and missing-value semantics; compare outputs before production use."
alpha191,alpha191_109,classic_formula,191,"open, high, low, close, volume, vwap, returns, amount, turnover_rate",implemented_local,src/moneytree/factors/classic.py,GTJA Alpha109 implemented in Python with cross-sectional rank/scale (grouped by trade date).,moneytree.factors.classic.build_alpha191_features,"Ported from the wu-alpha191-alpha101 reference repository with cross-sectional rank/scale semantics. The DolphinDB external path remains an alternative generation route with different SMA, DECAYLINEAR, suspension, limit-hit, and missing-value semantics; compare outputs before production use."
alpha191,alpha191_110,classic_formula,191,"open, high, low, close, volume, vwap, returns, amount, turnover_rate",implemented_local,src/moneytree/factors/classic.py,GTJA Alpha110 implemented in Python with cross-sectional rank/scale (grouped by trade date).,moneytree.factors.classic.build_alpha191_features,"Ported from the wu-alpha191-alpha101 reference repository with cross-sectional rank/scale semantics. The DolphinDB external path remains an alternative generation route with different SMA, DECAYLINEAR, suspension, limit-hit, and missing-value semantics; compare outputs before production use."
alpha191,alpha191_111,classic_formula,191,"open, high, low, close, volume, vwap, returns, amount, turnover_rate",implemented_local,src/moneytree/factors/classic.py,GTJA Alpha111 implemented in Python with cross-sectional rank/scale (grouped by trade date).,moneytree.factors.classic.build_alpha191_features,"Ported from the wu-alpha191-alpha101 reference repository with cross-sectional rank/scale semantics. The DolphinDB external path remains an alternative generation route with different SMA, DECAYLINEAR, suspension, limit-hit, and missing-value semantics; compare outputs before production use."
alpha191,alpha191_112,classic_formula,191,"open, high, low, close, volume, vwap, returns, amount, turnover_rate",implemented_local,src/moneytree/factors/classic.py,GTJA Alpha112 implemented in Python with cross-sectional rank/scale (grouped by trade date).,moneytree.factors.classic.build_alpha191_features,"Ported from the wu-alpha191-alpha101 reference repository with cross-sectional rank/scale semantics. The DolphinDB external path remains an alternative generation route with different SMA, DECAYLINEAR, suspension, limit-hit, and missing-value semantics; compare outputs before production use."
alpha191,alpha191_113,classic_formula,191,"open, high, low, close, volume, vwap, returns, amount, turnover_rate",implemented_local,src/moneytree/factors/classic.py,GTJA Alpha113 implemented in Python with cross-sectional rank/scale (grouped by trade date).,moneytree.factors.classic.build_alpha191_features,"Ported from the wu-alpha191-alpha101 reference repository with cross-sectional rank/scale semantics. The DolphinDB external path remains an alternative generation route with different SMA, DECAYLINEAR, suspension, limit-hit, and missing-value semantics; compare outputs before production use."
alpha191,alpha191_114,classic_formula,191,"open, high, low, close, volume, vwap, returns, amount, turnover_rate",implemented_local,src/moneytree/factors/classic.py,GTJA Alpha114 implemented in Python with cross-sectional rank/scale (grouped by trade date).,moneytree.factors.classic.build_alpha191_features,"Ported from the wu-alpha191-alpha101 reference repository with cross-sectional rank/scale semantics. The DolphinDB external path remains an alternative generation route with different SMA, DECAYLINEAR, suspension, limit-hit, and missing-value semantics; compare outputs before production use."
alpha191,alpha191_115,classic_formula,191,"open, high, low, close, volume, vwap, returns, amount, turnover_rate",implemented_local,src/moneytree/factors/classic.py,GTJA Alpha115 implemented in Python with cross-sectional rank/scale (grouped by trade date).,moneytree.factors.classic.build_alpha191_features,"Ported from the wu-alpha191-alpha101 reference repository with cross-sectional rank/scale semantics. The DolphinDB external path remains an alternative generation route with different SMA, DECAYLINEAR, suspension, limit-hit, and missing-value semantics; compare outputs before production use."
alpha191,alpha191_116,classic_formula,191,"open, high, low, close, volume, vwap, returns, amount, turnover_rate",implemented_local,src/moneytree/factors/classic.py,GTJA Alpha116 implemented in Python with cross-sectional rank/scale (grouped by trade date).,moneytree.factors.classic.build_alpha191_features,"Ported from the wu-alpha191-alpha101 reference repository with cross-sectional rank/scale semantics. The DolphinDB external path remains an alternative generation route with different SMA, DECAYLINEAR, suspension, limit-hit, and missing-value semantics; compare outputs before production use."
alpha191,alpha191_117,classic_formula,191,"open, high, low, close, volume, vwap, returns, amount, turnover_rate",implemented_local,src/moneytree/factors/classic.py,GTJA Alpha117 implemented in Python with cross-sectional rank/scale (grouped by trade date).,moneytree.factors.classic.build_alpha191_features,"Ported from the wu-alpha191-alpha101 reference repository with cross-sectional rank/scale semantics. The DolphinDB external path remains an alternative generation route with different SMA, DECAYLINEAR, suspension, limit-hit, and missing-value semantics; compare outputs before production use."
alpha191,alpha191_118,classic_formula,191,"open, high, low, close, volume, vwap, returns, amount, turnover_rate",implemented_local,src/moneytree/factors/classic.py,GTJA Alpha118 implemented in Python with cross-sectional rank/scale (grouped by trade date).,moneytree.factors.classic.build_alpha191_features,"Ported from the wu-alpha191-alpha101 reference repository with cross-sectional rank/scale semantics. The DolphinDB external path remains an alternative generation route with different SMA, DECAYLINEAR, suspension, limit-hit, and missing-value semantics; compare outputs before production use."
alpha191,alpha191_119,classic_formula,191,"open, high, low, close, volume, vwap, returns, amount, turnover_rate",implemented_local,src/moneytree/factors/classic.py,GTJA Alpha119 implemented in Python with cross-sectional rank/scale (grouped by trade date).,moneytree.factors.classic.build_alpha191_features,"Ported from the wu-alpha191-alpha101 reference repository with cross-sectional rank/scale semantics. The DolphinDB external path remains an alternative generation route with different SMA, DECAYLINEAR, suspension, limit-hit, and missing-value semantics; compare outputs before production use."
alpha191,alpha191_120,classic_formula,191,"open, high, low, close, volume, vwap, returns, amount, turnover_rate",implemented_local,src/moneytree/factors/classic.py,GTJA Alpha120 implemented in Python with cross-sectional rank/scale (grouped by trade date).,moneytree.factors.classic.build_alpha191_features,"Ported from the wu-alpha191-alpha101 reference repository with cross-sectional rank/scale semantics. The DolphinDB external path remains an alternative generation route with different SMA, DECAYLINEAR, suspension, limit-hit, and missing-value semantics; compare outputs before production use."
alpha191,alpha191_121,classic_formula,191,"open, high, low, close, volume, vwap, returns, amount, turnover_rate",implemented_local,src/moneytree/factors/classic.py,GTJA Alpha121 implemented in Python with cross-sectional rank/scale (grouped by trade date).,moneytree.factors.classic.build_alpha191_features,"Ported from the wu-alpha191-alpha101 reference repository with cross-sectional rank/scale semantics. The DolphinDB external path remains an alternative generation route with different SMA, DECAYLINEAR, suspension, limit-hit, and missing-value semantics; compare outputs before production use."
alpha191,alpha191_122,classic_formula,191,"open, high, low, close, volume, vwap, returns, amount, turnover_rate",implemented_local,src/moneytree/factors/classic.py,GTJA Alpha122 implemented in Python with cross-sectional rank/scale (grouped by trade date).,moneytree.factors.classic.build_alpha191_features,"Ported from the wu-alpha191-alpha101 reference repository with cross-sectional rank/scale semantics. The DolphinDB external path remains an alternative generation route with different SMA, DECAYLINEAR, suspension, limit-hit, and missing-value semantics; compare outputs before production use."
alpha191,alpha191_123,classic_formula,191,"open, high, low, close, volume, vwap, returns, amount, turnover_rate",implemented_local,src/moneytree/factors/classic.py,GTJA Alpha123 implemented in Python with cross-sectional rank/scale (grouped by trade date).,moneytree.factors.classic.build_alpha191_features,"Ported from the wu-alpha191-alpha101 reference repository with cross-sectional rank/scale semantics. The DolphinDB external path remains an alternative generation route with different SMA, DECAYLINEAR, suspension, limit-hit, and missing-value semantics; compare outputs before production use."
alpha191,alpha191_124,classic_formula,191,"open, high, low, close, volume, vwap, returns, amount, turnover_rate",implemented_local,src/moneytree/factors/classic.py,GTJA Alpha124 implemented in Python with cross-sectional rank/scale (grouped by trade date).,moneytree.factors.classic.build_alpha191_features,"Ported from the wu-alpha191-alpha101 reference repository with cross-sectional rank/scale semantics. The DolphinDB external path remains an alternative generation route with different SMA, DECAYLINEAR, suspension, limit-hit, and missing-value semantics; compare outputs before production use."
alpha191,alpha191_125,classic_formula,191,"open, high, low, close, volume, vwap, returns, amount, turnover_rate",implemented_local,src/moneytree/factors/classic.py,GTJA Alpha125 implemented in Python with cross-sectional rank/scale (grouped by trade date).,moneytree.factors.classic.build_alpha191_features,"Ported from the wu-alpha191-alpha101 reference repository with cross-sectional rank/scale semantics. The DolphinDB external path remains an alternative generation route with different SMA, DECAYLINEAR, suspension, limit-hit, and missing-value semantics; compare outputs before production use."
alpha191,alpha191_126,classic_formula,191,"open, high, low, close, volume, vwap, returns, amount, turnover_rate",implemented_local,src/moneytree/factors/classic.py,GTJA Alpha126 implemented in Python with cross-sectional rank/scale (grouped by trade date).,moneytree.factors.classic.build_alpha191_features,"Ported from the wu-alpha191-alpha101 reference repository with cross-sectional rank/scale semantics. The DolphinDB external path remains an alternative generation route with different SMA, DECAYLINEAR, suspension, limit-hit, and missing-value semantics; compare outputs before production use."
alpha191,alpha191_127,classic_formula,191,"open, high, low, close, volume, vwap, returns, amount, turnover_rate",implemented_local,src/moneytree/factors/classic.py,GTJA Alpha127 implemented in Python with cross-sectional rank/scale (grouped by trade date).,moneytree.factors.classic.build_alpha191_features,"Ported from the wu-alpha191-alpha101 reference repository with cross-sectional rank/scale semantics. The DolphinDB external path remains an alternative generation route with different SMA, DECAYLINEAR, suspension, limit-hit, and missing-value semantics; compare outputs before production use."
alpha191,alpha191_128,classic_formula,191,"open, high, low, close, volume, vwap, returns, amount, turnover_rate",implemented_local,src/moneytree/factors/classic.py,GTJA Alpha128 implemented in Python with cross-sectional rank/scale (grouped by trade date).,moneytree.factors.classic.build_alpha191_features,"Ported from the wu-alpha191-alpha101 reference repository with cross-sectional rank/scale semantics. The DolphinDB external path remains an alternative generation route with different SMA, DECAYLINEAR, suspension, limit-hit, and missing-value semantics; compare outputs before production use."
alpha191,alpha191_129,classic_formula,191,"open, high, low, close, volume, vwap, returns, amount, turnover_rate",implemented_local,src/moneytree/factors/classic.py,GTJA Alpha129 implemented in Python with cross-sectional rank/scale (grouped by trade date).,moneytree.factors.classic.build_alpha191_features,"Ported from the wu-alpha191-alpha101 reference repository with cross-sectional rank/scale semantics. The DolphinDB external path remains an alternative generation route with different SMA, DECAYLINEAR, suspension, limit-hit, and missing-value semantics; compare outputs before production use."
alpha191,alpha191_130,classic_formula,191,"open, high, low, close, volume, vwap, returns, amount, turnover_rate",implemented_local,src/moneytree/factors/classic.py,GTJA Alpha130 implemented in Python with cross-sectional rank/scale (grouped by trade date).,moneytree.factors.classic.build_alpha191_features,"Ported from the wu-alpha191-alpha101 reference repository with cross-sectional rank/scale semantics. The DolphinDB external path remains an alternative generation route with different SMA, DECAYLINEAR, suspension, limit-hit, and missing-value semantics; compare outputs before production use."
alpha191,alpha191_131,classic_formula,191,"open, high, low, close, volume, vwap, returns, amount, turnover_rate",implemented_local,src/moneytree/factors/classic.py,GTJA Alpha131 implemented in Python with cross-sectional rank/scale (grouped by trade date).,moneytree.factors.classic.build_alpha191_features,"Ported from the wu-alpha191-alpha101 reference repository with cross-sectional rank/scale semantics. The DolphinDB external path remains an alternative generation route with different SMA, DECAYLINEAR, suspension, limit-hit, and missing-value semantics; compare outputs before production use."
alpha191,alpha191_132,classic_formula,191,"open, high, low, close, volume, vwap, returns, amount, turnover_rate",implemented_local,src/moneytree/factors/classic.py,GTJA Alpha132 implemented in Python with cross-sectional rank/scale (grouped by trade date).,moneytree.factors.classic.build_alpha191_features,"Ported from the wu-alpha191-alpha101 reference repository with cross-sectional rank/scale semantics. The DolphinDB external path remains an alternative generation route with different SMA, DECAYLINEAR, suspension, limit-hit, and missing-value semantics; compare outputs before production use."
alpha191,alpha191_133,classic_formula,191,"open, high, low, close, volume, vwap, returns, amount, turnover_rate",implemented_local,src/moneytree/factors/classic.py,GTJA Alpha133 implemented in Python with cross-sectional rank/scale (grouped by trade date).,moneytree.factors.classic.build_alpha191_features,"Ported from the wu-alpha191-alpha101 reference repository with cross-sectional rank/scale semantics. The DolphinDB external path remains an alternative generation route with different SMA, DECAYLINEAR, suspension, limit-hit, and missing-value semantics; compare outputs before production use."
alpha191,alpha191_134,classic_formula,191,"open, high, low, close, volume, vwap, returns, amount, turnover_rate",implemented_local,src/moneytree/factors/classic.py,GTJA Alpha134 implemented in Python with cross-sectional rank/scale (grouped by trade date).,moneytree.factors.classic.build_alpha191_features,"Ported from the wu-alpha191-alpha101 reference repository with cross-sectional rank/scale semantics. The DolphinDB external path remains an alternative generation route with different SMA, DECAYLINEAR, suspension, limit-hit, and missing-value semantics; compare outputs before production use."
alpha191,alpha191_135,classic_formula,191,"open, high, low, close, volume, vwap, returns, amount, turnover_rate",implemented_local,src/moneytree/factors/classic.py,GTJA Alpha135 implemented in Python with cross-sectional rank/scale (grouped by trade date).,moneytree.factors.classic.build_alpha191_features,"Ported from the wu-alpha191-alpha101 reference repository with cross-sectional rank/scale semantics. The DolphinDB external path remains an alternative generation route with different SMA, DECAYLINEAR, suspension, limit-hit, and missing-value semantics; compare outputs before production use."
alpha191,alpha191_136,classic_formula,191,"open, high, low, close, volume, vwap, returns, amount, turnover_rate",implemented_local,src/moneytree/factors/classic.py,GTJA Alpha136 implemented in Python with cross-sectional rank/scale (grouped by trade date).,moneytree.factors.classic.build_alpha191_features,"Ported from the wu-alpha191-alpha101 reference repository with cross-sectional rank/scale semantics. The DolphinDB external path remains an alternative generation route with different SMA, DECAYLINEAR, suspension, limit-hit, and missing-value semantics; compare outputs before production use."
alpha191,alpha191_137,classic_formula,191,"open, high, low, close, volume, vwap, returns, amount, turnover_rate",implemented_local,src/moneytree/factors/classic.py,GTJA Alpha137 implemented in Python with cross-sectional rank/scale (grouped by trade date).,moneytree.factors.classic.build_alpha191_features,"Ported from the wu-alpha191-alpha101 reference repository with cross-sectional rank/scale semantics. The DolphinDB external path remains an alternative generation route with different SMA, DECAYLINEAR, suspension, limit-hit, and missing-value semantics; compare outputs before production use."
alpha191,alpha191_138,classic_formula,191,"open, high, low, close, volume, vwap, returns, amount, turnover_rate",implemented_local,src/moneytree/factors/classic.py,GTJA Alpha138 implemented in Python with cross-sectional rank/scale (grouped by trade date).,moneytree.factors.classic.build_alpha191_features,"Ported from the wu-alpha191-alpha101 reference repository with cross-sectional rank/scale semantics. The DolphinDB external path remains an alternative generation route with different SMA, DECAYLINEAR, suspension, limit-hit, and missing-value semantics; compare outputs before production use."
alpha191,alpha191_139,classic_formula,191,"open, high, low, close, volume, vwap, returns, amount, turnover_rate",implemented_local,src/moneytree/factors/classic.py,GTJA Alpha139 implemented in Python with cross-sectional rank/scale (grouped by trade date).,moneytree.factors.classic.build_alpha191_features,"Ported from the wu-alpha191-alpha101 reference repository with cross-sectional rank/scale semantics. The DolphinDB external path remains an alternative generation route with different SMA, DECAYLINEAR, suspension, limit-hit, and missing-value semantics; compare outputs before production use."
alpha191,alpha191_140,classic_formula,191,"open, high, low, close, volume, vwap, returns, amount, turnover_rate",implemented_local,src/moneytree/factors/classic.py,GTJA Alpha140 implemented in Python with cross-sectional rank/scale (grouped by trade date).,moneytree.factors.classic.build_alpha191_features,"Ported from the wu-alpha191-alpha101 reference repository with cross-sectional rank/scale semantics. The DolphinDB external path remains an alternative generation route with different SMA, DECAYLINEAR, suspension, limit-hit, and missing-value semantics; compare outputs before production use."
alpha191,alpha191_141,classic_formula,191,"open, high, low, close, volume, vwap, returns, amount, turnover_rate",implemented_local,src/moneytree/factors/classic.py,GTJA Alpha141 implemented in Python with cross-sectional rank/scale (grouped by trade date).,moneytree.factors.classic.build_alpha191_features,"Ported from the wu-alpha191-alpha101 reference repository with cross-sectional rank/scale semantics. The DolphinDB external path remains an alternative generation route with different SMA, DECAYLINEAR, suspension, limit-hit, and missing-value semantics; compare outputs before production use."
alpha191,alpha191_142,classic_formula,191,"open, high, low, close, volume, vwap, returns, amount, turnover_rate",implemented_local,src/moneytree/factors/classic.py,GTJA Alpha142 implemented in Python with cross-sectional rank/scale (grouped by trade date).,moneytree.factors.classic.build_alpha191_features,"Ported from the wu-alpha191-alpha101 reference repository with cross-sectional rank/scale semantics. The DolphinDB external path remains an alternative generation route with different SMA, DECAYLINEAR, suspension, limit-hit, and missing-value semantics; compare outputs before production use."
alpha191,alpha191_143,classic_formula,191,"open, high, low, close, volume, vwap, returns, amount, turnover_rate",implemented_local,src/moneytree/factors/classic.py,GTJA Alpha143 implemented in Python with cross-sectional rank/scale (grouped by trade date).,moneytree.factors.classic.build_alpha191_features,"Ported from the wu-alpha191-alpha101 reference repository with cross-sectional rank/scale semantics. The DolphinDB external path remains an alternative generation route with different SMA, DECAYLINEAR, suspension, limit-hit, and missing-value semantics; compare outputs before production use."
alpha191,alpha191_144,classic_formula,191,"open, high, low, close, volume, vwap, returns, amount, turnover_rate",implemented_local,src/moneytree/factors/classic.py,GTJA Alpha144 implemented in Python with cross-sectional rank/scale (grouped by trade date).,moneytree.factors.classic.build_alpha191_features,"Ported from the wu-alpha191-alpha101 reference repository with cross-sectional rank/scale semantics. The DolphinDB external path remains an alternative generation route with different SMA, DECAYLINEAR, suspension, limit-hit, and missing-value semantics; compare outputs before production use."
alpha191,alpha191_145,classic_formula,191,"open, high, low, close, volume, vwap, returns, amount, turnover_rate",implemented_local,src/moneytree/factors/classic.py,GTJA Alpha145 implemented in Python with cross-sectional rank/scale (grouped by trade date).,moneytree.factors.classic.build_alpha191_features,"Ported from the wu-alpha191-alpha101 reference repository with cross-sectional rank/scale semantics. The DolphinDB external path remains an alternative generation route with different SMA, DECAYLINEAR, suspension, limit-hit, and missing-value semantics; compare outputs before production use."
alpha191,alpha191_146,classic_formula,191,"open, high, low, close, volume, vwap, returns, amount, turnover_rate",implemented_local,src/moneytree/factors/classic.py,GTJA Alpha146 implemented in Python with cross-sectional rank/scale (grouped by trade date).,moneytree.factors.classic.build_alpha191_features,"Ported from the wu-alpha191-alpha101 reference repository with cross-sectional rank/scale semantics. The DolphinDB external path remains an alternative generation route with different SMA, DECAYLINEAR, suspension, limit-hit, and missing-value semantics; compare outputs before production use."
alpha191,alpha191_147,classic_formula,191,"open, high, low, close, volume, vwap, returns, amount, turnover_rate",implemented_local,src/moneytree/factors/classic.py,GTJA Alpha147 implemented in Python with cross-sectional rank/scale (grouped by trade date).,moneytree.factors.classic.build_alpha191_features,"Ported from the wu-alpha191-alpha101 reference repository with cross-sectional rank/scale semantics. The DolphinDB external path remains an alternative generation route with different SMA, DECAYLINEAR, suspension, limit-hit, and missing-value semantics; compare outputs before production use."
alpha191,alpha191_148,classic_formula,191,"open, high, low, close, volume, vwap, returns, amount, turnover_rate",implemented_local,src/moneytree/factors/classic.py,GTJA Alpha148 implemented in Python with cross-sectional rank/scale (grouped by trade date).,moneytree.factors.classic.build_alpha191_features,"Ported from the wu-alpha191-alpha101 reference repository with cross-sectional rank/scale semantics. The DolphinDB external path remains an alternative generation route with different SMA, DECAYLINEAR, suspension, limit-hit, and missing-value semantics; compare outputs before production use."
alpha191,alpha191_149,classic_formula,191,"open, high, low, close, volume, vwap, returns, amount, turnover_rate",implemented_local,src/moneytree/factors/classic.py,GTJA Alpha149 implemented in Python with cross-sectional rank/scale (grouped by trade date).,moneytree.factors.classic.build_alpha191_features,"Ported from the wu-alpha191-alpha101 reference repository with cross-sectional rank/scale semantics. The DolphinDB external path remains an alternative generation route with different SMA, DECAYLINEAR, suspension, limit-hit, and missing-value semantics; compare outputs before production use."
alpha191,alpha191_150,classic_formula,191,"open, high, low, close, volume, vwap, returns, amount, turnover_rate",implemented_local,src/moneytree/factors/classic.py,GTJA Alpha150 implemented in Python with cross-sectional rank/scale (grouped by trade date).,moneytree.factors.classic.build_alpha191_features,"Ported from the wu-alpha191-alpha101 reference repository with cross-sectional rank/scale semantics. The DolphinDB external path remains an alternative generation route with different SMA, DECAYLINEAR, suspension, limit-hit, and missing-value semantics; compare outputs before production use."
alpha191,alpha191_151,classic_formula,191,"open, high, low, close, volume, vwap, returns, amount, turnover_rate",implemented_local,src/moneytree/factors/classic.py,GTJA Alpha151 implemented in Python with cross-sectional rank/scale (grouped by trade date).,moneytree.factors.classic.build_alpha191_features,"Ported from the wu-alpha191-alpha101 reference repository with cross-sectional rank/scale semantics. The DolphinDB external path remains an alternative generation route with different SMA, DECAYLINEAR, suspension, limit-hit, and missing-value semantics; compare outputs before production use."
alpha191,alpha191_152,classic_formula,191,"open, high, low, close, volume, vwap, returns, amount, turnover_rate",implemented_local,src/moneytree/factors/classic.py,GTJA Alpha152 implemented in Python with cross-sectional rank/scale (grouped by trade date).,moneytree.factors.classic.build_alpha191_features,"Ported from the wu-alpha191-alpha101 reference repository with cross-sectional rank/scale semantics. The DolphinDB external path remains an alternative generation route with different SMA, DECAYLINEAR, suspension, limit-hit, and missing-value semantics; compare outputs before production use."
alpha191,alpha191_153,classic_formula,191,"open, high, low, close, volume, vwap, returns, amount, turnover_rate",implemented_local,src/moneytree/factors/classic.py,GTJA Alpha153 implemented in Python with cross-sectional rank/scale (grouped by trade date).,moneytree.factors.classic.build_alpha191_features,"Ported from the wu-alpha191-alpha101 reference repository with cross-sectional rank/scale semantics. The DolphinDB external path remains an alternative generation route with different SMA, DECAYLINEAR, suspension, limit-hit, and missing-value semantics; compare outputs before production use."
alpha191,alpha191_154,classic_formula,191,"open, high, low, close, volume, vwap, returns, amount, turnover_rate",implemented_local,src/moneytree/factors/classic.py,GTJA Alpha154 implemented in Python with cross-sectional rank/scale (grouped by trade date).,moneytree.factors.classic.build_alpha191_features,"Ported from the wu-alpha191-alpha101 reference repository with cross-sectional rank/scale semantics. The DolphinDB external path remains an alternative generation route with different SMA, DECAYLINEAR, suspension, limit-hit, and missing-value semantics; compare outputs before production use."
alpha191,alpha191_155,classic_formula,191,"open, high, low, close, volume, vwap, returns, amount, turnover_rate",implemented_local,src/moneytree/factors/classic.py,GTJA Alpha155 implemented in Python with cross-sectional rank/scale (grouped by trade date).,moneytree.factors.classic.build_alpha191_features,"Ported from the wu-alpha191-alpha101 reference repository with cross-sectional rank/scale semantics. The DolphinDB external path remains an alternative generation route with different SMA, DECAYLINEAR, suspension, limit-hit, and missing-value semantics; compare outputs before production use."
alpha191,alpha191_156,classic_formula,191,"open, high, low, close, volume, vwap, returns, amount, turnover_rate",implemented_local,src/moneytree/factors/classic.py,GTJA Alpha156 implemented in Python with cross-sectional rank/scale (grouped by trade date).,moneytree.factors.classic.build_alpha191_features,"Ported from the wu-alpha191-alpha101 reference repository with cross-sectional rank/scale semantics. The DolphinDB external path remains an alternative generation route with different SMA, DECAYLINEAR, suspension, limit-hit, and missing-value semantics; compare outputs before production use."
alpha191,alpha191_157,classic_formula,191,"open, high, low, close, volume, vwap, returns, amount, turnover_rate",implemented_local,src/moneytree/factors/classic.py,GTJA Alpha157 implemented in Python with cross-sectional rank/scale (grouped by trade date).,moneytree.factors.classic.build_alpha191_features,"Ported from the wu-alpha191-alpha101 reference repository with cross-sectional rank/scale semantics. The DolphinDB external path remains an alternative generation route with different SMA, DECAYLINEAR, suspension, limit-hit, and missing-value semantics; compare outputs before production use."
alpha191,alpha191_158,classic_formula,191,"open, high, low, close, volume, vwap, returns, amount, turnover_rate",implemented_local,src/moneytree/factors/classic.py,GTJA Alpha158 implemented in Python with cross-sectional rank/scale (grouped by trade date).,moneytree.factors.classic.build_alpha191_features,"Ported from the wu-alpha191-alpha101 reference repository with cross-sectional rank/scale semantics. The DolphinDB external path remains an alternative generation route with different SMA, DECAYLINEAR, suspension, limit-hit, and missing-value semantics; compare outputs before production use."
alpha191,alpha191_159,classic_formula,191,"open, high, low, close, volume, vwap, returns, amount, turnover_rate",implemented_local,src/moneytree/factors/classic.py,GTJA Alpha159 implemented in Python with cross-sectional rank/scale (grouped by trade date).,moneytree.factors.classic.build_alpha191_features,"Ported from the wu-alpha191-alpha101 reference repository with cross-sectional rank/scale semantics. The DolphinDB external path remains an alternative generation route with different SMA, DECAYLINEAR, suspension, limit-hit, and missing-value semantics; compare outputs before production use."
alpha191,alpha191_160,classic_formula,191,"open, high, low, close, volume, vwap, returns, amount, turnover_rate",implemented_local,src/moneytree/factors/classic.py,GTJA Alpha160 implemented in Python with cross-sectional rank/scale (grouped by trade date).,moneytree.factors.classic.build_alpha191_features,"Ported from the wu-alpha191-alpha101 reference repository with cross-sectional rank/scale semantics. The DolphinDB external path remains an alternative generation route with different SMA, DECAYLINEAR, suspension, limit-hit, and missing-value semantics; compare outputs before production use."
alpha191,alpha191_161,classic_formula,191,"open, high, low, close, volume, vwap, returns, amount, turnover_rate",implemented_local,src/moneytree/factors/classic.py,GTJA Alpha161 implemented in Python with cross-sectional rank/scale (grouped by trade date).,moneytree.factors.classic.build_alpha191_features,"Ported from the wu-alpha191-alpha101 reference repository with cross-sectional rank/scale semantics. The DolphinDB external path remains an alternative generation route with different SMA, DECAYLINEAR, suspension, limit-hit, and missing-value semantics; compare outputs before production use."
alpha191,alpha191_162,classic_formula,191,"open, high, low, close, volume, vwap, returns, amount, turnover_rate",implemented_local,src/moneytree/factors/classic.py,GTJA Alpha162 implemented in Python with cross-sectional rank/scale (grouped by trade date).,moneytree.factors.classic.build_alpha191_features,"Ported from the wu-alpha191-alpha101 reference repository with cross-sectional rank/scale semantics. The DolphinDB external path remains an alternative generation route with different SMA, DECAYLINEAR, suspension, limit-hit, and missing-value semantics; compare outputs before production use."
alpha191,alpha191_163,classic_formula,191,"open, high, low, close, volume, vwap, returns, amount, turnover_rate",implemented_local,src/moneytree/factors/classic.py,GTJA Alpha163 implemented in Python with cross-sectional rank/scale (grouped by trade date).,moneytree.factors.classic.build_alpha191_features,"Ported from the wu-alpha191-alpha101 reference repository with cross-sectional rank/scale semantics. The DolphinDB external path remains an alternative generation route with different SMA, DECAYLINEAR, suspension, limit-hit, and missing-value semantics; compare outputs before production use."
alpha191,alpha191_164,classic_formula,191,"open, high, low, close, volume, vwap, returns, amount, turnover_rate",implemented_local,src/moneytree/factors/classic.py,GTJA Alpha164 implemented in Python with cross-sectional rank/scale (grouped by trade date).,moneytree.factors.classic.build_alpha191_features,"Ported from the wu-alpha191-alpha101 reference repository with cross-sectional rank/scale semantics. The DolphinDB external path remains an alternative generation route with different SMA, DECAYLINEAR, suspension, limit-hit, and missing-value semantics; compare outputs before production use."
alpha191,alpha191_165,classic_formula,191,"open, high, low, close, volume, vwap, returns, amount, turnover_rate",implemented_local,src/moneytree/factors/classic.py,GTJA Alpha165 implemented in Python with cross-sectional rank/scale (grouped by trade date).,moneytree.factors.classic.build_alpha191_features,"Ported from the wu-alpha191-alpha101 reference repository with cross-sectional rank/scale semantics. The DolphinDB external path remains an alternative generation route with different SMA, DECAYLINEAR, suspension, limit-hit, and missing-value semantics; compare outputs before production use."
alpha191,alpha191_166,classic_formula,191,"open, high, low, close, volume, vwap, returns, amount, turnover_rate",implemented_local,src/moneytree/factors/classic.py,GTJA Alpha166 implemented in Python with cross-sectional rank/scale (grouped by trade date).,moneytree.factors.classic.build_alpha191_features,"Ported from the wu-alpha191-alpha101 reference repository with cross-sectional rank/scale semantics. The DolphinDB external path remains an alternative generation route with different SMA, DECAYLINEAR, suspension, limit-hit, and missing-value semantics; compare outputs before production use."
alpha191,alpha191_167,classic_formula,191,"open, high, low, close, volume, vwap, returns, amount, turnover_rate",implemented_local,src/moneytree/factors/classic.py,GTJA Alpha167 implemented in Python with cross-sectional rank/scale (grouped by trade date).,moneytree.factors.classic.build_alpha191_features,"Ported from the wu-alpha191-alpha101 reference repository with cross-sectional rank/scale semantics. The DolphinDB external path remains an alternative generation route with different SMA, DECAYLINEAR, suspension, limit-hit, and missing-value semantics; compare outputs before production use."
alpha191,alpha191_168,classic_formula,191,"open, high, low, close, volume, vwap, returns, amount, turnover_rate",implemented_local,src/moneytree/factors/classic.py,GTJA Alpha168 implemented in Python with cross-sectional rank/scale (grouped by trade date).,moneytree.factors.classic.build_alpha191_features,"Ported from the wu-alpha191-alpha101 reference repository with cross-sectional rank/scale semantics. The DolphinDB external path remains an alternative generation route with different SMA, DECAYLINEAR, suspension, limit-hit, and missing-value semantics; compare outputs before production use."
alpha191,alpha191_169,classic_formula,191,"open, high, low, close, volume, vwap, returns, amount, turnover_rate",implemented_local,src/moneytree/factors/classic.py,GTJA Alpha169 implemented in Python with cross-sectional rank/scale (grouped by trade date).,moneytree.factors.classic.build_alpha191_features,"Ported from the wu-alpha191-alpha101 reference repository with cross-sectional rank/scale semantics. The DolphinDB external path remains an alternative generation route with different SMA, DECAYLINEAR, suspension, limit-hit, and missing-value semantics; compare outputs before production use."
alpha191,alpha191_170,classic_formula,191,"open, high, low, close, volume, vwap, returns, amount, turnover_rate",implemented_local,src/moneytree/factors/classic.py,GTJA Alpha170 implemented in Python with cross-sectional rank/scale (grouped by trade date).,moneytree.factors.classic.build_alpha191_features,"Ported from the wu-alpha191-alpha101 reference repository with cross-sectional rank/scale semantics. The DolphinDB external path remains an alternative generation route with different SMA, DECAYLINEAR, suspension, limit-hit, and missing-value semantics; compare outputs before production use."
alpha191,alpha191_171,classic_formula,191,"open, high, low, close, volume, vwap, returns, amount, turnover_rate",implemented_local,src/moneytree/factors/classic.py,GTJA Alpha171 implemented in Python with cross-sectional rank/scale (grouped by trade date).,moneytree.factors.classic.build_alpha191_features,"Ported from the wu-alpha191-alpha101 reference repository with cross-sectional rank/scale semantics. The DolphinDB external path remains an alternative generation route with different SMA, DECAYLINEAR, suspension, limit-hit, and missing-value semantics; compare outputs before production use."
alpha191,alpha191_172,classic_formula,191,"open, high, low, close, volume, vwap, returns, amount, turnover_rate",implemented_local,src/moneytree/factors/classic.py,GTJA Alpha172 implemented in Python with cross-sectional rank/scale (grouped by trade date).,moneytree.factors.classic.build_alpha191_features,"Ported from the wu-alpha191-alpha101 reference repository with cross-sectional rank/scale semantics. The DolphinDB external path remains an alternative generation route with different SMA, DECAYLINEAR, suspension, limit-hit, and missing-value semantics; compare outputs before production use."
alpha191,alpha191_173,classic_formula,191,"open, high, low, close, volume, vwap, returns, amount, turnover_rate",implemented_local,src/moneytree/factors/classic.py,GTJA Alpha173 implemented in Python with cross-sectional rank/scale (grouped by trade date).,moneytree.factors.classic.build_alpha191_features,"Ported from the wu-alpha191-alpha101 reference repository with cross-sectional rank/scale semantics. The DolphinDB external path remains an alternative generation route with different SMA, DECAYLINEAR, suspension, limit-hit, and missing-value semantics; compare outputs before production use."
alpha191,alpha191_174,classic_formula,191,"open, high, low, close, volume, vwap, returns, amount, turnover_rate",implemented_local,src/moneytree/factors/classic.py,GTJA Alpha174 implemented in Python with cross-sectional rank/scale (grouped by trade date).,moneytree.factors.classic.build_alpha191_features,"Ported from the wu-alpha191-alpha101 reference repository with cross-sectional rank/scale semantics. The DolphinDB external path remains an alternative generation route with different SMA, DECAYLINEAR, suspension, limit-hit, and missing-value semantics; compare outputs before production use."
alpha191,alpha191_175,classic_formula,191,"open, high, low, close, volume, vwap, returns, amount, turnover_rate",implemented_local,src/moneytree/factors/classic.py,GTJA Alpha175 implemented in Python with cross-sectional rank/scale (grouped by trade date).,moneytree.factors.classic.build_alpha191_features,"Ported from the wu-alpha191-alpha101 reference repository with cross-sectional rank/scale semantics. The DolphinDB external path remains an alternative generation route with different SMA, DECAYLINEAR, suspension, limit-hit, and missing-value semantics; compare outputs before production use."
alpha191,alpha191_176,classic_formula,191,"open, high, low, close, volume, vwap, returns, amount, turnover_rate",implemented_local,src/moneytree/factors/classic.py,GTJA Alpha176 implemented in Python with cross-sectional rank/scale (grouped by trade date).,moneytree.factors.classic.build_alpha191_features,"Ported from the wu-alpha191-alpha101 reference repository with cross-sectional rank/scale semantics. The DolphinDB external path remains an alternative generation route with different SMA, DECAYLINEAR, suspension, limit-hit, and missing-value semantics; compare outputs before production use."
alpha191,alpha191_177,classic_formula,191,"open, high, low, close, volume, vwap, returns, amount, turnover_rate",implemented_local,src/moneytree/factors/classic.py,GTJA Alpha177 implemented in Python with cross-sectional rank/scale (grouped by trade date).,moneytree.factors.classic.build_alpha191_features,"Ported from the wu-alpha191-alpha101 reference repository with cross-sectional rank/scale semantics. The DolphinDB external path remains an alternative generation route with different SMA, DECAYLINEAR, suspension, limit-hit, and missing-value semantics; compare outputs before production use."
alpha191,alpha191_178,classic_formula,191,"open, high, low, close, volume, vwap, returns, amount, turnover_rate",implemented_local,src/moneytree/factors/classic.py,GTJA Alpha178 implemented in Python with cross-sectional rank/scale (grouped by trade date).,moneytree.factors.classic.build_alpha191_features,"Ported from the wu-alpha191-alpha101 reference repository with cross-sectional rank/scale semantics. The DolphinDB external path remains an alternative generation route with different SMA, DECAYLINEAR, suspension, limit-hit, and missing-value semantics; compare outputs before production use."
alpha191,alpha191_179,classic_formula,191,"open, high, low, close, volume, vwap, returns, amount, turnover_rate",implemented_local,src/moneytree/factors/classic.py,GTJA Alpha179 implemented in Python with cross-sectional rank/scale (grouped by trade date).,moneytree.factors.classic.build_alpha191_features,"Ported from the wu-alpha191-alpha101 reference repository with cross-sectional rank/scale semantics. The DolphinDB external path remains an alternative generation route with different SMA, DECAYLINEAR, suspension, limit-hit, and missing-value semantics; compare outputs before production use."
alpha191,alpha191_180,classic_formula,191,"open, high, low, close, volume, vwap, returns, amount, turnover_rate",implemented_local,src/moneytree/factors/classic.py,GTJA Alpha180 implemented in Python with cross-sectional rank/scale (grouped by trade date).,moneytree.factors.classic.build_alpha191_features,"Ported from the wu-alpha191-alpha101 reference repository with cross-sectional rank/scale semantics. The DolphinDB external path remains an alternative generation route with different SMA, DECAYLINEAR, suspension, limit-hit, and missing-value semantics; compare outputs before production use."
alpha191,alpha191_181,classic_formula,191,"open, high, low, close, volume, vwap, returns, amount, turnover_rate",implemented_local,src/moneytree/factors/classic.py,GTJA Alpha181 implemented in Python with cross-sectional rank/scale (grouped by trade date).,moneytree.factors.classic.build_alpha191_features,"Ported from the wu-alpha191-alpha101 reference repository with cross-sectional rank/scale semantics. The DolphinDB external path remains an alternative generation route with different SMA, DECAYLINEAR, suspension, limit-hit, and missing-value semantics; compare outputs before production use."
alpha191,alpha191_182,classic_formula,191,"open, high, low, close, volume, vwap, returns, amount, turnover_rate",implemented_local,src/moneytree/factors/classic.py,GTJA Alpha182 implemented in Python with cross-sectional rank/scale (grouped by trade date).,moneytree.factors.classic.build_alpha191_features,"Ported from the wu-alpha191-alpha101 reference repository with cross-sectional rank/scale semantics. The DolphinDB external path remains an alternative generation route with different SMA, DECAYLINEAR, suspension, limit-hit, and missing-value semantics; compare outputs before production use."
alpha191,alpha191_183,classic_formula,191,"open, high, low, close, volume, vwap, returns, amount, turnover_rate",implemented_local,src/moneytree/factors/classic.py,GTJA Alpha183 implemented in Python with cross-sectional rank/scale (grouped by trade date).,moneytree.factors.classic.build_alpha191_features,"Ported from the wu-alpha191-alpha101 reference repository with cross-sectional rank/scale semantics. The DolphinDB external path remains an alternative generation route with different SMA, DECAYLINEAR, suspension, limit-hit, and missing-value semantics; compare outputs before production use."
alpha191,alpha191_184,classic_formula,191,"open, high, low, close, volume, vwap, returns, amount, turnover_rate",implemented_local,src/moneytree/factors/classic.py,GTJA Alpha184 implemented in Python with cross-sectional rank/scale (grouped by trade date).,moneytree.factors.classic.build_alpha191_features,"Ported from the wu-alpha191-alpha101 reference repository with cross-sectional rank/scale semantics. The DolphinDB external path remains an alternative generation route with different SMA, DECAYLINEAR, suspension, limit-hit, and missing-value semantics; compare outputs before production use."
alpha191,alpha191_185,classic_formula,191,"open, high, low, close, volume, vwap, returns, amount, turnover_rate",implemented_local,src/moneytree/factors/classic.py,GTJA Alpha185 implemented in Python with cross-sectional rank/scale (grouped by trade date).,moneytree.factors.classic.build_alpha191_features,"Ported from the wu-alpha191-alpha101 reference repository with cross-sectional rank/scale semantics. The DolphinDB external path remains an alternative generation route with different SMA, DECAYLINEAR, suspension, limit-hit, and missing-value semantics; compare outputs before production use."
alpha191,alpha191_186,classic_formula,191,"open, high, low, close, volume, vwap, returns, amount, turnover_rate",implemented_local,src/moneytree/factors/classic.py,GTJA Alpha186 implemented in Python with cross-sectional rank/scale (grouped by trade date).,moneytree.factors.classic.build_alpha191_features,"Ported from the wu-alpha191-alpha101 reference repository with cross-sectional rank/scale semantics. The DolphinDB external path remains an alternative generation route with different SMA, DECAYLINEAR, suspension, limit-hit, and missing-value semantics; compare outputs before production use."
alpha191,alpha191_187,classic_formula,191,"open, high, low, close, volume, vwap, returns, amount, turnover_rate",implemented_local,src/moneytree/factors/classic.py,GTJA Alpha187 implemented in Python with cross-sectional rank/scale (grouped by trade date).,moneytree.factors.classic.build_alpha191_features,"Ported from the wu-alpha191-alpha101 reference repository with cross-sectional rank/scale semantics. The DolphinDB external path remains an alternative generation route with different SMA, DECAYLINEAR, suspension, limit-hit, and missing-value semantics; compare outputs before production use."
alpha191,alpha191_188,classic_formula,191,"open, high, low, close, volume, vwap, returns, amount, turnover_rate",implemented_local,src/moneytree/factors/classic.py,GTJA Alpha188 implemented in Python with cross-sectional rank/scale (grouped by trade date).,moneytree.factors.classic.build_alpha191_features,"Ported from the wu-alpha191-alpha101 reference repository with cross-sectional rank/scale semantics. The DolphinDB external path remains an alternative generation route with different SMA, DECAYLINEAR, suspension, limit-hit, and missing-value semantics; compare outputs before production use."
alpha191,alpha191_189,classic_formula,191,"open, high, low, close, volume, vwap, returns, amount, turnover_rate",implemented_local,src/moneytree/factors/classic.py,GTJA Alpha189 implemented in Python with cross-sectional rank/scale (grouped by trade date).,moneytree.factors.classic.build_alpha191_features,"Ported from the wu-alpha191-alpha101 reference repository with cross-sectional rank/scale semantics. The DolphinDB external path remains an alternative generation route with different SMA, DECAYLINEAR, suspension, limit-hit, and missing-value semantics; compare outputs before production use."
alpha191,alpha191_190,classic_formula,191,"open, high, low, close, volume, vwap, returns, amount, turnover_rate",implemented_local,src/moneytree/factors/classic.py,GTJA Alpha190 implemented in Python with cross-sectional rank/scale (grouped by trade date).,moneytree.factors.classic.build_alpha191_features,"Ported from the wu-alpha191-alpha101 reference repository with cross-sectional rank/scale semantics. The DolphinDB external path remains an alternative generation route with different SMA, DECAYLINEAR, suspension, limit-hit, and missing-value semantics; compare outputs before production use."
alpha191,alpha191_191,classic_formula,191,"open, high, low, close, volume, vwap, returns, amount, turnover_rate",implemented_local,src/moneytree/factors/classic.py,GTJA Alpha191 implemented in Python with cross-sectional rank/scale (grouped by trade date).,moneytree.factors.classic.build_alpha191_features,"Ported from the wu-alpha191-alpha101 reference repository with cross-sectional rank/scale semantics. The DolphinDB external path remains an alternative generation route with different SMA, DECAYLINEAR, suspension, limit-hit, and missing-value semantics; compare outputs before production use."
alpha158,alpha158_kmid,candlestick,158,"open, close",implemented_local,src/moneytree/factors/qlib.py,(close - open) / open,moneytree.factors.qlib.build_alpha158_features,Daily body return.
alpha158,alpha158_klen,candlestick,158,"open, high, low",implemented_local,src/moneytree/factors/qlib.py,(high - low) / open,moneytree.factors.qlib.build_alpha158_features,Daily range normalized by open.
alpha158,alpha158_kmid2,candlestick,158,"open, high, low, close",implemented_local,src/moneytree/factors/qlib.py,(close - open) / (high - low),moneytree.factors.qlib.build_alpha158_features,Daily body normalized by high-low range.
alpha158,alpha158_kup,candlestick,158,"open, high, close",implemented_local,src/moneytree/factors/qlib.py,"(high - max(open, close)) / open",moneytree.factors.qlib.build_alpha158_features,Upper shadow normalized by open.
alpha158,alpha158_kup2,candlestick,158,"open, high, low, close",implemented_local,src/moneytree/factors/qlib.py,"(high - max(open, close)) / (high - low)",moneytree.factors.qlib.build_alpha158_features,Upper shadow normalized by high-low range.
alpha158,alpha158_klow,candlestick,158,"open, low, close",implemented_local,src/moneytree/factors/qlib.py,"(min(open, close) - low) / open",moneytree.factors.qlib.build_alpha158_features,Lower shadow normalized by open.
alpha158,alpha158_klow2,candlestick,158,"open, high, low, close",implemented_local,src/moneytree/factors/qlib.py,"(min(open, close) - low) / (high - low)",moneytree.factors.qlib.build_alpha158_features,Lower shadow normalized by high-low range.
alpha158,alpha158_ksft,candlestick,158,"open, high, low, close",implemented_local,src/moneytree/factors/qlib.py,(2 * close - high - low) / open,moneytree.factors.qlib.build_alpha158_features,"Close location relative to daily range, normalized by open."
alpha158,alpha158_ksft2,candlestick,158,"high, low, close",implemented_local,src/moneytree/factors/qlib.py,(2 * close - high - low) / (high - low),moneytree.factors.qlib.build_alpha158_features,Close location relative to daily range.
alpha158,alpha158_open_lag00_rel_close,price_lag,158,"open, close",implemented_local,src/moneytree/factors/qlib.py,"shift(open, 0) / current_close - 1",moneytree.factors.qlib.build_alpha158_features,Price-like fields use adjusted columns when adjusted=True.
alpha158,alpha158_open_lag01_rel_close,price_lag,158,"open, close",implemented_local,src/moneytree/factors/qlib.py,"shift(open, 1) / current_close - 1",moneytree.factors.qlib.build_alpha158_features,Price-like fields use adjusted columns when adjusted=True.
alpha158,alpha158_open_lag02_rel_close,price_lag,158,"open, close",implemented_local,src/moneytree/factors/qlib.py,"shift(open, 2) / current_close - 1",moneytree.factors.qlib.build_alpha158_features,Price-like fields use adjusted columns when adjusted=True.
alpha158,alpha158_open_lag03_rel_close,price_lag,158,"open, close",implemented_local,src/moneytree/factors/qlib.py,"shift(open, 3) / current_close - 1",moneytree.factors.qlib.build_alpha158_features,Price-like fields use adjusted columns when adjusted=True.
alpha158,alpha158_open_lag04_rel_close,price_lag,158,"open, close",implemented_local,src/moneytree/factors/qlib.py,"shift(open, 4) / current_close - 1",moneytree.factors.qlib.build_alpha158_features,Price-like fields use adjusted columns when adjusted=True.
alpha158,alpha158_open_lag05_rel_close,price_lag,158,"open, close",implemented_local,src/moneytree/factors/qlib.py,"shift(open, 5) / current_close - 1",moneytree.factors.qlib.build_alpha158_features,Price-like fields use adjusted columns when adjusted=True.
alpha158,alpha158_open_lag06_rel_close,price_lag,158,"open, close",implemented_local,src/moneytree/factors/qlib.py,"shift(open, 6) / current_close - 1",moneytree.factors.qlib.build_alpha158_features,Price-like fields use adjusted columns when adjusted=True.
alpha158,alpha158_open_lag07_rel_close,price_lag,158,"open, close",implemented_local,src/moneytree/factors/qlib.py,"shift(open, 7) / current_close - 1",moneytree.factors.qlib.build_alpha158_features,Price-like fields use adjusted columns when adjusted=True.
alpha158,alpha158_open_lag08_rel_close,price_lag,158,"open, close",implemented_local,src/moneytree/factors/qlib.py,"shift(open, 8) / current_close - 1",moneytree.factors.qlib.build_alpha158_features,Price-like fields use adjusted columns when adjusted=True.
alpha158,alpha158_open_lag09_rel_close,price_lag,158,"open, close",implemented_local,src/moneytree/factors/qlib.py,"shift(open, 9) / current_close - 1",moneytree.factors.qlib.build_alpha158_features,Price-like fields use adjusted columns when adjusted=True.
alpha158,alpha158_open_lag10_rel_close,price_lag,158,"open, close",implemented_local,src/moneytree/factors/qlib.py,"shift(open, 10) / current_close - 1",moneytree.factors.qlib.build_alpha158_features,Price-like fields use adjusted columns when adjusted=True.
alpha158,alpha158_open_lag11_rel_close,price_lag,158,"open, close",implemented_local,src/moneytree/factors/qlib.py,"shift(open, 11) / current_close - 1",moneytree.factors.qlib.build_alpha158_features,Price-like fields use adjusted columns when adjusted=True.
alpha158,alpha158_open_lag12_rel_close,price_lag,158,"open, close",implemented_local,src/moneytree/factors/qlib.py,"shift(open, 12) / current_close - 1",moneytree.factors.qlib.build_alpha158_features,Price-like fields use adjusted columns when adjusted=True.
alpha158,alpha158_open_lag13_rel_close,price_lag,158,"open, close",implemented_local,src/moneytree/factors/qlib.py,"shift(open, 13) / current_close - 1",moneytree.factors.qlib.build_alpha158_features,Price-like fields use adjusted columns when adjusted=True.
alpha158,alpha158_open_lag14_rel_close,price_lag,158,"open, close",implemented_local,src/moneytree/factors/qlib.py,"shift(open, 14) / current_close - 1",moneytree.factors.qlib.build_alpha158_features,Price-like fields use adjusted columns when adjusted=True.
alpha158,alpha158_open_lag15_rel_close,price_lag,158,"open, close",implemented_local,src/moneytree/factors/qlib.py,"shift(open, 15) / current_close - 1",moneytree.factors.qlib.build_alpha158_features,Price-like fields use adjusted columns when adjusted=True.
alpha158,alpha158_open_lag16_rel_close,price_lag,158,"open, close",implemented_local,src/moneytree/factors/qlib.py,"shift(open, 16) / current_close - 1",moneytree.factors.qlib.build_alpha158_features,Price-like fields use adjusted columns when adjusted=True.
alpha158,alpha158_open_lag17_rel_close,price_lag,158,"open, close",implemented_local,src/moneytree/factors/qlib.py,"shift(open, 17) / current_close - 1",moneytree.factors.qlib.build_alpha158_features,Price-like fields use adjusted columns when adjusted=True.
alpha158,alpha158_open_lag18_rel_close,price_lag,158,"open, close",implemented_local,src/moneytree/factors/qlib.py,"shift(open, 18) / current_close - 1",moneytree.factors.qlib.build_alpha158_features,Price-like fields use adjusted columns when adjusted=True.
alpha158,alpha158_open_lag19_rel_close,price_lag,158,"open, close",implemented_local,src/moneytree/factors/qlib.py,"shift(open, 19) / current_close - 1",moneytree.factors.qlib.build_alpha158_features,Price-like fields use adjusted columns when adjusted=True.
alpha158,alpha158_high_lag00_rel_close,price_lag,158,"high, close",implemented_local,src/moneytree/factors/qlib.py,"shift(high, 0) / current_close - 1",moneytree.factors.qlib.build_alpha158_features,Price-like fields use adjusted columns when adjusted=True.
alpha158,alpha158_high_lag01_rel_close,price_lag,158,"high, close",implemented_local,src/moneytree/factors/qlib.py,"shift(high, 1) / current_close - 1",moneytree.factors.qlib.build_alpha158_features,Price-like fields use adjusted columns when adjusted=True.
alpha158,alpha158_high_lag02_rel_close,price_lag,158,"high, close",implemented_local,src/moneytree/factors/qlib.py,"shift(high, 2) / current_close - 1",moneytree.factors.qlib.build_alpha158_features,Price-like fields use adjusted columns when adjusted=True.
alpha158,alpha158_high_lag03_rel_close,price_lag,158,"high, close",implemented_local,src/moneytree/factors/qlib.py,"shift(high, 3) / current_close - 1",moneytree.factors.qlib.build_alpha158_features,Price-like fields use adjusted columns when adjusted=True.
alpha158,alpha158_high_lag04_rel_close,price_lag,158,"high, close",implemented_local,src/moneytree/factors/qlib.py,"shift(high, 4) / current_close - 1",moneytree.factors.qlib.build_alpha158_features,Price-like fields use adjusted columns when adjusted=True.
alpha158,alpha158_high_lag05_rel_close,price_lag,158,"high, close",implemented_local,src/moneytree/factors/qlib.py,"shift(high, 5) / current_close - 1",moneytree.factors.qlib.build_alpha158_features,Price-like fields use adjusted columns when adjusted=True.
alpha158,alpha158_high_lag06_rel_close,price_lag,158,"high, close",implemented_local,src/moneytree/factors/qlib.py,"shift(high, 6) / current_close - 1",moneytree.factors.qlib.build_alpha158_features,Price-like fields use adjusted columns when adjusted=True.
alpha158,alpha158_high_lag07_rel_close,price_lag,158,"high, close",implemented_local,src/moneytree/factors/qlib.py,"shift(high, 7) / current_close - 1",moneytree.factors.qlib.build_alpha158_features,Price-like fields use adjusted columns when adjusted=True.
alpha158,alpha158_high_lag08_rel_close,price_lag,158,"high, close",implemented_local,src/moneytree/factors/qlib.py,"shift(high, 8) / current_close - 1",moneytree.factors.qlib.build_alpha158_features,Price-like fields use adjusted columns when adjusted=True.
alpha158,alpha158_high_lag09_rel_close,price_lag,158,"high, close",implemented_local,src/moneytree/factors/qlib.py,"shift(high, 9) / current_close - 1",moneytree.factors.qlib.build_alpha158_features,Price-like fields use adjusted columns when adjusted=True.
alpha158,alpha158_high_lag10_rel_close,price_lag,158,"high, close",implemented_local,src/moneytree/factors/qlib.py,"shift(high, 10) / current_close - 1",moneytree.factors.qlib.build_alpha158_features,Price-like fields use adjusted columns when adjusted=True.
alpha158,alpha158_high_lag11_rel_close,price_lag,158,"high, close",implemented_local,src/moneytree/factors/qlib.py,"shift(high, 11) / current_close - 1",moneytree.factors.qlib.build_alpha158_features,Price-like fields use adjusted columns when adjusted=True.
alpha158,alpha158_high_lag12_rel_close,price_lag,158,"high, close",implemented_local,src/moneytree/factors/qlib.py,"shift(high, 12) / current_close - 1",moneytree.factors.qlib.build_alpha158_features,Price-like fields use adjusted columns when adjusted=True.
alpha158,alpha158_high_lag13_rel_close,price_lag,158,"high, close",implemented_local,src/moneytree/factors/qlib.py,"shift(high, 13) / current_close - 1",moneytree.factors.qlib.build_alpha158_features,Price-like fields use adjusted columns when adjusted=True.
alpha158,alpha158_high_lag14_rel_close,price_lag,158,"high, close",implemented_local,src/moneytree/factors/qlib.py,"shift(high, 14) / current_close - 1",moneytree.factors.qlib.build_alpha158_features,Price-like fields use adjusted columns when adjusted=True.
alpha158,alpha158_high_lag15_rel_close,price_lag,158,"high, close",implemented_local,src/moneytree/factors/qlib.py,"shift(high, 15) / current_close - 1",moneytree.factors.qlib.build_alpha158_features,Price-like fields use adjusted columns when adjusted=True.
alpha158,alpha158_high_lag16_rel_close,price_lag,158,"high, close",implemented_local,src/moneytree/factors/qlib.py,"shift(high, 16) / current_close - 1",moneytree.factors.qlib.build_alpha158_features,Price-like fields use adjusted columns when adjusted=True.
alpha158,alpha158_high_lag17_rel_close,price_lag,158,"high, close",implemented_local,src/moneytree/factors/qlib.py,"shift(high, 17) / current_close - 1",moneytree.factors.qlib.build_alpha158_features,Price-like fields use adjusted columns when adjusted=True.
alpha158,alpha158_high_lag18_rel_close,price_lag,158,"high, close",implemented_local,src/moneytree/factors/qlib.py,"shift(high, 18) / current_close - 1",moneytree.factors.qlib.build_alpha158_features,Price-like fields use adjusted columns when adjusted=True.
alpha158,alpha158_high_lag19_rel_close,price_lag,158,"high, close",implemented_local,src/moneytree/factors/qlib.py,"shift(high, 19) / current_close - 1",moneytree.factors.qlib.build_alpha158_features,Price-like fields use adjusted columns when adjusted=True.
alpha158,alpha158_low_lag00_rel_close,price_lag,158,"low, close",implemented_local,src/moneytree/factors/qlib.py,"shift(low, 0) / current_close - 1",moneytree.factors.qlib.build_alpha158_features,Price-like fields use adjusted columns when adjusted=True.
alpha158,alpha158_low_lag01_rel_close,price_lag,158,"low, close",implemented_local,src/moneytree/factors/qlib.py,"shift(low, 1) / current_close - 1",moneytree.factors.qlib.build_alpha158_features,Price-like fields use adjusted columns when adjusted=True.
alpha158,alpha158_low_lag02_rel_close,price_lag,158,"low, close",implemented_local,src/moneytree/factors/qlib.py,"shift(low, 2) / current_close - 1",moneytree.factors.qlib.build_alpha158_features,Price-like fields use adjusted columns when adjusted=True.
alpha158,alpha158_low_lag03_rel_close,price_lag,158,"low, close",implemented_local,src/moneytree/factors/qlib.py,"shift(low, 3) / current_close - 1",moneytree.factors.qlib.build_alpha158_features,Price-like fields use adjusted columns when adjusted=True.
alpha158,alpha158_low_lag04_rel_close,price_lag,158,"low, close",implemented_local,src/moneytree/factors/qlib.py,"shift(low, 4) / current_close - 1",moneytree.factors.qlib.build_alpha158_features,Price-like fields use adjusted columns when adjusted=True.
alpha158,alpha158_low_lag05_rel_close,price_lag,158,"low, close",implemented_local,src/moneytree/factors/qlib.py,"shift(low, 5) / current_close - 1",moneytree.factors.qlib.build_alpha158_features,Price-like fields use adjusted columns when adjusted=True.
alpha158,alpha158_low_lag06_rel_close,price_lag,158,"low, close",implemented_local,src/moneytree/factors/qlib.py,"shift(low, 6) / current_close - 1",moneytree.factors.qlib.build_alpha158_features,Price-like fields use adjusted columns when adjusted=True.
alpha158,alpha158_low_lag07_rel_close,price_lag,158,"low, close",implemented_local,src/moneytree/factors/qlib.py,"shift(low, 7) / current_close - 1",moneytree.factors.qlib.build_alpha158_features,Price-like fields use adjusted columns when adjusted=True.
alpha158,alpha158_low_lag08_rel_close,price_lag,158,"low, close",implemented_local,src/moneytree/factors/qlib.py,"shift(low, 8) / current_close - 1",moneytree.factors.qlib.build_alpha158_features,Price-like fields use adjusted columns when adjusted=True.
alpha158,alpha158_low_lag09_rel_close,price_lag,158,"low, close",implemented_local,src/moneytree/factors/qlib.py,"shift(low, 9) / current_close - 1",moneytree.factors.qlib.build_alpha158_features,Price-like fields use adjusted columns when adjusted=True.
alpha158,alpha158_low_lag10_rel_close,price_lag,158,"low, close",implemented_local,src/moneytree/factors/qlib.py,"shift(low, 10) / current_close - 1",moneytree.factors.qlib.build_alpha158_features,Price-like fields use adjusted columns when adjusted=True.
alpha158,alpha158_low_lag11_rel_close,price_lag,158,"low, close",implemented_local,src/moneytree/factors/qlib.py,"shift(low, 11) / current_close - 1",moneytree.factors.qlib.build_alpha158_features,Price-like fields use adjusted columns when adjusted=True.
alpha158,alpha158_low_lag12_rel_close,price_lag,158,"low, close",implemented_local,src/moneytree/factors/qlib.py,"shift(low, 12) / current_close - 1",moneytree.factors.qlib.build_alpha158_features,Price-like fields use adjusted columns when adjusted=True.
alpha158,alpha158_low_lag13_rel_close,price_lag,158,"low, close",implemented_local,src/moneytree/factors/qlib.py,"shift(low, 13) / current_close - 1",moneytree.factors.qlib.build_alpha158_features,Price-like fields use adjusted columns when adjusted=True.
alpha158,alpha158_low_lag14_rel_close,price_lag,158,"low, close",implemented_local,src/moneytree/factors/qlib.py,"shift(low, 14) / current_close - 1",moneytree.factors.qlib.build_alpha158_features,Price-like fields use adjusted columns when adjusted=True.
alpha158,alpha158_low_lag15_rel_close,price_lag,158,"low, close",implemented_local,src/moneytree/factors/qlib.py,"shift(low, 15) / current_close - 1",moneytree.factors.qlib.build_alpha158_features,Price-like fields use adjusted columns when adjusted=True.
alpha158,alpha158_low_lag16_rel_close,price_lag,158,"low, close",implemented_local,src/moneytree/factors/qlib.py,"shift(low, 16) / current_close - 1",moneytree.factors.qlib.build_alpha158_features,Price-like fields use adjusted columns when adjusted=True.
alpha158,alpha158_low_lag17_rel_close,price_lag,158,"low, close",implemented_local,src/moneytree/factors/qlib.py,"shift(low, 17) / current_close - 1",moneytree.factors.qlib.build_alpha158_features,Price-like fields use adjusted columns when adjusted=True.
alpha158,alpha158_low_lag18_rel_close,price_lag,158,"low, close",implemented_local,src/moneytree/factors/qlib.py,"shift(low, 18) / current_close - 1",moneytree.factors.qlib.build_alpha158_features,Price-like fields use adjusted columns when adjusted=True.
alpha158,alpha158_low_lag19_rel_close,price_lag,158,"low, close",implemented_local,src/moneytree/factors/qlib.py,"shift(low, 19) / current_close - 1",moneytree.factors.qlib.build_alpha158_features,Price-like fields use adjusted columns when adjusted=True.
alpha158,alpha158_vwap_lag00_rel_close,price_lag,158,"vwap, close",implemented_local,src/moneytree/factors/qlib.py,"shift(vwap, 0) / current_close - 1",moneytree.factors.qlib.build_alpha158_features,Price-like fields use adjusted columns when adjusted=True.
alpha158,alpha158_vwap_lag01_rel_close,price_lag,158,"vwap, close",implemented_local,src/moneytree/factors/qlib.py,"shift(vwap, 1) / current_close - 1",moneytree.factors.qlib.build_alpha158_features,Price-like fields use adjusted columns when adjusted=True.
alpha158,alpha158_vwap_lag02_rel_close,price_lag,158,"vwap, close",implemented_local,src/moneytree/factors/qlib.py,"shift(vwap, 2) / current_close - 1",moneytree.factors.qlib.build_alpha158_features,Price-like fields use adjusted columns when adjusted=True.
alpha158,alpha158_vwap_lag03_rel_close,price_lag,158,"vwap, close",implemented_local,src/moneytree/factors/qlib.py,"shift(vwap, 3) / current_close - 1",moneytree.factors.qlib.build_alpha158_features,Price-like fields use adjusted columns when adjusted=True.
alpha158,alpha158_vwap_lag04_rel_close,price_lag,158,"vwap, close",implemented_local,src/moneytree/factors/qlib.py,"shift(vwap, 4) / current_close - 1",moneytree.factors.qlib.build_alpha158_features,Price-like fields use adjusted columns when adjusted=True.
alpha158,alpha158_vwap_lag05_rel_close,price_lag,158,"vwap, close",implemented_local,src/moneytree/factors/qlib.py,"shift(vwap, 5) / current_close - 1",moneytree.factors.qlib.build_alpha158_features,Price-like fields use adjusted columns when adjusted=True.
alpha158,alpha158_vwap_lag06_rel_close,price_lag,158,"vwap, close",implemented_local,src/moneytree/factors/qlib.py,"shift(vwap, 6) / current_close - 1",moneytree.factors.qlib.build_alpha158_features,Price-like fields use adjusted columns when adjusted=True.
alpha158,alpha158_vwap_lag07_rel_close,price_lag,158,"vwap, close",implemented_local,src/moneytree/factors/qlib.py,"shift(vwap, 7) / current_close - 1",moneytree.factors.qlib.build_alpha158_features,Price-like fields use adjusted columns when adjusted=True.
alpha158,alpha158_vwap_lag08_rel_close,price_lag,158,"vwap, close",implemented_local,src/moneytree/factors/qlib.py,"shift(vwap, 8) / current_close - 1",moneytree.factors.qlib.build_alpha158_features,Price-like fields use adjusted columns when adjusted=True.
alpha158,alpha158_vwap_lag09_rel_close,price_lag,158,"vwap, close",implemented_local,src/moneytree/factors/qlib.py,"shift(vwap, 9) / current_close - 1",moneytree.factors.qlib.build_alpha158_features,Price-like fields use adjusted columns when adjusted=True.
alpha158,alpha158_vwap_lag10_rel_close,price_lag,158,"vwap, close",implemented_local,src/moneytree/factors/qlib.py,"shift(vwap, 10) / current_close - 1",moneytree.factors.qlib.build_alpha158_features,Price-like fields use adjusted columns when adjusted=True.
alpha158,alpha158_vwap_lag11_rel_close,price_lag,158,"vwap, close",implemented_local,src/moneytree/factors/qlib.py,"shift(vwap, 11) / current_close - 1",moneytree.factors.qlib.build_alpha158_features,Price-like fields use adjusted columns when adjusted=True.
alpha158,alpha158_vwap_lag12_rel_close,price_lag,158,"vwap, close",implemented_local,src/moneytree/factors/qlib.py,"shift(vwap, 12) / current_close - 1",moneytree.factors.qlib.build_alpha158_features,Price-like fields use adjusted columns when adjusted=True.
alpha158,alpha158_vwap_lag13_rel_close,price_lag,158,"vwap, close",implemented_local,src/moneytree/factors/qlib.py,"shift(vwap, 13) / current_close - 1",moneytree.factors.qlib.build_alpha158_features,Price-like fields use adjusted columns when adjusted=True.
alpha158,alpha158_vwap_lag14_rel_close,price_lag,158,"vwap, close",implemented_local,src/moneytree/factors/qlib.py,"shift(vwap, 14) / current_close - 1",moneytree.factors.qlib.build_alpha158_features,Price-like fields use adjusted columns when adjusted=True.
alpha158,alpha158_vwap_lag15_rel_close,price_lag,158,"vwap, close",implemented_local,src/moneytree/factors/qlib.py,"shift(vwap, 15) / current_close - 1",moneytree.factors.qlib.build_alpha158_features,Price-like fields use adjusted columns when adjusted=True.
alpha158,alpha158_vwap_lag16_rel_close,price_lag,158,"vwap, close",implemented_local,src/moneytree/factors/qlib.py,"shift(vwap, 16) / current_close - 1",moneytree.factors.qlib.build_alpha158_features,Price-like fields use adjusted columns when adjusted=True.
alpha158,alpha158_vwap_lag17_rel_close,price_lag,158,"vwap, close",implemented_local,src/moneytree/factors/qlib.py,"shift(vwap, 17) / current_close - 1",moneytree.factors.qlib.build_alpha158_features,Price-like fields use adjusted columns when adjusted=True.
alpha158,alpha158_vwap_lag18_rel_close,price_lag,158,"vwap, close",implemented_local,src/moneytree/factors/qlib.py,"shift(vwap, 18) / current_close - 1",moneytree.factors.qlib.build_alpha158_features,Price-like fields use adjusted columns when adjusted=True.
alpha158,alpha158_vwap_lag19_rel_close,price_lag,158,"vwap, close",implemented_local,src/moneytree/factors/qlib.py,"shift(vwap, 19) / current_close - 1",moneytree.factors.qlib.build_alpha158_features,Price-like fields use adjusted columns when adjusted=True.
alpha158,alpha158_roc_5,rolling_window,158,close,implemented_local,src/moneytree/factors/qlib.py,"close / shift(close, 5) - 1",moneytree.factors.qlib.build_alpha158_features,Window return.
alpha158,alpha158_ma_5,rolling_window,158,close,implemented_local,src/moneytree/factors/qlib.py,"rolling_mean(close, 5) / close - 1",moneytree.factors.qlib.build_alpha158_features,Moving average gap.
alpha158,alpha158_std_5,rolling_window,158,close,implemented_local,src/moneytree/factors/qlib.py,"rolling_std(pct_change(close, 1), 5)",moneytree.factors.qlib.build_alpha158_features,Return volatility.
alpha158,alpha158_max_5,rolling_window,158,"high, close",implemented_local,src/moneytree/factors/qlib.py,"rolling_max(high, 5) / close - 1",moneytree.factors.qlib.build_alpha158_features,High breakout gap.
alpha158,alpha158_min_5,rolling_window,158,"low, close",implemented_local,src/moneytree/factors/qlib.py,"rolling_min(low, 5) / close - 1",moneytree.factors.qlib.build_alpha158_features,Low breakdown gap.
alpha158,alpha158_q80_5,rolling_window,158,close,implemented_local,src/moneytree/factors/qlib.py,"rolling_quantile(close, 5, 0.8) / close - 1",moneytree.factors.qlib.build_alpha158_features,Upper rolling quantile gap.
alpha158,alpha158_q20_5,rolling_window,158,close,implemented_local,src/moneytree/factors/qlib.py,"rolling_quantile(close, 5, 0.2) / close - 1",moneytree.factors.qlib.build_alpha158_features,Lower rolling quantile gap.
alpha158,alpha158_rank_5,rolling_window,158,close,implemented_local,src/moneytree/factors/qlib.py,rank_pct_latest(close over 5),moneytree.factors.qlib.build_alpha158_features,Latest close percentile rank.
alpha158,alpha158_rsv_5,rolling_window,158,"high, low, close",implemented_local,src/moneytree/factors/qlib.py,"(close - rolling_min(low, 5)) / (rolling_max(high, 5) - rolling_min(low, 5))",moneytree.factors.qlib.build_alpha158_features,Close position inside rolling high-low range.
alpha158,alpha158_ret_mean_5,rolling_window,158,close,implemented_local,src/moneytree/factors/qlib.py,"rolling_mean(pct_change(close, 1), 5)",moneytree.factors.qlib.build_alpha158_features,Rolling mean daily return.
alpha158,alpha158_vma_5,rolling_window,158,volume,implemented_local,src/moneytree/factors/qlib.py,"volume / rolling_mean(volume, 5) - 1",moneytree.factors.qlib.build_alpha158_features,Volume relative to moving average.
alpha158,alpha158_vstd_5,rolling_window,158,volume,implemented_local,src/moneytree/factors/qlib.py,"rolling_std(pct_change(volume, 1), 5)",moneytree.factors.qlib.build_alpha158_features,Volume-change volatility.
alpha158,alpha158_amount_ma_5,rolling_window,158,amount,implemented_local,src/moneytree/factors/qlib.py,"amount / rolling_mean(amount, 5) - 1",moneytree.factors.qlib.build_alpha158_features,Amount relative to moving average; amount falls back to close * volume if missing.
alpha158,alpha158_roc_10,rolling_window,158,close,implemented_local,src/moneytree/factors/qlib.py,"close / shift(close, 10) - 1",moneytree.factors.qlib.build_alpha158_features,Window return.
alpha158,alpha158_ma_10,rolling_window,158,close,implemented_local,src/moneytree/factors/qlib.py,"rolling_mean(close, 10) / close - 1",moneytree.factors.qlib.build_alpha158_features,Moving average gap.
alpha158,alpha158_std_10,rolling_window,158,close,implemented_local,src/moneytree/factors/qlib.py,"rolling_std(pct_change(close, 1), 10)",moneytree.factors.qlib.build_alpha158_features,Return volatility.
alpha158,alpha158_max_10,rolling_window,158,"high, close",implemented_local,src/moneytree/factors/qlib.py,"rolling_max(high, 10) / close - 1",moneytree.factors.qlib.build_alpha158_features,High breakout gap.
alpha158,alpha158_min_10,rolling_window,158,"low, close",implemented_local,src/moneytree/factors/qlib.py,"rolling_min(low, 10) / close - 1",moneytree.factors.qlib.build_alpha158_features,Low breakdown gap.
alpha158,alpha158_q80_10,rolling_window,158,close,implemented_local,src/moneytree/factors/qlib.py,"rolling_quantile(close, 10, 0.8) / close - 1",moneytree.factors.qlib.build_alpha158_features,Upper rolling quantile gap.
alpha158,alpha158_q20_10,rolling_window,158,close,implemented_local,src/moneytree/factors/qlib.py,"rolling_quantile(close, 10, 0.2) / close - 1",moneytree.factors.qlib.build_alpha158_features,Lower rolling quantile gap.
alpha158,alpha158_rank_10,rolling_window,158,close,implemented_local,src/moneytree/factors/qlib.py,rank_pct_latest(close over 10),moneytree.factors.qlib.build_alpha158_features,Latest close percentile rank.
alpha158,alpha158_rsv_10,rolling_window,158,"high, low, close",implemented_local,src/moneytree/factors/qlib.py,"(close - rolling_min(low, 10)) / (rolling_max(high, 10) - rolling_min(low, 10))",moneytree.factors.qlib.build_alpha158_features,Close position inside rolling high-low range.
alpha158,alpha158_ret_mean_10,rolling_window,158,close,implemented_local,src/moneytree/factors/qlib.py,"rolling_mean(pct_change(close, 1), 10)",moneytree.factors.qlib.build_alpha158_features,Rolling mean daily return.
alpha158,alpha158_vma_10,rolling_window,158,volume,implemented_local,src/moneytree/factors/qlib.py,"volume / rolling_mean(volume, 10) - 1",moneytree.factors.qlib.build_alpha158_features,Volume relative to moving average.
alpha158,alpha158_vstd_10,rolling_window,158,volume,implemented_local,src/moneytree/factors/qlib.py,"rolling_std(pct_change(volume, 1), 10)",moneytree.factors.qlib.build_alpha158_features,Volume-change volatility.
alpha158,alpha158_amount_ma_10,rolling_window,158,amount,implemented_local,src/moneytree/factors/qlib.py,"amount / rolling_mean(amount, 10) - 1",moneytree.factors.qlib.build_alpha158_features,Amount relative to moving average; amount falls back to close * volume if missing.
alpha158,alpha158_roc_20,rolling_window,158,close,implemented_local,src/moneytree/factors/qlib.py,"close / shift(close, 20) - 1",moneytree.factors.qlib.build_alpha158_features,Window return.
alpha158,alpha158_ma_20,rolling_window,158,close,implemented_local,src/moneytree/factors/qlib.py,"rolling_mean(close, 20) / close - 1",moneytree.factors.qlib.build_alpha158_features,Moving average gap.
alpha158,alpha158_std_20,rolling_window,158,close,implemented_local,src/moneytree/factors/qlib.py,"rolling_std(pct_change(close, 1), 20)",moneytree.factors.qlib.build_alpha158_features,Return volatility.
alpha158,alpha158_max_20,rolling_window,158,"high, close",implemented_local,src/moneytree/factors/qlib.py,"rolling_max(high, 20) / close - 1",moneytree.factors.qlib.build_alpha158_features,High breakout gap.
alpha158,alpha158_min_20,rolling_window,158,"low, close",implemented_local,src/moneytree/factors/qlib.py,"rolling_min(low, 20) / close - 1",moneytree.factors.qlib.build_alpha158_features,Low breakdown gap.
alpha158,alpha158_q80_20,rolling_window,158,close,implemented_local,src/moneytree/factors/qlib.py,"rolling_quantile(close, 20, 0.8) / close - 1",moneytree.factors.qlib.build_alpha158_features,Upper rolling quantile gap.
alpha158,alpha158_q20_20,rolling_window,158,close,implemented_local,src/moneytree/factors/qlib.py,"rolling_quantile(close, 20, 0.2) / close - 1",moneytree.factors.qlib.build_alpha158_features,Lower rolling quantile gap.
alpha158,alpha158_rank_20,rolling_window,158,close,implemented_local,src/moneytree/factors/qlib.py,rank_pct_latest(close over 20),moneytree.factors.qlib.build_alpha158_features,Latest close percentile rank.
alpha158,alpha158_rsv_20,rolling_window,158,"high, low, close",implemented_local,src/moneytree/factors/qlib.py,"(close - rolling_min(low, 20)) / (rolling_max(high, 20) - rolling_min(low, 20))",moneytree.factors.qlib.build_alpha158_features,Close position inside rolling high-low range.
alpha158,alpha158_ret_mean_20,rolling_window,158,close,implemented_local,src/moneytree/factors/qlib.py,"rolling_mean(pct_change(close, 1), 20)",moneytree.factors.qlib.build_alpha158_features,Rolling mean daily return.
alpha158,alpha158_vma_20,rolling_window,158,volume,implemented_local,src/moneytree/factors/qlib.py,"volume / rolling_mean(volume, 20) - 1",moneytree.factors.qlib.build_alpha158_features,Volume relative to moving average.
alpha158,alpha158_vstd_20,rolling_window,158,volume,implemented_local,src/moneytree/factors/qlib.py,"rolling_std(pct_change(volume, 1), 20)",moneytree.factors.qlib.build_alpha158_features,Volume-change volatility.
alpha158,alpha158_amount_ma_20,rolling_window,158,amount,implemented_local,src/moneytree/factors/qlib.py,"amount / rolling_mean(amount, 20) - 1",moneytree.factors.qlib.build_alpha158_features,Amount relative to moving average; amount falls back to close * volume if missing.
alpha158,alpha158_roc_30,rolling_window,158,close,implemented_local,src/moneytree/factors/qlib.py,"close / shift(close, 30) - 1",moneytree.factors.qlib.build_alpha158_features,Window return.
alpha158,alpha158_ma_30,rolling_window,158,close,implemented_local,src/moneytree/factors/qlib.py,"rolling_mean(close, 30) / close - 1",moneytree.factors.qlib.build_alpha158_features,Moving average gap.
alpha158,alpha158_std_30,rolling_window,158,close,implemented_local,src/moneytree/factors/qlib.py,"rolling_std(pct_change(close, 1), 30)",moneytree.factors.qlib.build_alpha158_features,Return volatility.
alpha158,alpha158_max_30,rolling_window,158,"high, close",implemented_local,src/moneytree/factors/qlib.py,"rolling_max(high, 30) / close - 1",moneytree.factors.qlib.build_alpha158_features,High breakout gap.
alpha158,alpha158_min_30,rolling_window,158,"low, close",implemented_local,src/moneytree/factors/qlib.py,"rolling_min(low, 30) / close - 1",moneytree.factors.qlib.build_alpha158_features,Low breakdown gap.
alpha158,alpha158_q80_30,rolling_window,158,close,implemented_local,src/moneytree/factors/qlib.py,"rolling_quantile(close, 30, 0.8) / close - 1",moneytree.factors.qlib.build_alpha158_features,Upper rolling quantile gap.
alpha158,alpha158_q20_30,rolling_window,158,close,implemented_local,src/moneytree/factors/qlib.py,"rolling_quantile(close, 30, 0.2) / close - 1",moneytree.factors.qlib.build_alpha158_features,Lower rolling quantile gap.
alpha158,alpha158_rank_30,rolling_window,158,close,implemented_local,src/moneytree/factors/qlib.py,rank_pct_latest(close over 30),moneytree.factors.qlib.build_alpha158_features,Latest close percentile rank.
alpha158,alpha158_rsv_30,rolling_window,158,"high, low, close",implemented_local,src/moneytree/factors/qlib.py,"(close - rolling_min(low, 30)) / (rolling_max(high, 30) - rolling_min(low, 30))",moneytree.factors.qlib.build_alpha158_features,Close position inside rolling high-low range.
alpha158,alpha158_ret_mean_30,rolling_window,158,close,implemented_local,src/moneytree/factors/qlib.py,"rolling_mean(pct_change(close, 1), 30)",moneytree.factors.qlib.build_alpha158_features,Rolling mean daily return.
alpha158,alpha158_vma_30,rolling_window,158,volume,implemented_local,src/moneytree/factors/qlib.py,"volume / rolling_mean(volume, 30) - 1",moneytree.factors.qlib.build_alpha158_features,Volume relative to moving average.
alpha158,alpha158_vstd_30,rolling_window,158,volume,implemented_local,src/moneytree/factors/qlib.py,"rolling_std(pct_change(volume, 1), 30)",moneytree.factors.qlib.build_alpha158_features,Volume-change volatility.
alpha158,alpha158_amount_ma_30,rolling_window,158,amount,implemented_local,src/moneytree/factors/qlib.py,"amount / rolling_mean(amount, 30) - 1",moneytree.factors.qlib.build_alpha158_features,Amount relative to moving average; amount falls back to close * volume if missing.
alpha158,alpha158_roc_60,rolling_window,158,close,implemented_local,src/moneytree/factors/qlib.py,"close / shift(close, 60) - 1",moneytree.factors.qlib.build_alpha158_features,Window return.
alpha158,alpha158_ma_60,rolling_window,158,close,implemented_local,src/moneytree/factors/qlib.py,"rolling_mean(close, 60) / close - 1",moneytree.factors.qlib.build_alpha158_features,Moving average gap.
alpha158,alpha158_std_60,rolling_window,158,close,implemented_local,src/moneytree/factors/qlib.py,"rolling_std(pct_change(close, 1), 60)",moneytree.factors.qlib.build_alpha158_features,Return volatility.
alpha158,alpha158_max_60,rolling_window,158,"high, close",implemented_local,src/moneytree/factors/qlib.py,"rolling_max(high, 60) / close - 1",moneytree.factors.qlib.build_alpha158_features,High breakout gap.
alpha158,alpha158_min_60,rolling_window,158,"low, close",implemented_local,src/moneytree/factors/qlib.py,"rolling_min(low, 60) / close - 1",moneytree.factors.qlib.build_alpha158_features,Low breakdown gap.
alpha158,alpha158_q80_60,rolling_window,158,close,implemented_local,src/moneytree/factors/qlib.py,"rolling_quantile(close, 60, 0.8) / close - 1",moneytree.factors.qlib.build_alpha158_features,Upper rolling quantile gap.
alpha158,alpha158_q20_60,rolling_window,158,close,implemented_local,src/moneytree/factors/qlib.py,"rolling_quantile(close, 60, 0.2) / close - 1",moneytree.factors.qlib.build_alpha158_features,Lower rolling quantile gap.
alpha158,alpha158_rank_60,rolling_window,158,close,implemented_local,src/moneytree/factors/qlib.py,rank_pct_latest(close over 60),moneytree.factors.qlib.build_alpha158_features,Latest close percentile rank.
alpha158,alpha158_rsv_60,rolling_window,158,"high, low, close",implemented_local,src/moneytree/factors/qlib.py,"(close - rolling_min(low, 60)) / (rolling_max(high, 60) - rolling_min(low, 60))",moneytree.factors.qlib.build_alpha158_features,Close position inside rolling high-low range.
alpha158,alpha158_ret_mean_60,rolling_window,158,close,implemented_local,src/moneytree/factors/qlib.py,"rolling_mean(pct_change(close, 1), 60)",moneytree.factors.qlib.build_alpha158_features,Rolling mean daily return.
alpha158,alpha158_vma_60,rolling_window,158,volume,implemented_local,src/moneytree/factors/qlib.py,"volume / rolling_mean(volume, 60) - 1",moneytree.factors.qlib.build_alpha158_features,Volume relative to moving average.
alpha158,alpha158_vstd_60,rolling_window,158,volume,implemented_local,src/moneytree/factors/qlib.py,"rolling_std(pct_change(volume, 1), 60)",moneytree.factors.qlib.build_alpha158_features,Volume-change volatility.
alpha158,alpha158_amount_ma_60,rolling_window,158,amount,implemented_local,src/moneytree/factors/qlib.py,"amount / rolling_mean(amount, 60) - 1",moneytree.factors.qlib.build_alpha158_features,Amount relative to moving average; amount falls back to close * volume if missing.
alpha158,alpha158_vwap_rel_close,misc_price_volume,158,"vwap, close",implemented_local,src/moneytree/factors/qlib.py,vwap / close - 1,moneytree.factors.qlib.build_alpha158_features,VWAP gap to close.
alpha158,alpha158_high_low_spread,misc_price_volume,158,"high, low, close",implemented_local,src/moneytree/factors/qlib.py,(high - low) / close,moneytree.factors.qlib.build_alpha158_features,Daily spread normalized by close.
alpha158,alpha158_close_to_high,misc_price_volume,158,"close, high",implemented_local,src/moneytree/factors/qlib.py,close / high - 1,moneytree.factors.qlib.build_alpha158_features,Close gap to high.
alpha158,alpha158_close_to_low,misc_price_volume,158,"close, low",implemented_local,src/moneytree/factors/qlib.py,close / low - 1,moneytree.factors.qlib.build_alpha158_features,Close gap to low.
alpha360,alpha360_open_lag00,sequence_lag,360,"open, close",implemented_local,src/moneytree/factors/qlib.py,"shift(open, 0) / current_close - 1",moneytree.factors.qlib.build_alpha360_features,Price-like fields use adjusted columns when adjusted=True.
alpha360,alpha360_open_lag01,sequence_lag,360,"open, close",implemented_local,src/moneytree/factors/qlib.py,"shift(open, 1) / current_close - 1",moneytree.factors.qlib.build_alpha360_features,Price-like fields use adjusted columns when adjusted=True.
alpha360,alpha360_open_lag02,sequence_lag,360,"open, close",implemented_local,src/moneytree/factors/qlib.py,"shift(open, 2) / current_close - 1",moneytree.factors.qlib.build_alpha360_features,Price-like fields use adjusted columns when adjusted=True.
alpha360,alpha360_open_lag03,sequence_lag,360,"open, close",implemented_local,src/moneytree/factors/qlib.py,"shift(open, 3) / current_close - 1",moneytree.factors.qlib.build_alpha360_features,Price-like fields use adjusted columns when adjusted=True.
alpha360,alpha360_open_lag04,sequence_lag,360,"open, close",implemented_local,src/moneytree/factors/qlib.py,"shift(open, 4) / current_close - 1",moneytree.factors.qlib.build_alpha360_features,Price-like fields use adjusted columns when adjusted=True.
alpha360,alpha360_open_lag05,sequence_lag,360,"open, close",implemented_local,src/moneytree/factors/qlib.py,"shift(open, 5) / current_close - 1",moneytree.factors.qlib.build_alpha360_features,Price-like fields use adjusted columns when adjusted=True.
alpha360,alpha360_open_lag06,sequence_lag,360,"open, close",implemented_local,src/moneytree/factors/qlib.py,"shift(open, 6) / current_close - 1",moneytree.factors.qlib.build_alpha360_features,Price-like fields use adjusted columns when adjusted=True.
alpha360,alpha360_open_lag07,sequence_lag,360,"open, close",implemented_local,src/moneytree/factors/qlib.py,"shift(open, 7) / current_close - 1",moneytree.factors.qlib.build_alpha360_features,Price-like fields use adjusted columns when adjusted=True.
alpha360,alpha360_open_lag08,sequence_lag,360,"open, close",implemented_local,src/moneytree/factors/qlib.py,"shift(open, 8) / current_close - 1",moneytree.factors.qlib.build_alpha360_features,Price-like fields use adjusted columns when adjusted=True.
alpha360,alpha360_open_lag09,sequence_lag,360,"open, close",implemented_local,src/moneytree/factors/qlib.py,"shift(open, 9) / current_close - 1",moneytree.factors.qlib.build_alpha360_features,Price-like fields use adjusted columns when adjusted=True.
alpha360,alpha360_open_lag10,sequence_lag,360,"open, close",implemented_local,src/moneytree/factors/qlib.py,"shift(open, 10) / current_close - 1",moneytree.factors.qlib.build_alpha360_features,Price-like fields use adjusted columns when adjusted=True.
alpha360,alpha360_open_lag11,sequence_lag,360,"open, close",implemented_local,src/moneytree/factors/qlib.py,"shift(open, 11) / current_close - 1",moneytree.factors.qlib.build_alpha360_features,Price-like fields use adjusted columns when adjusted=True.
alpha360,alpha360_open_lag12,sequence_lag,360,"open, close",implemented_local,src/moneytree/factors/qlib.py,"shift(open, 12) / current_close - 1",moneytree.factors.qlib.build_alpha360_features,Price-like fields use adjusted columns when adjusted=True.
alpha360,alpha360_open_lag13,sequence_lag,360,"open, close",implemented_local,src/moneytree/factors/qlib.py,"shift(open, 13) / current_close - 1",moneytree.factors.qlib.build_alpha360_features,Price-like fields use adjusted columns when adjusted=True.
alpha360,alpha360_open_lag14,sequence_lag,360,"open, close",implemented_local,src/moneytree/factors/qlib.py,"shift(open, 14) / current_close - 1",moneytree.factors.qlib.build_alpha360_features,Price-like fields use adjusted columns when adjusted=True.
alpha360,alpha360_open_lag15,sequence_lag,360,"open, close",implemented_local,src/moneytree/factors/qlib.py,"shift(open, 15) / current_close - 1",moneytree.factors.qlib.build_alpha360_features,Price-like fields use adjusted columns when adjusted=True.
alpha360,alpha360_open_lag16,sequence_lag,360,"open, close",implemented_local,src/moneytree/factors/qlib.py,"shift(open, 16) / current_close - 1",moneytree.factors.qlib.build_alpha360_features,Price-like fields use adjusted columns when adjusted=True.
alpha360,alpha360_open_lag17,sequence_lag,360,"open, close",implemented_local,src/moneytree/factors/qlib.py,"shift(open, 17) / current_close - 1",moneytree.factors.qlib.build_alpha360_features,Price-like fields use adjusted columns when adjusted=True.
alpha360,alpha360_open_lag18,sequence_lag,360,"open, close",implemented_local,src/moneytree/factors/qlib.py,"shift(open, 18) / current_close - 1",moneytree.factors.qlib.build_alpha360_features,Price-like fields use adjusted columns when adjusted=True.
alpha360,alpha360_open_lag19,sequence_lag,360,"open, close",implemented_local,src/moneytree/factors/qlib.py,"shift(open, 19) / current_close - 1",moneytree.factors.qlib.build_alpha360_features,Price-like fields use adjusted columns when adjusted=True.
alpha360,alpha360_open_lag20,sequence_lag,360,"open, close",implemented_local,src/moneytree/factors/qlib.py,"shift(open, 20) / current_close - 1",moneytree.factors.qlib.build_alpha360_features,Price-like fields use adjusted columns when adjusted=True.
alpha360,alpha360_open_lag21,sequence_lag,360,"open, close",implemented_local,src/moneytree/factors/qlib.py,"shift(open, 21) / current_close - 1",moneytree.factors.qlib.build_alpha360_features,Price-like fields use adjusted columns when adjusted=True.
alpha360,alpha360_open_lag22,sequence_lag,360,"open, close",implemented_local,src/moneytree/factors/qlib.py,"shift(open, 22) / current_close - 1",moneytree.factors.qlib.build_alpha360_features,Price-like fields use adjusted columns when adjusted=True.
alpha360,alpha360_open_lag23,sequence_lag,360,"open, close",implemented_local,src/moneytree/factors/qlib.py,"shift(open, 23) / current_close - 1",moneytree.factors.qlib.build_alpha360_features,Price-like fields use adjusted columns when adjusted=True.
alpha360,alpha360_open_lag24,sequence_lag,360,"open, close",implemented_local,src/moneytree/factors/qlib.py,"shift(open, 24) / current_close - 1",moneytree.factors.qlib.build_alpha360_features,Price-like fields use adjusted columns when adjusted=True.
alpha360,alpha360_open_lag25,sequence_lag,360,"open, close",implemented_local,src/moneytree/factors/qlib.py,"shift(open, 25) / current_close - 1",moneytree.factors.qlib.build_alpha360_features,Price-like fields use adjusted columns when adjusted=True.
alpha360,alpha360_open_lag26,sequence_lag,360,"open, close",implemented_local,src/moneytree/factors/qlib.py,"shift(open, 26) / current_close - 1",moneytree.factors.qlib.build_alpha360_features,Price-like fields use adjusted columns when adjusted=True.
alpha360,alpha360_open_lag27,sequence_lag,360,"open, close",implemented_local,src/moneytree/factors/qlib.py,"shift(open, 27) / current_close - 1",moneytree.factors.qlib.build_alpha360_features,Price-like fields use adjusted columns when adjusted=True.
alpha360,alpha360_open_lag28,sequence_lag,360,"open, close",implemented_local,src/moneytree/factors/qlib.py,"shift(open, 28) / current_close - 1",moneytree.factors.qlib.build_alpha360_features,Price-like fields use adjusted columns when adjusted=True.
alpha360,alpha360_open_lag29,sequence_lag,360,"open, close",implemented_local,src/moneytree/factors/qlib.py,"shift(open, 29) / current_close - 1",moneytree.factors.qlib.build_alpha360_features,Price-like fields use adjusted columns when adjusted=True.
alpha360,alpha360_open_lag30,sequence_lag,360,"open, close",implemented_local,src/moneytree/factors/qlib.py,"shift(open, 30) / current_close - 1",moneytree.factors.qlib.build_alpha360_features,Price-like fields use adjusted columns when adjusted=True.
alpha360,alpha360_open_lag31,sequence_lag,360,"open, close",implemented_local,src/moneytree/factors/qlib.py,"shift(open, 31) / current_close - 1",moneytree.factors.qlib.build_alpha360_features,Price-like fields use adjusted columns when adjusted=True.
alpha360,alpha360_open_lag32,sequence_lag,360,"open, close",implemented_local,src/moneytree/factors/qlib.py,"shift(open, 32) / current_close - 1",moneytree.factors.qlib.build_alpha360_features,Price-like fields use adjusted columns when adjusted=True.
alpha360,alpha360_open_lag33,sequence_lag,360,"open, close",implemented_local,src/moneytree/factors/qlib.py,"shift(open, 33) / current_close - 1",moneytree.factors.qlib.build_alpha360_features,Price-like fields use adjusted columns when adjusted=True.
alpha360,alpha360_open_lag34,sequence_lag,360,"open, close",implemented_local,src/moneytree/factors/qlib.py,"shift(open, 34) / current_close - 1",moneytree.factors.qlib.build_alpha360_features,Price-like fields use adjusted columns when adjusted=True.
alpha360,alpha360_open_lag35,sequence_lag,360,"open, close",implemented_local,src/moneytree/factors/qlib.py,"shift(open, 35) / current_close - 1",moneytree.factors.qlib.build_alpha360_features,Price-like fields use adjusted columns when adjusted=True.
alpha360,alpha360_open_lag36,sequence_lag,360,"open, close",implemented_local,src/moneytree/factors/qlib.py,"shift(open, 36) / current_close - 1",moneytree.factors.qlib.build_alpha360_features,Price-like fields use adjusted columns when adjusted=True.
alpha360,alpha360_open_lag37,sequence_lag,360,"open, close",implemented_local,src/moneytree/factors/qlib.py,"shift(open, 37) / current_close - 1",moneytree.factors.qlib.build_alpha360_features,Price-like fields use adjusted columns when adjusted=True.
alpha360,alpha360_open_lag38,sequence_lag,360,"open, close",implemented_local,src/moneytree/factors/qlib.py,"shift(open, 38) / current_close - 1",moneytree.factors.qlib.build_alpha360_features,Price-like fields use adjusted columns when adjusted=True.
alpha360,alpha360_open_lag39,sequence_lag,360,"open, close",implemented_local,src/moneytree/factors/qlib.py,"shift(open, 39) / current_close - 1",moneytree.factors.qlib.build_alpha360_features,Price-like fields use adjusted columns when adjusted=True.
alpha360,alpha360_open_lag40,sequence_lag,360,"open, close",implemented_local,src/moneytree/factors/qlib.py,"shift(open, 40) / current_close - 1",moneytree.factors.qlib.build_alpha360_features,Price-like fields use adjusted columns when adjusted=True.
alpha360,alpha360_open_lag41,sequence_lag,360,"open, close",implemented_local,src/moneytree/factors/qlib.py,"shift(open, 41) / current_close - 1",moneytree.factors.qlib.build_alpha360_features,Price-like fields use adjusted columns when adjusted=True.
alpha360,alpha360_open_lag42,sequence_lag,360,"open, close",implemented_local,src/moneytree/factors/qlib.py,"shift(open, 42) / current_close - 1",moneytree.factors.qlib.build_alpha360_features,Price-like fields use adjusted columns when adjusted=True.
alpha360,alpha360_open_lag43,sequence_lag,360,"open, close",implemented_local,src/moneytree/factors/qlib.py,"shift(open, 43) / current_close - 1",moneytree.factors.qlib.build_alpha360_features,Price-like fields use adjusted columns when adjusted=True.
alpha360,alpha360_open_lag44,sequence_lag,360,"open, close",implemented_local,src/moneytree/factors/qlib.py,"shift(open, 44) / current_close - 1",moneytree.factors.qlib.build_alpha360_features,Price-like fields use adjusted columns when adjusted=True.
alpha360,alpha360_open_lag45,sequence_lag,360,"open, close",implemented_local,src/moneytree/factors/qlib.py,"shift(open, 45) / current_close - 1",moneytree.factors.qlib.build_alpha360_features,Price-like fields use adjusted columns when adjusted=True.
alpha360,alpha360_open_lag46,sequence_lag,360,"open, close",implemented_local,src/moneytree/factors/qlib.py,"shift(open, 46) / current_close - 1",moneytree.factors.qlib.build_alpha360_features,Price-like fields use adjusted columns when adjusted=True.
alpha360,alpha360_open_lag47,sequence_lag,360,"open, close",implemented_local,src/moneytree/factors/qlib.py,"shift(open, 47) / current_close - 1",moneytree.factors.qlib.build_alpha360_features,Price-like fields use adjusted columns when adjusted=True.
alpha360,alpha360_open_lag48,sequence_lag,360,"open, close",implemented_local,src/moneytree/factors/qlib.py,"shift(open, 48) / current_close - 1",moneytree.factors.qlib.build_alpha360_features,Price-like fields use adjusted columns when adjusted=True.
alpha360,alpha360_open_lag49,sequence_lag,360,"open, close",implemented_local,src/moneytree/factors/qlib.py,"shift(open, 49) / current_close - 1",moneytree.factors.qlib.build_alpha360_features,Price-like fields use adjusted columns when adjusted=True.
alpha360,alpha360_open_lag50,sequence_lag,360,"open, close",implemented_local,src/moneytree/factors/qlib.py,"shift(open, 50) / current_close - 1",moneytree.factors.qlib.build_alpha360_features,Price-like fields use adjusted columns when adjusted=True.
alpha360,alpha360_open_lag51,sequence_lag,360,"open, close",implemented_local,src/moneytree/factors/qlib.py,"shift(open, 51) / current_close - 1",moneytree.factors.qlib.build_alpha360_features,Price-like fields use adjusted columns when adjusted=True.
alpha360,alpha360_open_lag52,sequence_lag,360,"open, close",implemented_local,src/moneytree/factors/qlib.py,"shift(open, 52) / current_close - 1",moneytree.factors.qlib.build_alpha360_features,Price-like fields use adjusted columns when adjusted=True.
alpha360,alpha360_open_lag53,sequence_lag,360,"open, close",implemented_local,src/moneytree/factors/qlib.py,"shift(open, 53) / current_close - 1",moneytree.factors.qlib.build_alpha360_features,Price-like fields use adjusted columns when adjusted=True.
alpha360,alpha360_open_lag54,sequence_lag,360,"open, close",implemented_local,src/moneytree/factors/qlib.py,"shift(open, 54) / current_close - 1",moneytree.factors.qlib.build_alpha360_features,Price-like fields use adjusted columns when adjusted=True.
alpha360,alpha360_open_lag55,sequence_lag,360,"open, close",implemented_local,src/moneytree/factors/qlib.py,"shift(open, 55) / current_close - 1",moneytree.factors.qlib.build_alpha360_features,Price-like fields use adjusted columns when adjusted=True.
alpha360,alpha360_open_lag56,sequence_lag,360,"open, close",implemented_local,src/moneytree/factors/qlib.py,"shift(open, 56) / current_close - 1",moneytree.factors.qlib.build_alpha360_features,Price-like fields use adjusted columns when adjusted=True.
alpha360,alpha360_open_lag57,sequence_lag,360,"open, close",implemented_local,src/moneytree/factors/qlib.py,"shift(open, 57) / current_close - 1",moneytree.factors.qlib.build_alpha360_features,Price-like fields use adjusted columns when adjusted=True.
alpha360,alpha360_open_lag58,sequence_lag,360,"open, close",implemented_local,src/moneytree/factors/qlib.py,"shift(open, 58) / current_close - 1",moneytree.factors.qlib.build_alpha360_features,Price-like fields use adjusted columns when adjusted=True.
alpha360,alpha360_open_lag59,sequence_lag,360,"open, close",implemented_local,src/moneytree/factors/qlib.py,"shift(open, 59) / current_close - 1",moneytree.factors.qlib.build_alpha360_features,Price-like fields use adjusted columns when adjusted=True.
alpha360,alpha360_high_lag00,sequence_lag,360,"high, close",implemented_local,src/moneytree/factors/qlib.py,"shift(high, 0) / current_close - 1",moneytree.factors.qlib.build_alpha360_features,Price-like fields use adjusted columns when adjusted=True.
alpha360,alpha360_high_lag01,sequence_lag,360,"high, close",implemented_local,src/moneytree/factors/qlib.py,"shift(high, 1) / current_close - 1",moneytree.factors.qlib.build_alpha360_features,Price-like fields use adjusted columns when adjusted=True.
alpha360,alpha360_high_lag02,sequence_lag,360,"high, close",implemented_local,src/moneytree/factors/qlib.py,"shift(high, 2) / current_close - 1",moneytree.factors.qlib.build_alpha360_features,Price-like fields use adjusted columns when adjusted=True.
alpha360,alpha360_high_lag03,sequence_lag,360,"high, close",implemented_local,src/moneytree/factors/qlib.py,"shift(high, 3) / current_close - 1",moneytree.factors.qlib.build_alpha360_features,Price-like fields use adjusted columns when adjusted=True.
alpha360,alpha360_high_lag04,sequence_lag,360,"high, close",implemented_local,src/moneytree/factors/qlib.py,"shift(high, 4) / current_close - 1",moneytree.factors.qlib.build_alpha360_features,Price-like fields use adjusted columns when adjusted=True.
alpha360,alpha360_high_lag05,sequence_lag,360,"high, close",implemented_local,src/moneytree/factors/qlib.py,"shift(high, 5) / current_close - 1",moneytree.factors.qlib.build_alpha360_features,Price-like fields use adjusted columns when adjusted=True.
alpha360,alpha360_high_lag06,sequence_lag,360,"high, close",implemented_local,src/moneytree/factors/qlib.py,"shift(high, 6) / current_close - 1",moneytree.factors.qlib.build_alpha360_features,Price-like fields use adjusted columns when adjusted=True.
alpha360,alpha360_high_lag07,sequence_lag,360,"high, close",implemented_local,src/moneytree/factors/qlib.py,"shift(high, 7) / current_close - 1",moneytree.factors.qlib.build_alpha360_features,Price-like fields use adjusted columns when adjusted=True.
alpha360,alpha360_high_lag08,sequence_lag,360,"high, close",implemented_local,src/moneytree/factors/qlib.py,"shift(high, 8) / current_close - 1",moneytree.factors.qlib.build_alpha360_features,Price-like fields use adjusted columns when adjusted=True.
alpha360,alpha360_high_lag09,sequence_lag,360,"high, close",implemented_local,src/moneytree/factors/qlib.py,"shift(high, 9) / current_close - 1",moneytree.factors.qlib.build_alpha360_features,Price-like fields use adjusted columns when adjusted=True.
alpha360,alpha360_high_lag10,sequence_lag,360,"high, close",implemented_local,src/moneytree/factors/qlib.py,"shift(high, 10) / current_close - 1",moneytree.factors.qlib.build_alpha360_features,Price-like fields use adjusted columns when adjusted=True.
alpha360,alpha360_high_lag11,sequence_lag,360,"high, close",implemented_local,src/moneytree/factors/qlib.py,"shift(high, 11) / current_close - 1",moneytree.factors.qlib.build_alpha360_features,Price-like fields use adjusted columns when adjusted=True.
alpha360,alpha360_high_lag12,sequence_lag,360,"high, close",implemented_local,src/moneytree/factors/qlib.py,"shift(high, 12) / current_close - 1",moneytree.factors.qlib.build_alpha360_features,Price-like fields use adjusted columns when adjusted=True.
alpha360,alpha360_high_lag13,sequence_lag,360,"high, close",implemented_local,src/moneytree/factors/qlib.py,"shift(high, 13) / current_close - 1",moneytree.factors.qlib.build_alpha360_features,Price-like fields use adjusted columns when adjusted=True.
alpha360,alpha360_high_lag14,sequence_lag,360,"high, close",implemented_local,src/moneytree/factors/qlib.py,"shift(high, 14) / current_close - 1",moneytree.factors.qlib.build_alpha360_features,Price-like fields use adjusted columns when adjusted=True.
alpha360,alpha360_high_lag15,sequence_lag,360,"high, close",implemented_local,src/moneytree/factors/qlib.py,"shift(high, 15) / current_close - 1",moneytree.factors.qlib.build_alpha360_features,Price-like fields use adjusted columns when adjusted=True.
alpha360,alpha360_high_lag16,sequence_lag,360,"high, close",implemented_local,src/moneytree/factors/qlib.py,"shift(high, 16) / current_close - 1",moneytree.factors.qlib.build_alpha360_features,Price-like fields use adjusted columns when adjusted=True.
alpha360,alpha360_high_lag17,sequence_lag,360,"high, close",implemented_local,src/moneytree/factors/qlib.py,"shift(high, 17) / current_close - 1",moneytree.factors.qlib.build_alpha360_features,Price-like fields use adjusted columns when adjusted=True.
alpha360,alpha360_high_lag18,sequence_lag,360,"high, close",implemented_local,src/moneytree/factors/qlib.py,"shift(high, 18) / current_close - 1",moneytree.factors.qlib.build_alpha360_features,Price-like fields use adjusted columns when adjusted=True.
alpha360,alpha360_high_lag19,sequence_lag,360,"high, close",implemented_local,src/moneytree/factors/qlib.py,"shift(high, 19) / current_close - 1",moneytree.factors.qlib.build_alpha360_features,Price-like fields use adjusted columns when adjusted=True.
alpha360,alpha360_high_lag20,sequence_lag,360,"high, close",implemented_local,src/moneytree/factors/qlib.py,"shift(high, 20) / current_close - 1",moneytree.factors.qlib.build_alpha360_features,Price-like fields use adjusted columns when adjusted=True.
alpha360,alpha360_high_lag21,sequence_lag,360,"high, close",implemented_local,src/moneytree/factors/qlib.py,"shift(high, 21) / current_close - 1",moneytree.factors.qlib.build_alpha360_features,Price-like fields use adjusted columns when adjusted=True.
alpha360,alpha360_high_lag22,sequence_lag,360,"high, close",implemented_local,src/moneytree/factors/qlib.py,"shift(high, 22) / current_close - 1",moneytree.factors.qlib.build_alpha360_features,Price-like fields use adjusted columns when adjusted=True.
alpha360,alpha360_high_lag23,sequence_lag,360,"high, close",implemented_local,src/moneytree/factors/qlib.py,"shift(high, 23) / current_close - 1",moneytree.factors.qlib.build_alpha360_features,Price-like fields use adjusted columns when adjusted=True.
alpha360,alpha360_high_lag24,sequence_lag,360,"high, close",implemented_local,src/moneytree/factors/qlib.py,"shift(high, 24) / current_close - 1",moneytree.factors.qlib.build_alpha360_features,Price-like fields use adjusted columns when adjusted=True.
alpha360,alpha360_high_lag25,sequence_lag,360,"high, close",implemented_local,src/moneytree/factors/qlib.py,"shift(high, 25) / current_close - 1",moneytree.factors.qlib.build_alpha360_features,Price-like fields use adjusted columns when adjusted=True.
alpha360,alpha360_high_lag26,sequence_lag,360,"high, close",implemented_local,src/moneytree/factors/qlib.py,"shift(high, 26) / current_close - 1",moneytree.factors.qlib.build_alpha360_features,Price-like fields use adjusted columns when adjusted=True.
alpha360,alpha360_high_lag27,sequence_lag,360,"high, close",implemented_local,src/moneytree/factors/qlib.py,"shift(high, 27) / current_close - 1",moneytree.factors.qlib.build_alpha360_features,Price-like fields use adjusted columns when adjusted=True.
alpha360,alpha360_high_lag28,sequence_lag,360,"high, close",implemented_local,src/moneytree/factors/qlib.py,"shift(high, 28) / current_close - 1",moneytree.factors.qlib.build_alpha360_features,Price-like fields use adjusted columns when adjusted=True.
alpha360,alpha360_high_lag29,sequence_lag,360,"high, close",implemented_local,src/moneytree/factors/qlib.py,"shift(high, 29) / current_close - 1",moneytree.factors.qlib.build_alpha360_features,Price-like fields use adjusted columns when adjusted=True.
alpha360,alpha360_high_lag30,sequence_lag,360,"high, close",implemented_local,src/moneytree/factors/qlib.py,"shift(high, 30) / current_close - 1",moneytree.factors.qlib.build_alpha360_features,Price-like fields use adjusted columns when adjusted=True.
alpha360,alpha360_high_lag31,sequence_lag,360,"high, close",implemented_local,src/moneytree/factors/qlib.py,"shift(high, 31) / current_close - 1",moneytree.factors.qlib.build_alpha360_features,Price-like fields use adjusted columns when adjusted=True.
alpha360,alpha360_high_lag32,sequence_lag,360,"high, close",implemented_local,src/moneytree/factors/qlib.py,"shift(high, 32) / current_close - 1",moneytree.factors.qlib.build_alpha360_features,Price-like fields use adjusted columns when adjusted=True.
alpha360,alpha360_high_lag33,sequence_lag,360,"high, close",implemented_local,src/moneytree/factors/qlib.py,"shift(high, 33) / current_close - 1",moneytree.factors.qlib.build_alpha360_features,Price-like fields use adjusted columns when adjusted=True.
alpha360,alpha360_high_lag34,sequence_lag,360,"high, close",implemented_local,src/moneytree/factors/qlib.py,"shift(high, 34) / current_close - 1",moneytree.factors.qlib.build_alpha360_features,Price-like fields use adjusted columns when adjusted=True.
alpha360,alpha360_high_lag35,sequence_lag,360,"high, close",implemented_local,src/moneytree/factors/qlib.py,"shift(high, 35) / current_close - 1",moneytree.factors.qlib.build_alpha360_features,Price-like fields use adjusted columns when adjusted=True.
alpha360,alpha360_high_lag36,sequence_lag,360,"high, close",implemented_local,src/moneytree/factors/qlib.py,"shift(high, 36) / current_close - 1",moneytree.factors.qlib.build_alpha360_features,Price-like fields use adjusted columns when adjusted=True.
alpha360,alpha360_high_lag37,sequence_lag,360,"high, close",implemented_local,src/moneytree/factors/qlib.py,"shift(high, 37) / current_close - 1",moneytree.factors.qlib.build_alpha360_features,Price-like fields use adjusted columns when adjusted=True.
alpha360,alpha360_high_lag38,sequence_lag,360,"high, close",implemented_local,src/moneytree/factors/qlib.py,"shift(high, 38) / current_close - 1",moneytree.factors.qlib.build_alpha360_features,Price-like fields use adjusted columns when adjusted=True.
alpha360,alpha360_high_lag39,sequence_lag,360,"high, close",implemented_local,src/moneytree/factors/qlib.py,"shift(high, 39) / current_close - 1",moneytree.factors.qlib.build_alpha360_features,Price-like fields use adjusted columns when adjusted=True.
alpha360,alpha360_high_lag40,sequence_lag,360,"high, close",implemented_local,src/moneytree/factors/qlib.py,"shift(high, 40) / current_close - 1",moneytree.factors.qlib.build_alpha360_features,Price-like fields use adjusted columns when adjusted=True.
alpha360,alpha360_high_lag41,sequence_lag,360,"high, close",implemented_local,src/moneytree/factors/qlib.py,"shift(high, 41) / current_close - 1",moneytree.factors.qlib.build_alpha360_features,Price-like fields use adjusted columns when adjusted=True.
alpha360,alpha360_high_lag42,sequence_lag,360,"high, close",implemented_local,src/moneytree/factors/qlib.py,"shift(high, 42) / current_close - 1",moneytree.factors.qlib.build_alpha360_features,Price-like fields use adjusted columns when adjusted=True.
alpha360,alpha360_high_lag43,sequence_lag,360,"high, close",implemented_local,src/moneytree/factors/qlib.py,"shift(high, 43) / current_close - 1",moneytree.factors.qlib.build_alpha360_features,Price-like fields use adjusted columns when adjusted=True.
alpha360,alpha360_high_lag44,sequence_lag,360,"high, close",implemented_local,src/moneytree/factors/qlib.py,"shift(high, 44) / current_close - 1",moneytree.factors.qlib.build_alpha360_features,Price-like fields use adjusted columns when adjusted=True.
alpha360,alpha360_high_lag45,sequence_lag,360,"high, close",implemented_local,src/moneytree/factors/qlib.py,"shift(high, 45) / current_close - 1",moneytree.factors.qlib.build_alpha360_features,Price-like fields use adjusted columns when adjusted=True.
alpha360,alpha360_high_lag46,sequence_lag,360,"high, close",implemented_local,src/moneytree/factors/qlib.py,"shift(high, 46) / current_close - 1",moneytree.factors.qlib.build_alpha360_features,Price-like fields use adjusted columns when adjusted=True.
alpha360,alpha360_high_lag47,sequence_lag,360,"high, close",implemented_local,src/moneytree/factors/qlib.py,"shift(high, 47) / current_close - 1",moneytree.factors.qlib.build_alpha360_features,Price-like fields use adjusted columns when adjusted=True.
alpha360,alpha360_high_lag48,sequence_lag,360,"high, close",implemented_local,src/moneytree/factors/qlib.py,"shift(high, 48) / current_close - 1",moneytree.factors.qlib.build_alpha360_features,Price-like fields use adjusted columns when adjusted=True.
alpha360,alpha360_high_lag49,sequence_lag,360,"high, close",implemented_local,src/moneytree/factors/qlib.py,"shift(high, 49) / current_close - 1",moneytree.factors.qlib.build_alpha360_features,Price-like fields use adjusted columns when adjusted=True.
alpha360,alpha360_high_lag50,sequence_lag,360,"high, close",implemented_local,src/moneytree/factors/qlib.py,"shift(high, 50) / current_close - 1",moneytree.factors.qlib.build_alpha360_features,Price-like fields use adjusted columns when adjusted=True.
alpha360,alpha360_high_lag51,sequence_lag,360,"high, close",implemented_local,src/moneytree/factors/qlib.py,"shift(high, 51) / current_close - 1",moneytree.factors.qlib.build_alpha360_features,Price-like fields use adjusted columns when adjusted=True.
alpha360,alpha360_high_lag52,sequence_lag,360,"high, close",implemented_local,src/moneytree/factors/qlib.py,"shift(high, 52) / current_close - 1",moneytree.factors.qlib.build_alpha360_features,Price-like fields use adjusted columns when adjusted=True.
alpha360,alpha360_high_lag53,sequence_lag,360,"high, close",implemented_local,src/moneytree/factors/qlib.py,"shift(high, 53) / current_close - 1",moneytree.factors.qlib.build_alpha360_features,Price-like fields use adjusted columns when adjusted=True.
alpha360,alpha360_high_lag54,sequence_lag,360,"high, close",implemented_local,src/moneytree/factors/qlib.py,"shift(high, 54) / current_close - 1",moneytree.factors.qlib.build_alpha360_features,Price-like fields use adjusted columns when adjusted=True.
alpha360,alpha360_high_lag55,sequence_lag,360,"high, close",implemented_local,src/moneytree/factors/qlib.py,"shift(high, 55) / current_close - 1",moneytree.factors.qlib.build_alpha360_features,Price-like fields use adjusted columns when adjusted=True.
alpha360,alpha360_high_lag56,sequence_lag,360,"high, close",implemented_local,src/moneytree/factors/qlib.py,"shift(high, 56) / current_close - 1",moneytree.factors.qlib.build_alpha360_features,Price-like fields use adjusted columns when adjusted=True.
alpha360,alpha360_high_lag57,sequence_lag,360,"high, close",implemented_local,src/moneytree/factors/qlib.py,"shift(high, 57) / current_close - 1",moneytree.factors.qlib.build_alpha360_features,Price-like fields use adjusted columns when adjusted=True.
alpha360,alpha360_high_lag58,sequence_lag,360,"high, close",implemented_local,src/moneytree/factors/qlib.py,"shift(high, 58) / current_close - 1",moneytree.factors.qlib.build_alpha360_features,Price-like fields use adjusted columns when adjusted=True.
alpha360,alpha360_high_lag59,sequence_lag,360,"high, close",implemented_local,src/moneytree/factors/qlib.py,"shift(high, 59) / current_close - 1",moneytree.factors.qlib.build_alpha360_features,Price-like fields use adjusted columns when adjusted=True.
alpha360,alpha360_low_lag00,sequence_lag,360,"low, close",implemented_local,src/moneytree/factors/qlib.py,"shift(low, 0) / current_close - 1",moneytree.factors.qlib.build_alpha360_features,Price-like fields use adjusted columns when adjusted=True.
alpha360,alpha360_low_lag01,sequence_lag,360,"low, close",implemented_local,src/moneytree/factors/qlib.py,"shift(low, 1) / current_close - 1",moneytree.factors.qlib.build_alpha360_features,Price-like fields use adjusted columns when adjusted=True.
alpha360,alpha360_low_lag02,sequence_lag,360,"low, close",implemented_local,src/moneytree/factors/qlib.py,"shift(low, 2) / current_close - 1",moneytree.factors.qlib.build_alpha360_features,Price-like fields use adjusted columns when adjusted=True.
alpha360,alpha360_low_lag03,sequence_lag,360,"low, close",implemented_local,src/moneytree/factors/qlib.py,"shift(low, 3) / current_close - 1",moneytree.factors.qlib.build_alpha360_features,Price-like fields use adjusted columns when adjusted=True.
alpha360,alpha360_low_lag04,sequence_lag,360,"low, close",implemented_local,src/moneytree/factors/qlib.py,"shift(low, 4) / current_close - 1",moneytree.factors.qlib.build_alpha360_features,Price-like fields use adjusted columns when adjusted=True.
alpha360,alpha360_low_lag05,sequence_lag,360,"low, close",implemented_local,src/moneytree/factors/qlib.py,"shift(low, 5) / current_close - 1",moneytree.factors.qlib.build_alpha360_features,Price-like fields use adjusted columns when adjusted=True.
alpha360,alpha360_low_lag06,sequence_lag,360,"low, close",implemented_local,src/moneytree/factors/qlib.py,"shift(low, 6) / current_close - 1",moneytree.factors.qlib.build_alpha360_features,Price-like fields use adjusted columns when adjusted=True.
alpha360,alpha360_low_lag07,sequence_lag,360,"low, close",implemented_local,src/moneytree/factors/qlib.py,"shift(low, 7) / current_close - 1",moneytree.factors.qlib.build_alpha360_features,Price-like fields use adjusted columns when adjusted=True.
alpha360,alpha360_low_lag08,sequence_lag,360,"low, close",implemented_local,src/moneytree/factors/qlib.py,"shift(low, 8) / current_close - 1",moneytree.factors.qlib.build_alpha360_features,Price-like fields use adjusted columns when adjusted=True.
alpha360,alpha360_low_lag09,sequence_lag,360,"low, close",implemented_local,src/moneytree/factors/qlib.py,"shift(low, 9) / current_close - 1",moneytree.factors.qlib.build_alpha360_features,Price-like fields use adjusted columns when adjusted=True.
alpha360,alpha360_low_lag10,sequence_lag,360,"low, close",implemented_local,src/moneytree/factors/qlib.py,"shift(low, 10) / current_close - 1",moneytree.factors.qlib.build_alpha360_features,Price-like fields use adjusted columns when adjusted=True.
alpha360,alpha360_low_lag11,sequence_lag,360,"low, close",implemented_local,src/moneytree/factors/qlib.py,"shift(low, 11) / current_close - 1",moneytree.factors.qlib.build_alpha360_features,Price-like fields use adjusted columns when adjusted=True.
alpha360,alpha360_low_lag12,sequence_lag,360,"low, close",implemented_local,src/moneytree/factors/qlib.py,"shift(low, 12) / current_close - 1",moneytree.factors.qlib.build_alpha360_features,Price-like fields use adjusted columns when adjusted=True.
alpha360,alpha360_low_lag13,sequence_lag,360,"low, close",implemented_local,src/moneytree/factors/qlib.py,"shift(low, 13) / current_close - 1",moneytree.factors.qlib.build_alpha360_features,Price-like fields use adjusted columns when adjusted=True.
alpha360,alpha360_low_lag14,sequence_lag,360,"low, close",implemented_local,src/moneytree/factors/qlib.py,"shift(low, 14) / current_close - 1",moneytree.factors.qlib.build_alpha360_features,Price-like fields use adjusted columns when adjusted=True.
alpha360,alpha360_low_lag15,sequence_lag,360,"low, close",implemented_local,src/moneytree/factors/qlib.py,"shift(low, 15) / current_close - 1",moneytree.factors.qlib.build_alpha360_features,Price-like fields use adjusted columns when adjusted=True.
alpha360,alpha360_low_lag16,sequence_lag,360,"low, close",implemented_local,src/moneytree/factors/qlib.py,"shift(low, 16) / current_close - 1",moneytree.factors.qlib.build_alpha360_features,Price-like fields use adjusted columns when adjusted=True.
alpha360,alpha360_low_lag17,sequence_lag,360,"low, close",implemented_local,src/moneytree/factors/qlib.py,"shift(low, 17) / current_close - 1",moneytree.factors.qlib.build_alpha360_features,Price-like fields use adjusted columns when adjusted=True.
alpha360,alpha360_low_lag18,sequence_lag,360,"low, close",implemented_local,src/moneytree/factors/qlib.py,"shift(low, 18) / current_close - 1",moneytree.factors.qlib.build_alpha360_features,Price-like fields use adjusted columns when adjusted=True.
alpha360,alpha360_low_lag19,sequence_lag,360,"low, close",implemented_local,src/moneytree/factors/qlib.py,"shift(low, 19) / current_close - 1",moneytree.factors.qlib.build_alpha360_features,Price-like fields use adjusted columns when adjusted=True.
alpha360,alpha360_low_lag20,sequence_lag,360,"low, close",implemented_local,src/moneytree/factors/qlib.py,"shift(low, 20) / current_close - 1",moneytree.factors.qlib.build_alpha360_features,Price-like fields use adjusted columns when adjusted=True.
alpha360,alpha360_low_lag21,sequence_lag,360,"low, close",implemented_local,src/moneytree/factors/qlib.py,"shift(low, 21) / current_close - 1",moneytree.factors.qlib.build_alpha360_features,Price-like fields use adjusted columns when adjusted=True.
alpha360,alpha360_low_lag22,sequence_lag,360,"low, close",implemented_local,src/moneytree/factors/qlib.py,"shift(low, 22) / current_close - 1",moneytree.factors.qlib.build_alpha360_features,Price-like fields use adjusted columns when adjusted=True.
alpha360,alpha360_low_lag23,sequence_lag,360,"low, close",implemented_local,src/moneytree/factors/qlib.py,"shift(low, 23) / current_close - 1",moneytree.factors.qlib.build_alpha360_features,Price-like fields use adjusted columns when adjusted=True.
alpha360,alpha360_low_lag24,sequence_lag,360,"low, close",implemented_local,src/moneytree/factors/qlib.py,"shift(low, 24) / current_close - 1",moneytree.factors.qlib.build_alpha360_features,Price-like fields use adjusted columns when adjusted=True.
alpha360,alpha360_low_lag25,sequence_lag,360,"low, close",implemented_local,src/moneytree/factors/qlib.py,"shift(low, 25) / current_close - 1",moneytree.factors.qlib.build_alpha360_features,Price-like fields use adjusted columns when adjusted=True.
alpha360,alpha360_low_lag26,sequence_lag,360,"low, close",implemented_local,src/moneytree/factors/qlib.py,"shift(low, 26) / current_close - 1",moneytree.factors.qlib.build_alpha360_features,Price-like fields use adjusted columns when adjusted=True.
alpha360,alpha360_low_lag27,sequence_lag,360,"low, close",implemented_local,src/moneytree/factors/qlib.py,"shift(low, 27) / current_close - 1",moneytree.factors.qlib.build_alpha360_features,Price-like fields use adjusted columns when adjusted=True.
alpha360,alpha360_low_lag28,sequence_lag,360,"low, close",implemented_local,src/moneytree/factors/qlib.py,"shift(low, 28) / current_close - 1",moneytree.factors.qlib.build_alpha360_features,Price-like fields use adjusted columns when adjusted=True.
alpha360,alpha360_low_lag29,sequence_lag,360,"low, close",implemented_local,src/moneytree/factors/qlib.py,"shift(low, 29) / current_close - 1",moneytree.factors.qlib.build_alpha360_features,Price-like fields use adjusted columns when adjusted=True.
alpha360,alpha360_low_lag30,sequence_lag,360,"low, close",implemented_local,src/moneytree/factors/qlib.py,"shift(low, 30) / current_close - 1",moneytree.factors.qlib.build_alpha360_features,Price-like fields use adjusted columns when adjusted=True.
alpha360,alpha360_low_lag31,sequence_lag,360,"low, close",implemented_local,src/moneytree/factors/qlib.py,"shift(low, 31) / current_close - 1",moneytree.factors.qlib.build_alpha360_features,Price-like fields use adjusted columns when adjusted=True.
alpha360,alpha360_low_lag32,sequence_lag,360,"low, close",implemented_local,src/moneytree/factors/qlib.py,"shift(low, 32) / current_close - 1",moneytree.factors.qlib.build_alpha360_features,Price-like fields use adjusted columns when adjusted=True.
alpha360,alpha360_low_lag33,sequence_lag,360,"low, close",implemented_local,src/moneytree/factors/qlib.py,"shift(low, 33) / current_close - 1",moneytree.factors.qlib.build_alpha360_features,Price-like fields use adjusted columns when adjusted=True.
alpha360,alpha360_low_lag34,sequence_lag,360,"low, close",implemented_local,src/moneytree/factors/qlib.py,"shift(low, 34) / current_close - 1",moneytree.factors.qlib.build_alpha360_features,Price-like fields use adjusted columns when adjusted=True.
alpha360,alpha360_low_lag35,sequence_lag,360,"low, close",implemented_local,src/moneytree/factors/qlib.py,"shift(low, 35) / current_close - 1",moneytree.factors.qlib.build_alpha360_features,Price-like fields use adjusted columns when adjusted=True.
alpha360,alpha360_low_lag36,sequence_lag,360,"low, close",implemented_local,src/moneytree/factors/qlib.py,"shift(low, 36) / current_close - 1",moneytree.factors.qlib.build_alpha360_features,Price-like fields use adjusted columns when adjusted=True.
alpha360,alpha360_low_lag37,sequence_lag,360,"low, close",implemented_local,src/moneytree/factors/qlib.py,"shift(low, 37) / current_close - 1",moneytree.factors.qlib.build_alpha360_features,Price-like fields use adjusted columns when adjusted=True.
alpha360,alpha360_low_lag38,sequence_lag,360,"low, close",implemented_local,src/moneytree/factors/qlib.py,"shift(low, 38) / current_close - 1",moneytree.factors.qlib.build_alpha360_features,Price-like fields use adjusted columns when adjusted=True.
alpha360,alpha360_low_lag39,sequence_lag,360,"low, close",implemented_local,src/moneytree/factors/qlib.py,"shift(low, 39) / current_close - 1",moneytree.factors.qlib.build_alpha360_features,Price-like fields use adjusted columns when adjusted=True.
alpha360,alpha360_low_lag40,sequence_lag,360,"low, close",implemented_local,src/moneytree/factors/qlib.py,"shift(low, 40) / current_close - 1",moneytree.factors.qlib.build_alpha360_features,Price-like fields use adjusted columns when adjusted=True.
alpha360,alpha360_low_lag41,sequence_lag,360,"low, close",implemented_local,src/moneytree/factors/qlib.py,"shift(low, 41) / current_close - 1",moneytree.factors.qlib.build_alpha360_features,Price-like fields use adjusted columns when adjusted=True.
alpha360,alpha360_low_lag42,sequence_lag,360,"low, close",implemented_local,src/moneytree/factors/qlib.py,"shift(low, 42) / current_close - 1",moneytree.factors.qlib.build_alpha360_features,Price-like fields use adjusted columns when adjusted=True.
alpha360,alpha360_low_lag43,sequence_lag,360,"low, close",implemented_local,src/moneytree/factors/qlib.py,"shift(low, 43) / current_close - 1",moneytree.factors.qlib.build_alpha360_features,Price-like fields use adjusted columns when adjusted=True.
alpha360,alpha360_low_lag44,sequence_lag,360,"low, close",implemented_local,src/moneytree/factors/qlib.py,"shift(low, 44) / current_close - 1",moneytree.factors.qlib.build_alpha360_features,Price-like fields use adjusted columns when adjusted=True.
alpha360,alpha360_low_lag45,sequence_lag,360,"low, close",implemented_local,src/moneytree/factors/qlib.py,"shift(low, 45) / current_close - 1",moneytree.factors.qlib.build_alpha360_features,Price-like fields use adjusted columns when adjusted=True.
alpha360,alpha360_low_lag46,sequence_lag,360,"low, close",implemented_local,src/moneytree/factors/qlib.py,"shift(low, 46) / current_close - 1",moneytree.factors.qlib.build_alpha360_features,Price-like fields use adjusted columns when adjusted=True.
alpha360,alpha360_low_lag47,sequence_lag,360,"low, close",implemented_local,src/moneytree/factors/qlib.py,"shift(low, 47) / current_close - 1",moneytree.factors.qlib.build_alpha360_features,Price-like fields use adjusted columns when adjusted=True.
alpha360,alpha360_low_lag48,sequence_lag,360,"low, close",implemented_local,src/moneytree/factors/qlib.py,"shift(low, 48) / current_close - 1",moneytree.factors.qlib.build_alpha360_features,Price-like fields use adjusted columns when adjusted=True.
alpha360,alpha360_low_lag49,sequence_lag,360,"low, close",implemented_local,src/moneytree/factors/qlib.py,"shift(low, 49) / current_close - 1",moneytree.factors.qlib.build_alpha360_features,Price-like fields use adjusted columns when adjusted=True.
alpha360,alpha360_low_lag50,sequence_lag,360,"low, close",implemented_local,src/moneytree/factors/qlib.py,"shift(low, 50) / current_close - 1",moneytree.factors.qlib.build_alpha360_features,Price-like fields use adjusted columns when adjusted=True.
alpha360,alpha360_low_lag51,sequence_lag,360,"low, close",implemented_local,src/moneytree/factors/qlib.py,"shift(low, 51) / current_close - 1",moneytree.factors.qlib.build_alpha360_features,Price-like fields use adjusted columns when adjusted=True.
alpha360,alpha360_low_lag52,sequence_lag,360,"low, close",implemented_local,src/moneytree/factors/qlib.py,"shift(low, 52) / current_close - 1",moneytree.factors.qlib.build_alpha360_features,Price-like fields use adjusted columns when adjusted=True.
alpha360,alpha360_low_lag53,sequence_lag,360,"low, close",implemented_local,src/moneytree/factors/qlib.py,"shift(low, 53) / current_close - 1",moneytree.factors.qlib.build_alpha360_features,Price-like fields use adjusted columns when adjusted=True.
alpha360,alpha360_low_lag54,sequence_lag,360,"low, close",implemented_local,src/moneytree/factors/qlib.py,"shift(low, 54) / current_close - 1",moneytree.factors.qlib.build_alpha360_features,Price-like fields use adjusted columns when adjusted=True.
alpha360,alpha360_low_lag55,sequence_lag,360,"low, close",implemented_local,src/moneytree/factors/qlib.py,"shift(low, 55) / current_close - 1",moneytree.factors.qlib.build_alpha360_features,Price-like fields use adjusted columns when adjusted=True.
alpha360,alpha360_low_lag56,sequence_lag,360,"low, close",implemented_local,src/moneytree/factors/qlib.py,"shift(low, 56) / current_close - 1",moneytree.factors.qlib.build_alpha360_features,Price-like fields use adjusted columns when adjusted=True.
alpha360,alpha360_low_lag57,sequence_lag,360,"low, close",implemented_local,src/moneytree/factors/qlib.py,"shift(low, 57) / current_close - 1",moneytree.factors.qlib.build_alpha360_features,Price-like fields use adjusted columns when adjusted=True.
alpha360,alpha360_low_lag58,sequence_lag,360,"low, close",implemented_local,src/moneytree/factors/qlib.py,"shift(low, 58) / current_close - 1",moneytree.factors.qlib.build_alpha360_features,Price-like fields use adjusted columns when adjusted=True.
alpha360,alpha360_low_lag59,sequence_lag,360,"low, close",implemented_local,src/moneytree/factors/qlib.py,"shift(low, 59) / current_close - 1",moneytree.factors.qlib.build_alpha360_features,Price-like fields use adjusted columns when adjusted=True.
alpha360,alpha360_close_lag00,sequence_lag,360,"close, close",implemented_local,src/moneytree/factors/qlib.py,"shift(close, 0) / current_close - 1",moneytree.factors.qlib.build_alpha360_features,Price-like fields use adjusted columns when adjusted=True.
alpha360,alpha360_close_lag01,sequence_lag,360,"close, close",implemented_local,src/moneytree/factors/qlib.py,"shift(close, 1) / current_close - 1",moneytree.factors.qlib.build_alpha360_features,Price-like fields use adjusted columns when adjusted=True.
alpha360,alpha360_close_lag02,sequence_lag,360,"close, close",implemented_local,src/moneytree/factors/qlib.py,"shift(close, 2) / current_close - 1",moneytree.factors.qlib.build_alpha360_features,Price-like fields use adjusted columns when adjusted=True.
alpha360,alpha360_close_lag03,sequence_lag,360,"close, close",implemented_local,src/moneytree/factors/qlib.py,"shift(close, 3) / current_close - 1",moneytree.factors.qlib.build_alpha360_features,Price-like fields use adjusted columns when adjusted=True.
alpha360,alpha360_close_lag04,sequence_lag,360,"close, close",implemented_local,src/moneytree/factors/qlib.py,"shift(close, 4) / current_close - 1",moneytree.factors.qlib.build_alpha360_features,Price-like fields use adjusted columns when adjusted=True.
alpha360,alpha360_close_lag05,sequence_lag,360,"close, close",implemented_local,src/moneytree/factors/qlib.py,"shift(close, 5) / current_close - 1",moneytree.factors.qlib.build_alpha360_features,Price-like fields use adjusted columns when adjusted=True.
alpha360,alpha360_close_lag06,sequence_lag,360,"close, close",implemented_local,src/moneytree/factors/qlib.py,"shift(close, 6) / current_close - 1",moneytree.factors.qlib.build_alpha360_features,Price-like fields use adjusted columns when adjusted=True.
alpha360,alpha360_close_lag07,sequence_lag,360,"close, close",implemented_local,src/moneytree/factors/qlib.py,"shift(close, 7) / current_close - 1",moneytree.factors.qlib.build_alpha360_features,Price-like fields use adjusted columns when adjusted=True.
alpha360,alpha360_close_lag08,sequence_lag,360,"close, close",implemented_local,src/moneytree/factors/qlib.py,"shift(close, 8) / current_close - 1",moneytree.factors.qlib.build_alpha360_features,Price-like fields use adjusted columns when adjusted=True.
alpha360,alpha360_close_lag09,sequence_lag,360,"close, close",implemented_local,src/moneytree/factors/qlib.py,"shift(close, 9) / current_close - 1",moneytree.factors.qlib.build_alpha360_features,Price-like fields use adjusted columns when adjusted=True.
alpha360,alpha360_close_lag10,sequence_lag,360,"close, close",implemented_local,src/moneytree/factors/qlib.py,"shift(close, 10) / current_close - 1",moneytree.factors.qlib.build_alpha360_features,Price-like fields use adjusted columns when adjusted=True.
alpha360,alpha360_close_lag11,sequence_lag,360,"close, close",implemented_local,src/moneytree/factors/qlib.py,"shift(close, 11) / current_close - 1",moneytree.factors.qlib.build_alpha360_features,Price-like fields use adjusted columns when adjusted=True.
alpha360,alpha360_close_lag12,sequence_lag,360,"close, close",implemented_local,src/moneytree/factors/qlib.py,"shift(close, 12) / current_close - 1",moneytree.factors.qlib.build_alpha360_features,Price-like fields use adjusted columns when adjusted=True.
alpha360,alpha360_close_lag13,sequence_lag,360,"close, close",implemented_local,src/moneytree/factors/qlib.py,"shift(close, 13) / current_close - 1",moneytree.factors.qlib.build_alpha360_features,Price-like fields use adjusted columns when adjusted=True.
alpha360,alpha360_close_lag14,sequence_lag,360,"close, close",implemented_local,src/moneytree/factors/qlib.py,"shift(close, 14) / current_close - 1",moneytree.factors.qlib.build_alpha360_features,Price-like fields use adjusted columns when adjusted=True.
alpha360,alpha360_close_lag15,sequence_lag,360,"close, close",implemented_local,src/moneytree/factors/qlib.py,"shift(close, 15) / current_close - 1",moneytree.factors.qlib.build_alpha360_features,Price-like fields use adjusted columns when adjusted=True.
alpha360,alpha360_close_lag16,sequence_lag,360,"close, close",implemented_local,src/moneytree/factors/qlib.py,"shift(close, 16) / current_close - 1",moneytree.factors.qlib.build_alpha360_features,Price-like fields use adjusted columns when adjusted=True.
alpha360,alpha360_close_lag17,sequence_lag,360,"close, close",implemented_local,src/moneytree/factors/qlib.py,"shift(close, 17) / current_close - 1",moneytree.factors.qlib.build_alpha360_features,Price-like fields use adjusted columns when adjusted=True.
alpha360,alpha360_close_lag18,sequence_lag,360,"close, close",implemented_local,src/moneytree/factors/qlib.py,"shift(close, 18) / current_close - 1",moneytree.factors.qlib.build_alpha360_features,Price-like fields use adjusted columns when adjusted=True.
alpha360,alpha360_close_lag19,sequence_lag,360,"close, close",implemented_local,src/moneytree/factors/qlib.py,"shift(close, 19) / current_close - 1",moneytree.factors.qlib.build_alpha360_features,Price-like fields use adjusted columns when adjusted=True.
alpha360,alpha360_close_lag20,sequence_lag,360,"close, close",implemented_local,src/moneytree/factors/qlib.py,"shift(close, 20) / current_close - 1",moneytree.factors.qlib.build_alpha360_features,Price-like fields use adjusted columns when adjusted=True.
alpha360,alpha360_close_lag21,sequence_lag,360,"close, close",implemented_local,src/moneytree/factors/qlib.py,"shift(close, 21) / current_close - 1",moneytree.factors.qlib.build_alpha360_features,Price-like fields use adjusted columns when adjusted=True.
alpha360,alpha360_close_lag22,sequence_lag,360,"close, close",implemented_local,src/moneytree/factors/qlib.py,"shift(close, 22) / current_close - 1",moneytree.factors.qlib.build_alpha360_features,Price-like fields use adjusted columns when adjusted=True.
alpha360,alpha360_close_lag23,sequence_lag,360,"close, close",implemented_local,src/moneytree/factors/qlib.py,"shift(close, 23) / current_close - 1",moneytree.factors.qlib.build_alpha360_features,Price-like fields use adjusted columns when adjusted=True.
alpha360,alpha360_close_lag24,sequence_lag,360,"close, close",implemented_local,src/moneytree/factors/qlib.py,"shift(close, 24) / current_close - 1",moneytree.factors.qlib.build_alpha360_features,Price-like fields use adjusted columns when adjusted=True.
alpha360,alpha360_close_lag25,sequence_lag,360,"close, close",implemented_local,src/moneytree/factors/qlib.py,"shift(close, 25) / current_close - 1",moneytree.factors.qlib.build_alpha360_features,Price-like fields use adjusted columns when adjusted=True.
alpha360,alpha360_close_lag26,sequence_lag,360,"close, close",implemented_local,src/moneytree/factors/qlib.py,"shift(close, 26) / current_close - 1",moneytree.factors.qlib.build_alpha360_features,Price-like fields use adjusted columns when adjusted=True.
alpha360,alpha360_close_lag27,sequence_lag,360,"close, close",implemented_local,src/moneytree/factors/qlib.py,"shift(close, 27) / current_close - 1",moneytree.factors.qlib.build_alpha360_features,Price-like fields use adjusted columns when adjusted=True.
alpha360,alpha360_close_lag28,sequence_lag,360,"close, close",implemented_local,src/moneytree/factors/qlib.py,"shift(close, 28) / current_close - 1",moneytree.factors.qlib.build_alpha360_features,Price-like fields use adjusted columns when adjusted=True.
alpha360,alpha360_close_lag29,sequence_lag,360,"close, close",implemented_local,src/moneytree/factors/qlib.py,"shift(close, 29) / current_close - 1",moneytree.factors.qlib.build_alpha360_features,Price-like fields use adjusted columns when adjusted=True.
alpha360,alpha360_close_lag30,sequence_lag,360,"close, close",implemented_local,src/moneytree/factors/qlib.py,"shift(close, 30) / current_close - 1",moneytree.factors.qlib.build_alpha360_features,Price-like fields use adjusted columns when adjusted=True.
alpha360,alpha360_close_lag31,sequence_lag,360,"close, close",implemented_local,src/moneytree/factors/qlib.py,"shift(close, 31) / current_close - 1",moneytree.factors.qlib.build_alpha360_features,Price-like fields use adjusted columns when adjusted=True.
alpha360,alpha360_close_lag32,sequence_lag,360,"close, close",implemented_local,src/moneytree/factors/qlib.py,"shift(close, 32) / current_close - 1",moneytree.factors.qlib.build_alpha360_features,Price-like fields use adjusted columns when adjusted=True.
alpha360,alpha360_close_lag33,sequence_lag,360,"close, close",implemented_local,src/moneytree/factors/qlib.py,"shift(close, 33) / current_close - 1",moneytree.factors.qlib.build_alpha360_features,Price-like fields use adjusted columns when adjusted=True.
alpha360,alpha360_close_lag34,sequence_lag,360,"close, close",implemented_local,src/moneytree/factors/qlib.py,"shift(close, 34) / current_close - 1",moneytree.factors.qlib.build_alpha360_features,Price-like fields use adjusted columns when adjusted=True.
alpha360,alpha360_close_lag35,sequence_lag,360,"close, close",implemented_local,src/moneytree/factors/qlib.py,"shift(close, 35) / current_close - 1",moneytree.factors.qlib.build_alpha360_features,Price-like fields use adjusted columns when adjusted=True.
alpha360,alpha360_close_lag36,sequence_lag,360,"close, close",implemented_local,src/moneytree/factors/qlib.py,"shift(close, 36) / current_close - 1",moneytree.factors.qlib.build_alpha360_features,Price-like fields use adjusted columns when adjusted=True.
alpha360,alpha360_close_lag37,sequence_lag,360,"close, close",implemented_local,src/moneytree/factors/qlib.py,"shift(close, 37) / current_close - 1",moneytree.factors.qlib.build_alpha360_features,Price-like fields use adjusted columns when adjusted=True.
alpha360,alpha360_close_lag38,sequence_lag,360,"close, close",implemented_local,src/moneytree/factors/qlib.py,"shift(close, 38) / current_close - 1",moneytree.factors.qlib.build_alpha360_features,Price-like fields use adjusted columns when adjusted=True.
alpha360,alpha360_close_lag39,sequence_lag,360,"close, close",implemented_local,src/moneytree/factors/qlib.py,"shift(close, 39) / current_close - 1",moneytree.factors.qlib.build_alpha360_features,Price-like fields use adjusted columns when adjusted=True.
alpha360,alpha360_close_lag40,sequence_lag,360,"close, close",implemented_local,src/moneytree/factors/qlib.py,"shift(close, 40) / current_close - 1",moneytree.factors.qlib.build_alpha360_features,Price-like fields use adjusted columns when adjusted=True.
alpha360,alpha360_close_lag41,sequence_lag,360,"close, close",implemented_local,src/moneytree/factors/qlib.py,"shift(close, 41) / current_close - 1",moneytree.factors.qlib.build_alpha360_features,Price-like fields use adjusted columns when adjusted=True.
alpha360,alpha360_close_lag42,sequence_lag,360,"close, close",implemented_local,src/moneytree/factors/qlib.py,"shift(close, 42) / current_close - 1",moneytree.factors.qlib.build_alpha360_features,Price-like fields use adjusted columns when adjusted=True.
alpha360,alpha360_close_lag43,sequence_lag,360,"close, close",implemented_local,src/moneytree/factors/qlib.py,"shift(close, 43) / current_close - 1",moneytree.factors.qlib.build_alpha360_features,Price-like fields use adjusted columns when adjusted=True.
alpha360,alpha360_close_lag44,sequence_lag,360,"close, close",implemented_local,src/moneytree/factors/qlib.py,"shift(close, 44) / current_close - 1",moneytree.factors.qlib.build_alpha360_features,Price-like fields use adjusted columns when adjusted=True.
alpha360,alpha360_close_lag45,sequence_lag,360,"close, close",implemented_local,src/moneytree/factors/qlib.py,"shift(close, 45) / current_close - 1",moneytree.factors.qlib.build_alpha360_features,Price-like fields use adjusted columns when adjusted=True.
alpha360,alpha360_close_lag46,sequence_lag,360,"close, close",implemented_local,src/moneytree/factors/qlib.py,"shift(close, 46) / current_close - 1",moneytree.factors.qlib.build_alpha360_features,Price-like fields use adjusted columns when adjusted=True.
alpha360,alpha360_close_lag47,sequence_lag,360,"close, close",implemented_local,src/moneytree/factors/qlib.py,"shift(close, 47) / current_close - 1",moneytree.factors.qlib.build_alpha360_features,Price-like fields use adjusted columns when adjusted=True.
alpha360,alpha360_close_lag48,sequence_lag,360,"close, close",implemented_local,src/moneytree/factors/qlib.py,"shift(close, 48) / current_close - 1",moneytree.factors.qlib.build_alpha360_features,Price-like fields use adjusted columns when adjusted=True.
alpha360,alpha360_close_lag49,sequence_lag,360,"close, close",implemented_local,src/moneytree/factors/qlib.py,"shift(close, 49) / current_close - 1",moneytree.factors.qlib.build_alpha360_features,Price-like fields use adjusted columns when adjusted=True.
alpha360,alpha360_close_lag50,sequence_lag,360,"close, close",implemented_local,src/moneytree/factors/qlib.py,"shift(close, 50) / current_close - 1",moneytree.factors.qlib.build_alpha360_features,Price-like fields use adjusted columns when adjusted=True.
alpha360,alpha360_close_lag51,sequence_lag,360,"close, close",implemented_local,src/moneytree/factors/qlib.py,"shift(close, 51) / current_close - 1",moneytree.factors.qlib.build_alpha360_features,Price-like fields use adjusted columns when adjusted=True.
alpha360,alpha360_close_lag52,sequence_lag,360,"close, close",implemented_local,src/moneytree/factors/qlib.py,"shift(close, 52) / current_close - 1",moneytree.factors.qlib.build_alpha360_features,Price-like fields use adjusted columns when adjusted=True.
alpha360,alpha360_close_lag53,sequence_lag,360,"close, close",implemented_local,src/moneytree/factors/qlib.py,"shift(close, 53) / current_close - 1",moneytree.factors.qlib.build_alpha360_features,Price-like fields use adjusted columns when adjusted=True.
alpha360,alpha360_close_lag54,sequence_lag,360,"close, close",implemented_local,src/moneytree/factors/qlib.py,"shift(close, 54) / current_close - 1",moneytree.factors.qlib.build_alpha360_features,Price-like fields use adjusted columns when adjusted=True.
alpha360,alpha360_close_lag55,sequence_lag,360,"close, close",implemented_local,src/moneytree/factors/qlib.py,"shift(close, 55) / current_close - 1",moneytree.factors.qlib.build_alpha360_features,Price-like fields use adjusted columns when adjusted=True.
alpha360,alpha360_close_lag56,sequence_lag,360,"close, close",implemented_local,src/moneytree/factors/qlib.py,"shift(close, 56) / current_close - 1",moneytree.factors.qlib.build_alpha360_features,Price-like fields use adjusted columns when adjusted=True.
alpha360,alpha360_close_lag57,sequence_lag,360,"close, close",implemented_local,src/moneytree/factors/qlib.py,"shift(close, 57) / current_close - 1",moneytree.factors.qlib.build_alpha360_features,Price-like fields use adjusted columns when adjusted=True.
alpha360,alpha360_close_lag58,sequence_lag,360,"close, close",implemented_local,src/moneytree/factors/qlib.py,"shift(close, 58) / current_close - 1",moneytree.factors.qlib.build_alpha360_features,Price-like fields use adjusted columns when adjusted=True.
alpha360,alpha360_close_lag59,sequence_lag,360,"close, close",implemented_local,src/moneytree/factors/qlib.py,"shift(close, 59) / current_close - 1",moneytree.factors.qlib.build_alpha360_features,Price-like fields use adjusted columns when adjusted=True.
alpha360,alpha360_vwap_lag00,sequence_lag,360,"vwap, close",implemented_local,src/moneytree/factors/qlib.py,"shift(vwap, 0) / current_close - 1",moneytree.factors.qlib.build_alpha360_features,Price-like fields use adjusted columns when adjusted=True.
alpha360,alpha360_vwap_lag01,sequence_lag,360,"vwap, close",implemented_local,src/moneytree/factors/qlib.py,"shift(vwap, 1) / current_close - 1",moneytree.factors.qlib.build_alpha360_features,Price-like fields use adjusted columns when adjusted=True.
alpha360,alpha360_vwap_lag02,sequence_lag,360,"vwap, close",implemented_local,src/moneytree/factors/qlib.py,"shift(vwap, 2) / current_close - 1",moneytree.factors.qlib.build_alpha360_features,Price-like fields use adjusted columns when adjusted=True.
alpha360,alpha360_vwap_lag03,sequence_lag,360,"vwap, close",implemented_local,src/moneytree/factors/qlib.py,"shift(vwap, 3) / current_close - 1",moneytree.factors.qlib.build_alpha360_features,Price-like fields use adjusted columns when adjusted=True.
alpha360,alpha360_vwap_lag04,sequence_lag,360,"vwap, close",implemented_local,src/moneytree/factors/qlib.py,"shift(vwap, 4) / current_close - 1",moneytree.factors.qlib.build_alpha360_features,Price-like fields use adjusted columns when adjusted=True.
alpha360,alpha360_vwap_lag05,sequence_lag,360,"vwap, close",implemented_local,src/moneytree/factors/qlib.py,"shift(vwap, 5) / current_close - 1",moneytree.factors.qlib.build_alpha360_features,Price-like fields use adjusted columns when adjusted=True.
alpha360,alpha360_vwap_lag06,sequence_lag,360,"vwap, close",implemented_local,src/moneytree/factors/qlib.py,"shift(vwap, 6) / current_close - 1",moneytree.factors.qlib.build_alpha360_features,Price-like fields use adjusted columns when adjusted=True.
alpha360,alpha360_vwap_lag07,sequence_lag,360,"vwap, close",implemented_local,src/moneytree/factors/qlib.py,"shift(vwap, 7) / current_close - 1",moneytree.factors.qlib.build_alpha360_features,Price-like fields use adjusted columns when adjusted=True.
alpha360,alpha360_vwap_lag08,sequence_lag,360,"vwap, close",implemented_local,src/moneytree/factors/qlib.py,"shift(vwap, 8) / current_close - 1",moneytree.factors.qlib.build_alpha360_features,Price-like fields use adjusted columns when adjusted=True.
alpha360,alpha360_vwap_lag09,sequence_lag,360,"vwap, close",implemented_local,src/moneytree/factors/qlib.py,"shift(vwap, 9) / current_close - 1",moneytree.factors.qlib.build_alpha360_features,Price-like fields use adjusted columns when adjusted=True.
alpha360,alpha360_vwap_lag10,sequence_lag,360,"vwap, close",implemented_local,src/moneytree/factors/qlib.py,"shift(vwap, 10) / current_close - 1",moneytree.factors.qlib.build_alpha360_features,Price-like fields use adjusted columns when adjusted=True.
alpha360,alpha360_vwap_lag11,sequence_lag,360,"vwap, close",implemented_local,src/moneytree/factors/qlib.py,"shift(vwap, 11) / current_close - 1",moneytree.factors.qlib.build_alpha360_features,Price-like fields use adjusted columns when adjusted=True.
alpha360,alpha360_vwap_lag12,sequence_lag,360,"vwap, close",implemented_local,src/moneytree/factors/qlib.py,"shift(vwap, 12) / current_close - 1",moneytree.factors.qlib.build_alpha360_features,Price-like fields use adjusted columns when adjusted=True.
alpha360,alpha360_vwap_lag13,sequence_lag,360,"vwap, close",implemented_local,src/moneytree/factors/qlib.py,"shift(vwap, 13) / current_close - 1",moneytree.factors.qlib.build_alpha360_features,Price-like fields use adjusted columns when adjusted=True.
alpha360,alpha360_vwap_lag14,sequence_lag,360,"vwap, close",implemented_local,src/moneytree/factors/qlib.py,"shift(vwap, 14) / current_close - 1",moneytree.factors.qlib.build_alpha360_features,Price-like fields use adjusted columns when adjusted=True.
alpha360,alpha360_vwap_lag15,sequence_lag,360,"vwap, close",implemented_local,src/moneytree/factors/qlib.py,"shift(vwap, 15) / current_close - 1",moneytree.factors.qlib.build_alpha360_features,Price-like fields use adjusted columns when adjusted=True.
alpha360,alpha360_vwap_lag16,sequence_lag,360,"vwap, close",implemented_local,src/moneytree/factors/qlib.py,"shift(vwap, 16) / current_close - 1",moneytree.factors.qlib.build_alpha360_features,Price-like fields use adjusted columns when adjusted=True.
alpha360,alpha360_vwap_lag17,sequence_lag,360,"vwap, close",implemented_local,src/moneytree/factors/qlib.py,"shift(vwap, 17) / current_close - 1",moneytree.factors.qlib.build_alpha360_features,Price-like fields use adjusted columns when adjusted=True.
alpha360,alpha360_vwap_lag18,sequence_lag,360,"vwap, close",implemented_local,src/moneytree/factors/qlib.py,"shift(vwap, 18) / current_close - 1",moneytree.factors.qlib.build_alpha360_features,Price-like fields use adjusted columns when adjusted=True.
alpha360,alpha360_vwap_lag19,sequence_lag,360,"vwap, close",implemented_local,src/moneytree/factors/qlib.py,"shift(vwap, 19) / current_close - 1",moneytree.factors.qlib.build_alpha360_features,Price-like fields use adjusted columns when adjusted=True.
alpha360,alpha360_vwap_lag20,sequence_lag,360,"vwap, close",implemented_local,src/moneytree/factors/qlib.py,"shift(vwap, 20) / current_close - 1",moneytree.factors.qlib.build_alpha360_features,Price-like fields use adjusted columns when adjusted=True.
alpha360,alpha360_vwap_lag21,sequence_lag,360,"vwap, close",implemented_local,src/moneytree/factors/qlib.py,"shift(vwap, 21) / current_close - 1",moneytree.factors.qlib.build_alpha360_features,Price-like fields use adjusted columns when adjusted=True.
alpha360,alpha360_vwap_lag22,sequence_lag,360,"vwap, close",implemented_local,src/moneytree/factors/qlib.py,"shift(vwap, 22) / current_close - 1",moneytree.factors.qlib.build_alpha360_features,Price-like fields use adjusted columns when adjusted=True.
alpha360,alpha360_vwap_lag23,sequence_lag,360,"vwap, close",implemented_local,src/moneytree/factors/qlib.py,"shift(vwap, 23) / current_close - 1",moneytree.factors.qlib.build_alpha360_features,Price-like fields use adjusted columns when adjusted=True.
alpha360,alpha360_vwap_lag24,sequence_lag,360,"vwap, close",implemented_local,src/moneytree/factors/qlib.py,"shift(vwap, 24) / current_close - 1",moneytree.factors.qlib.build_alpha360_features,Price-like fields use adjusted columns when adjusted=True.
alpha360,alpha360_vwap_lag25,sequence_lag,360,"vwap, close",implemented_local,src/moneytree/factors/qlib.py,"shift(vwap, 25) / current_close - 1",moneytree.factors.qlib.build_alpha360_features,Price-like fields use adjusted columns when adjusted=True.
alpha360,alpha360_vwap_lag26,sequence_lag,360,"vwap, close",implemented_local,src/moneytree/factors/qlib.py,"shift(vwap, 26) / current_close - 1",moneytree.factors.qlib.build_alpha360_features,Price-like fields use adjusted columns when adjusted=True.
alpha360,alpha360_vwap_lag27,sequence_lag,360,"vwap, close",implemented_local,src/moneytree/factors/qlib.py,"shift(vwap, 27) / current_close - 1",moneytree.factors.qlib.build_alpha360_features,Price-like fields use adjusted columns when adjusted=True.
alpha360,alpha360_vwap_lag28,sequence_lag,360,"vwap, close",implemented_local,src/moneytree/factors/qlib.py,"shift(vwap, 28) / current_close - 1",moneytree.factors.qlib.build_alpha360_features,Price-like fields use adjusted columns when adjusted=True.
alpha360,alpha360_vwap_lag29,sequence_lag,360,"vwap, close",implemented_local,src/moneytree/factors/qlib.py,"shift(vwap, 29) / current_close - 1",moneytree.factors.qlib.build_alpha360_features,Price-like fields use adjusted columns when adjusted=True.
alpha360,alpha360_vwap_lag30,sequence_lag,360,"vwap, close",implemented_local,src/moneytree/factors/qlib.py,"shift(vwap, 30) / current_close - 1",moneytree.factors.qlib.build_alpha360_features,Price-like fields use adjusted columns when adjusted=True.
alpha360,alpha360_vwap_lag31,sequence_lag,360,"vwap, close",implemented_local,src/moneytree/factors/qlib.py,"shift(vwap, 31) / current_close - 1",moneytree.factors.qlib.build_alpha360_features,Price-like fields use adjusted columns when adjusted=True.
alpha360,alpha360_vwap_lag32,sequence_lag,360,"vwap, close",implemented_local,src/moneytree/factors/qlib.py,"shift(vwap, 32) / current_close - 1",moneytree.factors.qlib.build_alpha360_features,Price-like fields use adjusted columns when adjusted=True.
alpha360,alpha360_vwap_lag33,sequence_lag,360,"vwap, close",implemented_local,src/moneytree/factors/qlib.py,"shift(vwap, 33) / current_close - 1",moneytree.factors.qlib.build_alpha360_features,Price-like fields use adjusted columns when adjusted=True.
alpha360,alpha360_vwap_lag34,sequence_lag,360,"vwap, close",implemented_local,src/moneytree/factors/qlib.py,"shift(vwap, 34) / current_close - 1",moneytree.factors.qlib.build_alpha360_features,Price-like fields use adjusted columns when adjusted=True.
alpha360,alpha360_vwap_lag35,sequence_lag,360,"vwap, close",implemented_local,src/moneytree/factors/qlib.py,"shift(vwap, 35) / current_close - 1",moneytree.factors.qlib.build_alpha360_features,Price-like fields use adjusted columns when adjusted=True.
alpha360,alpha360_vwap_lag36,sequence_lag,360,"vwap, close",implemented_local,src/moneytree/factors/qlib.py,"shift(vwap, 36) / current_close - 1",moneytree.factors.qlib.build_alpha360_features,Price-like fields use adjusted columns when adjusted=True.
alpha360,alpha360_vwap_lag37,sequence_lag,360,"vwap, close",implemented_local,src/moneytree/factors/qlib.py,"shift(vwap, 37) / current_close - 1",moneytree.factors.qlib.build_alpha360_features,Price-like fields use adjusted columns when adjusted=True.
alpha360,alpha360_vwap_lag38,sequence_lag,360,"vwap, close",implemented_local,src/moneytree/factors/qlib.py,"shift(vwap, 38) / current_close - 1",moneytree.factors.qlib.build_alpha360_features,Price-like fields use adjusted columns when adjusted=True.
alpha360,alpha360_vwap_lag39,sequence_lag,360,"vwap, close",implemented_local,src/moneytree/factors/qlib.py,"shift(vwap, 39) / current_close - 1",moneytree.factors.qlib.build_alpha360_features,Price-like fields use adjusted columns when adjusted=True.
alpha360,alpha360_vwap_lag40,sequence_lag,360,"vwap, close",implemented_local,src/moneytree/factors/qlib.py,"shift(vwap, 40) / current_close - 1",moneytree.factors.qlib.build_alpha360_features,Price-like fields use adjusted columns when adjusted=True.
alpha360,alpha360_vwap_lag41,sequence_lag,360,"vwap, close",implemented_local,src/moneytree/factors/qlib.py,"shift(vwap, 41) / current_close - 1",moneytree.factors.qlib.build_alpha360_features,Price-like fields use adjusted columns when adjusted=True.
alpha360,alpha360_vwap_lag42,sequence_lag,360,"vwap, close",implemented_local,src/moneytree/factors/qlib.py,"shift(vwap, 42) / current_close - 1",moneytree.factors.qlib.build_alpha360_features,Price-like fields use adjusted columns when adjusted=True.
alpha360,alpha360_vwap_lag43,sequence_lag,360,"vwap, close",implemented_local,src/moneytree/factors/qlib.py,"shift(vwap, 43) / current_close - 1",moneytree.factors.qlib.build_alpha360_features,Price-like fields use adjusted columns when adjusted=True.
alpha360,alpha360_vwap_lag44,sequence_lag,360,"vwap, close",implemented_local,src/moneytree/factors/qlib.py,"shift(vwap, 44) / current_close - 1",moneytree.factors.qlib.build_alpha360_features,Price-like fields use adjusted columns when adjusted=True.
alpha360,alpha360_vwap_lag45,sequence_lag,360,"vwap, close",implemented_local,src/moneytree/factors/qlib.py,"shift(vwap, 45) / current_close - 1",moneytree.factors.qlib.build_alpha360_features,Price-like fields use adjusted columns when adjusted=True.
alpha360,alpha360_vwap_lag46,sequence_lag,360,"vwap, close",implemented_local,src/moneytree/factors/qlib.py,"shift(vwap, 46) / current_close - 1",moneytree.factors.qlib.build_alpha360_features,Price-like fields use adjusted columns when adjusted=True.
alpha360,alpha360_vwap_lag47,sequence_lag,360,"vwap, close",implemented_local,src/moneytree/factors/qlib.py,"shift(vwap, 47) / current_close - 1",moneytree.factors.qlib.build_alpha360_features,Price-like fields use adjusted columns when adjusted=True.
alpha360,alpha360_vwap_lag48,sequence_lag,360,"vwap, close",implemented_local,src/moneytree/factors/qlib.py,"shift(vwap, 48) / current_close - 1",moneytree.factors.qlib.build_alpha360_features,Price-like fields use adjusted columns when adjusted=True.
alpha360,alpha360_vwap_lag49,sequence_lag,360,"vwap, close",implemented_local,src/moneytree/factors/qlib.py,"shift(vwap, 49) / current_close - 1",moneytree.factors.qlib.build_alpha360_features,Price-like fields use adjusted columns when adjusted=True.
alpha360,alpha360_vwap_lag50,sequence_lag,360,"vwap, close",implemented_local,src/moneytree/factors/qlib.py,"shift(vwap, 50) / current_close - 1",moneytree.factors.qlib.build_alpha360_features,Price-like fields use adjusted columns when adjusted=True.
alpha360,alpha360_vwap_lag51,sequence_lag,360,"vwap, close",implemented_local,src/moneytree/factors/qlib.py,"shift(vwap, 51) / current_close - 1",moneytree.factors.qlib.build_alpha360_features,Price-like fields use adjusted columns when adjusted=True.
alpha360,alpha360_vwap_lag52,sequence_lag,360,"vwap, close",implemented_local,src/moneytree/factors/qlib.py,"shift(vwap, 52) / current_close - 1",moneytree.factors.qlib.build_alpha360_features,Price-like fields use adjusted columns when adjusted=True.
alpha360,alpha360_vwap_lag53,sequence_lag,360,"vwap, close",implemented_local,src/moneytree/factors/qlib.py,"shift(vwap, 53) / current_close - 1",moneytree.factors.qlib.build_alpha360_features,Price-like fields use adjusted columns when adjusted=True.
alpha360,alpha360_vwap_lag54,sequence_lag,360,"vwap, close",implemented_local,src/moneytree/factors/qlib.py,"shift(vwap, 54) / current_close - 1",moneytree.factors.qlib.build_alpha360_features,Price-like fields use adjusted columns when adjusted=True.
alpha360,alpha360_vwap_lag55,sequence_lag,360,"vwap, close",implemented_local,src/moneytree/factors/qlib.py,"shift(vwap, 55) / current_close - 1",moneytree.factors.qlib.build_alpha360_features,Price-like fields use adjusted columns when adjusted=True.
alpha360,alpha360_vwap_lag56,sequence_lag,360,"vwap, close",implemented_local,src/moneytree/factors/qlib.py,"shift(vwap, 56) / current_close - 1",moneytree.factors.qlib.build_alpha360_features,Price-like fields use adjusted columns when adjusted=True.
alpha360,alpha360_vwap_lag57,sequence_lag,360,"vwap, close",implemented_local,src/moneytree/factors/qlib.py,"shift(vwap, 57) / current_close - 1",moneytree.factors.qlib.build_alpha360_features,Price-like fields use adjusted columns when adjusted=True.
alpha360,alpha360_vwap_lag58,sequence_lag,360,"vwap, close",implemented_local,src/moneytree/factors/qlib.py,"shift(vwap, 58) / current_close - 1",moneytree.factors.qlib.build_alpha360_features,Price-like fields use adjusted columns when adjusted=True.
alpha360,alpha360_vwap_lag59,sequence_lag,360,"vwap, close",implemented_local,src/moneytree/factors/qlib.py,"shift(vwap, 59) / current_close - 1",moneytree.factors.qlib.build_alpha360_features,Price-like fields use adjusted columns when adjusted=True.
alpha360,alpha360_volume_lag00,sequence_lag,360,volume,implemented_local,src/moneytree/factors/qlib.py,"shift(volume, 0) / current_volume - 1",moneytree.factors.qlib.build_alpha360_features,"Volume is always raw volume, not adjusted."
alpha360,alpha360_volume_lag01,sequence_lag,360,volume,implemented_local,src/moneytree/factors/qlib.py,"shift(volume, 1) / current_volume - 1",moneytree.factors.qlib.build_alpha360_features,"Volume is always raw volume, not adjusted."
alpha360,alpha360_volume_lag02,sequence_lag,360,volume,implemented_local,src/moneytree/factors/qlib.py,"shift(volume, 2) / current_volume - 1",moneytree.factors.qlib.build_alpha360_features,"Volume is always raw volume, not adjusted."
alpha360,alpha360_volume_lag03,sequence_lag,360,volume,implemented_local,src/moneytree/factors/qlib.py,"shift(volume, 3) / current_volume - 1",moneytree.factors.qlib.build_alpha360_features,"Volume is always raw volume, not adjusted."
alpha360,alpha360_volume_lag04,sequence_lag,360,volume,implemented_local,src/moneytree/factors/qlib.py,"shift(volume, 4) / current_volume - 1",moneytree.factors.qlib.build_alpha360_features,"Volume is always raw volume, not adjusted."
alpha360,alpha360_volume_lag05,sequence_lag,360,volume,implemented_local,src/moneytree/factors/qlib.py,"shift(volume, 5) / current_volume - 1",moneytree.factors.qlib.build_alpha360_features,"Volume is always raw volume, not adjusted."
alpha360,alpha360_volume_lag06,sequence_lag,360,volume,implemented_local,src/moneytree/factors/qlib.py,"shift(volume, 6) / current_volume - 1",moneytree.factors.qlib.build_alpha360_features,"Volume is always raw volume, not adjusted."
alpha360,alpha360_volume_lag07,sequence_lag,360,volume,implemented_local,src/moneytree/factors/qlib.py,"shift(volume, 7) / current_volume - 1",moneytree.factors.qlib.build_alpha360_features,"Volume is always raw volume, not adjusted."
alpha360,alpha360_volume_lag08,sequence_lag,360,volume,implemented_local,src/moneytree/factors/qlib.py,"shift(volume, 8) / current_volume - 1",moneytree.factors.qlib.build_alpha360_features,"Volume is always raw volume, not adjusted."
alpha360,alpha360_volume_lag09,sequence_lag,360,volume,implemented_local,src/moneytree/factors/qlib.py,"shift(volume, 9) / current_volume - 1",moneytree.factors.qlib.build_alpha360_features,"Volume is always raw volume, not adjusted."
alpha360,alpha360_volume_lag10,sequence_lag,360,volume,implemented_local,src/moneytree/factors/qlib.py,"shift(volume, 10) / current_volume - 1",moneytree.factors.qlib.build_alpha360_features,"Volume is always raw volume, not adjusted."
alpha360,alpha360_volume_lag11,sequence_lag,360,volume,implemented_local,src/moneytree/factors/qlib.py,"shift(volume, 11) / current_volume - 1",moneytree.factors.qlib.build_alpha360_features,"Volume is always raw volume, not adjusted."
alpha360,alpha360_volume_lag12,sequence_lag,360,volume,implemented_local,src/moneytree/factors/qlib.py,"shift(volume, 12) / current_volume - 1",moneytree.factors.qlib.build_alpha360_features,"Volume is always raw volume, not adjusted."
alpha360,alpha360_volume_lag13,sequence_lag,360,volume,implemented_local,src/moneytree/factors/qlib.py,"shift(volume, 13) / current_volume - 1",moneytree.factors.qlib.build_alpha360_features,"Volume is always raw volume, not adjusted."
alpha360,alpha360_volume_lag14,sequence_lag,360,volume,implemented_local,src/moneytree/factors/qlib.py,"shift(volume, 14) / current_volume - 1",moneytree.factors.qlib.build_alpha360_features,"Volume is always raw volume, not adjusted."
alpha360,alpha360_volume_lag15,sequence_lag,360,volume,implemented_local,src/moneytree/factors/qlib.py,"shift(volume, 15) / current_volume - 1",moneytree.factors.qlib.build_alpha360_features,"Volume is always raw volume, not adjusted."
alpha360,alpha360_volume_lag16,sequence_lag,360,volume,implemented_local,src/moneytree/factors/qlib.py,"shift(volume, 16) / current_volume - 1",moneytree.factors.qlib.build_alpha360_features,"Volume is always raw volume, not adjusted."
alpha360,alpha360_volume_lag17,sequence_lag,360,volume,implemented_local,src/moneytree/factors/qlib.py,"shift(volume, 17) / current_volume - 1",moneytree.factors.qlib.build_alpha360_features,"Volume is always raw volume, not adjusted."
alpha360,alpha360_volume_lag18,sequence_lag,360,volume,implemented_local,src/moneytree/factors/qlib.py,"shift(volume, 18) / current_volume - 1",moneytree.factors.qlib.build_alpha360_features,"Volume is always raw volume, not adjusted."
alpha360,alpha360_volume_lag19,sequence_lag,360,volume,implemented_local,src/moneytree/factors/qlib.py,"shift(volume, 19) / current_volume - 1",moneytree.factors.qlib.build_alpha360_features,"Volume is always raw volume, not adjusted."
alpha360,alpha360_volume_lag20,sequence_lag,360,volume,implemented_local,src/moneytree/factors/qlib.py,"shift(volume, 20) / current_volume - 1",moneytree.factors.qlib.build_alpha360_features,"Volume is always raw volume, not adjusted."
alpha360,alpha360_volume_lag21,sequence_lag,360,volume,implemented_local,src/moneytree/factors/qlib.py,"shift(volume, 21) / current_volume - 1",moneytree.factors.qlib.build_alpha360_features,"Volume is always raw volume, not adjusted."
alpha360,alpha360_volume_lag22,sequence_lag,360,volume,implemented_local,src/moneytree/factors/qlib.py,"shift(volume, 22) / current_volume - 1",moneytree.factors.qlib.build_alpha360_features,"Volume is always raw volume, not adjusted."
alpha360,alpha360_volume_lag23,sequence_lag,360,volume,implemented_local,src/moneytree/factors/qlib.py,"shift(volume, 23) / current_volume - 1",moneytree.factors.qlib.build_alpha360_features,"Volume is always raw volume, not adjusted."
alpha360,alpha360_volume_lag24,sequence_lag,360,volume,implemented_local,src/moneytree/factors/qlib.py,"shift(volume, 24) / current_volume - 1",moneytree.factors.qlib.build_alpha360_features,"Volume is always raw volume, not adjusted."
alpha360,alpha360_volume_lag25,sequence_lag,360,volume,implemented_local,src/moneytree/factors/qlib.py,"shift(volume, 25) / current_volume - 1",moneytree.factors.qlib.build_alpha360_features,"Volume is always raw volume, not adjusted."
alpha360,alpha360_volume_lag26,sequence_lag,360,volume,implemented_local,src/moneytree/factors/qlib.py,"shift(volume, 26) / current_volume - 1",moneytree.factors.qlib.build_alpha360_features,"Volume is always raw volume, not adjusted."
alpha360,alpha360_volume_lag27,sequence_lag,360,volume,implemented_local,src/moneytree/factors/qlib.py,"shift(volume, 27) / current_volume - 1",moneytree.factors.qlib.build_alpha360_features,"Volume is always raw volume, not adjusted."
alpha360,alpha360_volume_lag28,sequence_lag,360,volume,implemented_local,src/moneytree/factors/qlib.py,"shift(volume, 28) / current_volume - 1",moneytree.factors.qlib.build_alpha360_features,"Volume is always raw volume, not adjusted."
alpha360,alpha360_volume_lag29,sequence_lag,360,volume,implemented_local,src/moneytree/factors/qlib.py,"shift(volume, 29) / current_volume - 1",moneytree.factors.qlib.build_alpha360_features,"Volume is always raw volume, not adjusted."
alpha360,alpha360_volume_lag30,sequence_lag,360,volume,implemented_local,src/moneytree/factors/qlib.py,"shift(volume, 30) / current_volume - 1",moneytree.factors.qlib.build_alpha360_features,"Volume is always raw volume, not adjusted."
alpha360,alpha360_volume_lag31,sequence_lag,360,volume,implemented_local,src/moneytree/factors/qlib.py,"shift(volume, 31) / current_volume - 1",moneytree.factors.qlib.build_alpha360_features,"Volume is always raw volume, not adjusted."
alpha360,alpha360_volume_lag32,sequence_lag,360,volume,implemented_local,src/moneytree/factors/qlib.py,"shift(volume, 32) / current_volume - 1",moneytree.factors.qlib.build_alpha360_features,"Volume is always raw volume, not adjusted."
alpha360,alpha360_volume_lag33,sequence_lag,360,volume,implemented_local,src/moneytree/factors/qlib.py,"shift(volume, 33) / current_volume - 1",moneytree.factors.qlib.build_alpha360_features,"Volume is always raw volume, not adjusted."
alpha360,alpha360_volume_lag34,sequence_lag,360,volume,implemented_local,src/moneytree/factors/qlib.py,"shift(volume, 34) / current_volume - 1",moneytree.factors.qlib.build_alpha360_features,"Volume is always raw volume, not adjusted."
alpha360,alpha360_volume_lag35,sequence_lag,360,volume,implemented_local,src/moneytree/factors/qlib.py,"shift(volume, 35) / current_volume - 1",moneytree.factors.qlib.build_alpha360_features,"Volume is always raw volume, not adjusted."
alpha360,alpha360_volume_lag36,sequence_lag,360,volume,implemented_local,src/moneytree/factors/qlib.py,"shift(volume, 36) / current_volume - 1",moneytree.factors.qlib.build_alpha360_features,"Volume is always raw volume, not adjusted."
alpha360,alpha360_volume_lag37,sequence_lag,360,volume,implemented_local,src/moneytree/factors/qlib.py,"shift(volume, 37) / current_volume - 1",moneytree.factors.qlib.build_alpha360_features,"Volume is always raw volume, not adjusted."
alpha360,alpha360_volume_lag38,sequence_lag,360,volume,implemented_local,src/moneytree/factors/qlib.py,"shift(volume, 38) / current_volume - 1",moneytree.factors.qlib.build_alpha360_features,"Volume is always raw volume, not adjusted."
alpha360,alpha360_volume_lag39,sequence_lag,360,volume,implemented_local,src/moneytree/factors/qlib.py,"shift(volume, 39) / current_volume - 1",moneytree.factors.qlib.build_alpha360_features,"Volume is always raw volume, not adjusted."
alpha360,alpha360_volume_lag40,sequence_lag,360,volume,implemented_local,src/moneytree/factors/qlib.py,"shift(volume, 40) / current_volume - 1",moneytree.factors.qlib.build_alpha360_features,"Volume is always raw volume, not adjusted."
alpha360,alpha360_volume_lag41,sequence_lag,360,volume,implemented_local,src/moneytree/factors/qlib.py,"shift(volume, 41) / current_volume - 1",moneytree.factors.qlib.build_alpha360_features,"Volume is always raw volume, not adjusted."
alpha360,alpha360_volume_lag42,sequence_lag,360,volume,implemented_local,src/moneytree/factors/qlib.py,"shift(volume, 42) / current_volume - 1",moneytree.factors.qlib.build_alpha360_features,"Volume is always raw volume, not adjusted."
alpha360,alpha360_volume_lag43,sequence_lag,360,volume,implemented_local,src/moneytree/factors/qlib.py,"shift(volume, 43) / current_volume - 1",moneytree.factors.qlib.build_alpha360_features,"Volume is always raw volume, not adjusted."
alpha360,alpha360_volume_lag44,sequence_lag,360,volume,implemented_local,src/moneytree/factors/qlib.py,"shift(volume, 44) / current_volume - 1",moneytree.factors.qlib.build_alpha360_features,"Volume is always raw volume, not adjusted."
alpha360,alpha360_volume_lag45,sequence_lag,360,volume,implemented_local,src/moneytree/factors/qlib.py,"shift(volume, 45) / current_volume - 1",moneytree.factors.qlib.build_alpha360_features,"Volume is always raw volume, not adjusted."
alpha360,alpha360_volume_lag46,sequence_lag,360,volume,implemented_local,src/moneytree/factors/qlib.py,"shift(volume, 46) / current_volume - 1",moneytree.factors.qlib.build_alpha360_features,"Volume is always raw volume, not adjusted."
alpha360,alpha360_volume_lag47,sequence_lag,360,volume,implemented_local,src/moneytree/factors/qlib.py,"shift(volume, 47) / current_volume - 1",moneytree.factors.qlib.build_alpha360_features,"Volume is always raw volume, not adjusted."
alpha360,alpha360_volume_lag48,sequence_lag,360,volume,implemented_local,src/moneytree/factors/qlib.py,"shift(volume, 48) / current_volume - 1",moneytree.factors.qlib.build_alpha360_features,"Volume is always raw volume, not adjusted."
alpha360,alpha360_volume_lag49,sequence_lag,360,volume,implemented_local,src/moneytree/factors/qlib.py,"shift(volume, 49) / current_volume - 1",moneytree.factors.qlib.build_alpha360_features,"Volume is always raw volume, not adjusted."
alpha360,alpha360_volume_lag50,sequence_lag,360,volume,implemented_local,src/moneytree/factors/qlib.py,"shift(volume, 50) / current_volume - 1",moneytree.factors.qlib.build_alpha360_features,"Volume is always raw volume, not adjusted."
alpha360,alpha360_volume_lag51,sequence_lag,360,volume,implemented_local,src/moneytree/factors/qlib.py,"shift(volume, 51) / current_volume - 1",moneytree.factors.qlib.build_alpha360_features,"Volume is always raw volume, not adjusted."
alpha360,alpha360_volume_lag52,sequence_lag,360,volume,implemented_local,src/moneytree/factors/qlib.py,"shift(volume, 52) / current_volume - 1",moneytree.factors.qlib.build_alpha360_features,"Volume is always raw volume, not adjusted."
alpha360,alpha360_volume_lag53,sequence_lag,360,volume,implemented_local,src/moneytree/factors/qlib.py,"shift(volume, 53) / current_volume - 1",moneytree.factors.qlib.build_alpha360_features,"Volume is always raw volume, not adjusted."
alpha360,alpha360_volume_lag54,sequence_lag,360,volume,implemented_local,src/moneytree/factors/qlib.py,"shift(volume, 54) / current_volume - 1",moneytree.factors.qlib.build_alpha360_features,"Volume is always raw volume, not adjusted."
alpha360,alpha360_volume_lag55,sequence_lag,360,volume,implemented_local,src/moneytree/factors/qlib.py,"shift(volume, 55) / current_volume - 1",moneytree.factors.qlib.build_alpha360_features,"Volume is always raw volume, not adjusted."
alpha360,alpha360_volume_lag56,sequence_lag,360,volume,implemented_local,src/moneytree/factors/qlib.py,"shift(volume, 56) / current_volume - 1",moneytree.factors.qlib.build_alpha360_features,"Volume is always raw volume, not adjusted."
alpha360,alpha360_volume_lag57,sequence_lag,360,volume,implemented_local,src/moneytree/factors/qlib.py,"shift(volume, 57) / current_volume - 1",moneytree.factors.qlib.build_alpha360_features,"Volume is always raw volume, not adjusted."
alpha360,alpha360_volume_lag58,sequence_lag,360,volume,implemented_local,src/moneytree/factors/qlib.py,"shift(volume, 58) / current_volume - 1",moneytree.factors.qlib.build_alpha360_features,"Volume is always raw volume, not adjusted."
alpha360,alpha360_volume_lag59,sequence_lag,360,volume,implemented_local,src/moneytree/factors/qlib.py,"shift(volume, 59) / current_volume - 1",moneytree.factors.qlib.build_alpha360_features,"Volume is always raw volume, not adjusted."
